# tag, weight, width (pixels), height(pixels)
# last tag is white space (fake)
#repeated for various fontsizes
acho, 1, 28, 15 
amigo, 0, 31, 11 
ator, 0, 20, 11 
assim, 0, 29, 11 
arte, 0, 20, 11 
agora, 0, 30, 11 
amor, 0, 25, 11 
brasil, 0, 27, 11 
boa, 0, 20, 11 
bruno, 0, 30, 11 
blog, 0, 22, 11 
brasileiro, 0, 46, 11 
cultura, 0, 35, 11 
cinema, 9, 117, 38 
castro, 0, 31, 11 
cara, 0, 22, 11 
comunidade, 0, 62, 11 
conta, 0, 29, 11 
Como, 2, 43, 17 
casa, 0, 24, 11 
dica, 0, 21, 11 
duas, 0, 25, 11 
dele, 0, 22, 11 
etica, 0, 25, 11 
esperança, 0, 62, 11 
esporte, 0, 39, 11 
esses, 0, 30, 11 
escandalo, 0, 53, 11 
extra, 0, 26, 11 
fotos, 0, 26, 11 
fome, 0, 25, 11 
floripa, 0, 32, 11 
filmes, 1, 35, 15 
foram, 0, 29, 11 
filme, 6, 60, 30 
flickr, 0, 23, 11 
fundo, 0, 30, 11 
familia, 0, 33, 11 
fazer, 0, 26, 11 
fica, 0, 18, 11 
final, 0, 22, 11 
governo, 1, 46, 15 
gente, 0, 30, 11 
google, 0, 35, 11 
gugol, 0, 29, 11 
historia, 1, 42, 15 
historias, 0, 43, 11 
ilha, 0, 18, 11 
independente, 0, 71, 11 
isso, 0, 20, 11 
internet, 0, 39, 11 
jogo, 0, 22, 11 
lixo, 0, 17, 11 
literatura, 0, 45, 11 
letras, 0, 28, 11 
livros, 1, 31, 15 
livro, 1, 24, 15 
lula, 1, 20, 15 
Mundo, 0, 35, 11 
mapa, 0, 28, 11 
muito, 0, 28, 11 
marcello, 0, 42, 11 
malta, 0, 28, 11 
miguelices, 0, 53, 11 
musica, 0, 35, 11 
minha, 0, 31, 11 
mulher, 0, 34, 11 
mesa, 0, 27, 11 
milton, 0, 30, 11 
natal, 0, 26, 11 
nome, 0, 28, 11 
nova, 0, 25, 11 
nomes, 0, 34, 11 
pais, 0, 21, 11 
pela, 0, 22, 11 
pois, 0, 21, 11 
pessoas, 0, 43, 11 
premio, 0, 34, 11 
povo, 0, 25, 11 
politica, 0, 36, 11 
pecas, 0, 31, 11 
revista, 0, 34, 11 
seios, 0, 27, 11 
sonho, 0, 32, 11 
santos, 0, 34, 11 
tudo, 0, 23, 11 
ter, 0, 14, 11 
tempo, 3, 50, 20 
tou, 0, 17, 11 
trabalho, 1, 46, 15 
tempos, 0, 37, 11 
tem, 0, 19, 11 
terra, 0, 24, 11 
viagem, 0, 36, 11 
voce, 1, 28, 15 
vivo, 0, 20, 11 
Vida, 2, 33, 17 
vira, 0, 18, 11 
xadrez, 0, 34, 11 
your, 0, 22, 11 
 , -1, 4, 16 
acho, 1, 31, 11 
amigo, 0, 34, 10 
ator, 0, 24, 10 
assim, 0, 34, 10 
arte, 0, 24, 10 
agora, 0, 33, 10 
amor, 0, 28, 10 
brasil, 0, 34, 10 
boa, 0, 21, 10 
bruno, 0, 33, 10 
blog, 0, 25, 10 
brasileiro, 0, 57, 10 
cultura, 0, 42, 10 
cinema, 9, 171, 36 
castro, 0, 38, 10 
cara, 0, 26, 10 
comunidade, 0, 69, 10 
conta, 0, 33, 10 
Como, 2, 46, 15 
casa, 0, 28, 10 
dica, 0, 25, 10 
duas, 0, 28, 10 
dele, 0, 25, 10 
etica, 0, 30, 10 
esperança, 0, 69, 10 
esporte, 0, 45, 10 
esses, 0, 35, 10 
escandalo, 0, 60, 10 
extra, 0, 31, 10 
fotos, 0, 31, 10 
fome, 0, 28, 10 
floripa, 0, 39, 10 
filmes, 1, 38, 11 
foram, 0, 33, 10 
filme, 6, 91, 27 
flickr, 0, 32, 10 
fundo, 0, 33, 10 
familia, 0, 40, 10 
fazer, 0, 31, 10 
fica, 0, 23, 10 
final, 0, 27, 10 
governo, 1, 52, 11 
gente, 0, 33, 10 
google, 0, 39, 10 
gugol, 0, 32, 10 
historia, 1, 49, 11 
historias, 0, 53, 10 
ilha, 0, 22, 10 
independente, 0, 79, 10 
isso, 0, 25, 10 
internet, 0, 47, 10 
jogo, 0, 25, 10 
lixo, 0, 22, 10 
literatura, 0, 56, 10 
letras, 0, 35, 10 
livros, 1, 35, 11 
livro, 1, 28, 11 
lula, 1, 24, 11 
Mundo, 0, 37, 10 
mapa, 0, 30, 10 
muito, 0, 32, 10 
marcello, 0, 50, 10 
malta, 0, 32, 10 
miguelices, 0, 63, 10 
musica, 0, 41, 10 
minha, 0, 34, 10 
mulher, 0, 39, 10 
mesa, 0, 30, 10 
milton, 0, 36, 10 
natal, 0, 30, 10 
nome, 0, 30, 10 
nova, 0, 28, 10 
nomes, 0, 37, 10 
pais, 0, 25, 10 
pela, 0, 25, 10 
pois, 0, 25, 10 
pessoas, 0, 49, 10 
premio, 0, 39, 10 
povo, 0, 28, 10 
politica, 0, 45, 10 
pecas, 0, 35, 10 
revista, 0, 42, 10 
seios, 0, 32, 10 
sonho, 0, 35, 10 
santos, 0, 40, 10 
tudo, 0, 26, 10 
ter, 0, 17, 10 
tempo, 3, 64, 17 
tou, 0, 19, 10 
trabalho, 1, 54, 11 
tempos, 0, 42, 10 
tem, 0, 21, 10 
terra, 0, 29, 10 
viagem, 0, 41, 10 
voce, 1, 30, 11 
vivo, 0, 25, 10 
Vida, 2, 38, 15 
vira, 0, 23, 10 
xadrez, 0, 40, 10 
your, 0, 26, 10 
 , -1, 4, 16 
acho, 1, 26, 16 
amigo, 0, 30, 14 
ator, 0, 18, 14 
assim, 0, 28, 14 
arte, 0, 18, 14 
agora, 0, 28, 14 
amor, 0, 25, 14 
brasil, 0, 25, 14 
boa, 0, 19, 14 
bruno, 0, 28, 14 
blog, 0, 21, 14 
brasileiro, 0, 43, 14 
cultura, 0, 31, 14 
cinema, 9, 115, 44 
castro, 0, 28, 14 
cara, 0, 21, 14 
comunidade, 0, 60, 14 
conta, 0, 26, 14 
Como, 2, 37, 19 
casa, 0, 23, 14 
dica, 0, 20, 14 
duas, 0, 24, 14 
dele, 0, 21, 14 
etica, 0, 22, 14 
esperança, 0, 59, 14 
esporte, 0, 35, 14 
esses, 0, 28, 14 
escandalo, 0, 50, 14 
extra, 0, 23, 14 
fotos, 0, 22, 14 
fome, 0, 24, 14 
floripa, 0, 28, 14 
filmes, 1, 30, 16 
foram, 0, 27, 14 
filme, 6, 56, 33 
flickr, 0, 20, 14 
fundo, 0, 27, 14 
familia, 0, 30, 14 
fazer, 0, 23, 14 
fica, 0, 16, 14 
final, 0, 19, 14 
governo, 1, 44, 16 
gente, 0, 27, 14 
google, 0, 33, 14 
gugol, 0, 27, 14 
historia, 1, 36, 16 
historias, 0, 39, 14 
ilha, 0, 17, 14 
independente, 0, 66, 14 
isso, 0, 19, 14 
internet, 0, 35, 14 
jogo, 0, 21, 14 
lixo, 0, 16, 14 
literatura, 0, 40, 14 
letras, 0, 25, 14 
livros, 1, 26, 16 
livro, 1, 20, 16 
lula, 1, 17, 16 
Mundo, 0, 34, 14 
mapa, 0, 28, 14 
muito, 0, 26, 14 
marcello, 0, 41, 14 
malta, 0, 26, 14 
miguelices, 0, 51, 14 
musica, 0, 34, 14 
minha, 0, 30, 14 
mulher, 0, 33, 14 
mesa, 0, 27, 14 
milton, 0, 28, 14 
natal, 0, 23, 14 
nome, 0, 28, 14 
nova, 0, 24, 14 
nomes, 0, 33, 14 
pais, 0, 20, 14 
pela, 0, 21, 14 
pois, 0, 20, 14 
pessoas, 0, 40, 14 
premio, 0, 33, 14 
povo, 0, 24, 14 
politica, 0, 33, 14 
pecas, 0, 29, 14 
revista, 0, 30, 14 
seios, 0, 25, 14 
sonho, 0, 30, 14 
santos, 0, 31, 14 
tudo, 0, 21, 14 
ter, 0, 12, 14 
tempo, 3, 46, 22 
tou, 0, 15, 14 
trabalho, 1, 42, 16 
tempos, 0, 35, 14 
tem, 0, 18, 14 
terra, 0, 21, 14 
viagem, 0, 35, 14 
voce, 1, 25, 16 
vivo, 0, 19, 14 
Vida, 2, 26, 19 
vira, 0, 17, 14 
xadrez, 0, 32, 14 
your, 0, 21, 14 
 , -1, 4, 16 
