# tag, weight, width (pixels), height(pixels)
# last tag is white space (fake)
#repeated for various fontsizes
about, 2, 40, 17 
angel, 0, 29, 11 
abundance, 0, 58, 11 
asexual, 0, 40, 11 
breasts, 0, 38, 11 
body, 2, 35, 17 
breast, 0, 32, 11 
best, 0, 22, 11 
better, 0, 30, 11 
borat, 0, 27, 11 
bond, 0, 26, 11 
beauty, 0, 35, 11 
book, 0, 25, 11 
casanova, 0, 49, 11 
chemicals, 0, 50, 11 
cortisol, 2, 51, 17 
celebrity, 0, 43, 11 
carbs, 0, 28, 11 
chamonix, 0, 48, 11 
come, 0, 27, 11 
dialogue, 0, 44, 11 
Energy, 1, 41, 15 
exercises, 0, 48, 11 
exercise, 0, 42, 11 
Female, 0, 37, 11 
friends, 0, 35, 11 
flirting, 0, 31, 11 
first, 1, 22, 15 
flute, 0, 23, 11 
french, 0, 32, 11 
film, 0, 17, 11 
focus, 0, 28, 11 
group, 0, 30, 11 
girl, 0, 15, 11 
good, 0, 26, 11 
Green, 0, 32, 11 
girls, 0, 21, 11 
help, 0, 22, 11 
hair, 0, 19, 11 
holiday, 0, 37, 11 
intensity, 0, 43, 11 
imagine, 0, 40, 11 
idea, 0, 22, 11 
kiss, 0, 19, 11 
kissing, 0, 35, 11 
lips, 0, 17, 11 
love, 1, 24, 15 
life, 1, 17, 15 
legs, 0, 21, 11 
Movie, 0, 30, 11 
muscles, 0, 41, 11 
masturbation, 0, 66, 11 
mermaid, 0, 43, 11 
model, 0, 31, 11 
male, 0, 24, 11 
mouth, 0, 32, 11 
note, 0, 23, 11 
Next, 0, 23, 11 
Other, 1, 32, 15 
orgasm, 0, 37, 11 
penis, 0, 28, 11 
pleasure, 0, 44, 11 
psyche, 0, 36, 11 
photo, 0, 30, 11 
people, 1, 38, 15 
partner, 0, 37, 11 
practice, 1, 46, 15 
protein, 0, 36, 11 
play, 0, 21, 11 
relationship, 0, 59, 11 
read, 0, 23, 11 
reason, 0, 35, 11 
show, 0, 26, 11 
still, 0, 17, 11 
sexual, 1, 38, 15 
stocking, 0, 42, 11 
small, 0, 26, 11 
sleep, 0, 28, 11 
supplements, 0, 65, 11 
stress, 0, 30, 11 
tattoo, 0, 30, 11 
toys, 0, 21, 11 
tantra, 2, 40, 17 
training, 0, 38, 11 
time, 1, 25, 15 
tattoos, 0, 36, 11 
train, 0, 23, 11 
think, 0, 25, 11 
vibrators, 0, 44, 11 
vibrators, 0, 44, 11 
venus, 0, 31, 11 
voice, 0, 27, 11 
women, 3, 58, 20 
where, 0, 31, 11 
world, 0, 27, 11 
workout, 0, 40, 11 
woman, 0, 36, 11 
well, 0, 19, 11 
work, 0, 23, 11 
your, 9, 74, 38 
 , -1, 4, 16 
about, 2, 47, 15 
angel, 0, 32, 10 
abundance, 0, 63, 10 
asexual, 0, 46, 10 
breasts, 0, 45, 10 
body, 2, 40, 15 
breast, 0, 38, 10 
best, 0, 26, 10 
better, 0, 36, 10 
borat, 0, 31, 10 
bond, 0, 28, 10 
beauty, 0, 40, 10 
book, 0, 28, 10 
casanova, 0, 56, 10 
chemicals, 0, 59, 10 
cortisol, 2, 66, 15 
celebrity, 0, 53, 10 
carbs, 0, 33, 10 
chamonix, 0, 55, 10 
come, 0, 30, 10 
dialogue, 0, 50, 10 
Energy, 1, 45, 11 
exercises, 0, 58, 10 
exercise, 0, 51, 10 
Female, 0, 41, 10 
friends, 0, 42, 10 
flirting, 0, 41, 10 
first, 1, 26, 11 
flute, 0, 28, 10 
french, 0, 38, 10 
film, 0, 22, 10 
focus, 0, 33, 10 
group, 0, 33, 10 
girl, 0, 20, 10 
good, 0, 28, 10 
Green, 0, 35, 10 
girls, 0, 27, 10 
help, 0, 25, 10 
hair, 0, 23, 10 
holiday, 0, 43, 10 
intensity, 0, 53, 10 
imagine, 0, 45, 10 
idea, 0, 25, 10 
kiss, 0, 25, 10 
kissing, 0, 43, 10 
lips, 0, 22, 10 
love, 1, 27, 11 
life, 1, 21, 11 
legs, 0, 25, 10 
Movie, 0, 34, 10 
muscles, 0, 48, 10 
masturbation, 0, 77, 10 
mermaid, 0, 48, 10 
model, 0, 34, 10 
male, 0, 27, 10 
mouth, 0, 35, 10 
note, 0, 26, 10 
Next, 0, 27, 10 
Other, 1, 36, 11 
orgasm, 0, 42, 10 
penis, 0, 32, 10 
pleasure, 0, 51, 10 
psyche, 0, 42, 10 
photo, 0, 33, 10 
people, 1, 44, 11 
partner, 0, 43, 10 
practice, 1, 52, 11 
protein, 0, 42, 10 
play, 0, 25, 10 
relationship, 0, 71, 10 
read, 0, 26, 10 
reason, 0, 40, 10 
show, 0, 29, 10 
still, 0, 24, 10 
sexual, 1, 42, 11 
stocking, 0, 51, 10 
small, 0, 31, 10 
sleep, 0, 32, 10 
supplements, 0, 74, 10 
stress, 0, 38, 10 
tattoo, 0, 36, 10 
toys, 0, 26, 10 
tantra, 2, 51, 15 
training, 0, 46, 10 
time, 1, 27, 11 
tattoos, 0, 43, 10 
train, 0, 28, 10 
think, 0, 30, 10 
vibrators, 0, 54, 10 
vibrators, 0, 54, 10 
venus, 0, 35, 10 
voice, 0, 32, 10 
women, 3, 72, 17 
where, 0, 34, 10 
world, 0, 31, 10 
workout, 0, 46, 10 
woman, 0, 38, 10 
well, 0, 23, 10 
work, 0, 27, 10 
your, 9, 110, 36 
 , -1, 4, 16 
about, 2, 32, 19 
angel, 0, 27, 14 
abundance, 0, 55, 14 
asexual, 0, 37, 14 
breasts, 0, 34, 14 
body, 2, 29, 19 
breast, 0, 29, 14 
best, 0, 20, 14 
better, 0, 26, 14 
borat, 0, 24, 14 
bond, 0, 25, 14 
beauty, 0, 32, 14 
book, 0, 24, 14 
casanova, 0, 47, 14 
chemicals, 0, 48, 14 
cortisol, 2, 41, 19 
celebrity, 0, 39, 14 
carbs, 0, 26, 14 
chamonix, 0, 47, 14 
come, 0, 27, 14 
dialogue, 0, 42, 14 
Energy, 1, 38, 16 
exercises, 0, 45, 14 
exercise, 0, 40, 14 
Female, 0, 36, 14 
friends, 0, 31, 14 
flirting, 0, 27, 14 
first, 1, 17, 16 
flute, 0, 19, 14 
french, 0, 29, 14 
film, 0, 16, 14 
focus, 0, 25, 14 
group, 0, 28, 14 
girl, 0, 14, 14 
good, 0, 25, 14 
Green, 0, 30, 14 
girls, 0, 19, 14 
help, 0, 21, 14 
hair, 0, 18, 14 
holiday, 0, 34, 14 
intensity, 0, 38, 14 
imagine, 0, 38, 14 
idea, 0, 21, 14 
kiss, 0, 18, 14 
kissing, 0, 32, 14 
lips, 0, 16, 14 
love, 1, 21, 16 
life, 1, 13, 16 
legs, 0, 20, 14 
Movie, 0, 29, 14 
muscles, 0, 39, 14 
masturbation, 0, 61, 14 
mermaid, 0, 42, 14 
model, 0, 30, 14 
male, 0, 24, 14 
mouth, 0, 30, 14 
note, 0, 21, 14 
Next, 0, 22, 14 
Other, 1, 30, 16 
orgasm, 0, 36, 14 
penis, 0, 26, 14 
pleasure, 0, 42, 14 
psyche, 0, 34, 14 
photo, 0, 27, 14 
people, 1, 36, 16 
partner, 0, 33, 14 
practice, 1, 40, 16 
protein, 0, 32, 14 
play, 0, 20, 14 
relationship, 0, 54, 14 
read, 0, 22, 14 
reason, 0, 33, 14 
show, 0, 26, 14 
still, 0, 14, 14 
sexual, 1, 34, 16 
stocking, 0, 39, 14 
small, 0, 25, 14 
sleep, 0, 26, 14 
supplements, 0, 61, 14 
stress, 0, 27, 14 
tattoo, 0, 25, 14 
toys, 0, 19, 14 
tantra, 2, 32, 19 
training, 0, 35, 14 
time, 1, 22, 16 
tattoos, 0, 30, 14 
train, 0, 20, 14 
think, 0, 22, 14 
vibrators, 0, 40, 14 
vibrators, 0, 40, 14 
venus, 0, 29, 14 
voice, 0, 25, 14 
women, 3, 54, 22 
where, 0, 30, 14 
world, 0, 26, 14 
workout, 0, 37, 14 
woman, 0, 36, 14 
well, 0, 19, 14 
work, 0, 23, 14 
your, 9, 68, 44 
 , -1, 4, 16 
