# tag, weight, width (pixels), height(pixels)
# last tag is white space (fake)
#repeated for various fontsizes
about, 9, 93, 38 
audience, 0, 47, 11 
american, 0, 46, 11 
advertisers, 0, 56, 11 
america, 0, 40, 11 
advertising, 0, 56, 11 
blog, 2, 31, 17 
blogging, 0, 44, 11 
bloggers, 2, 62, 17 
blogger, 0, 39, 11 
better, 0, 30, 11 
business, 1, 52, 15 
books, 0, 31, 11 
broadcast, 0, 51, 11 
bbc, 0, 19, 11 
blogs, 1, 31, 15 
believe, 0, 37, 11 
culture, 0, 35, 11 
china, 0, 28, 11 
community, 0, 54, 11 
crowd, 0, 30, 11 
conversation, 1, 74, 15 
come, 0, 27, 11 
cable, 0, 28, 11 
citizen, 0, 33, 11 
content, 1, 43, 15 
davos, 0, 31, 11 
davos, 0, 31, 11 
death, 0, 30, 11 
dell, 1, 20, 15 
editor, 0, 29, 11 
editorial, 1, 45, 15 
future, 0, 30, 11 
first, 0, 19, 11 
free, 0, 20, 11 
gates, 0, 29, 11 
good, 1, 28, 15 
Guardian, 1, 52, 15 
google, 1, 38, 15 
help, 0, 22, 11 
human, 0, 35, 11 
islam, 0, 26, 11 
internet, 2, 53, 17 
iraq, 0, 19, 11 
information, 0, 57, 11 
journalism, 5, 107, 27 
journalists, 1, 59, 15 
jarvis, 0, 26, 11 
journalist, 0, 46, 11 
king, 0, 21, 11 
life, 0, 15, 11 
local, 0, 24, 11 
london, 0, 35, 11 
magazines, 0, 55, 11 
money, 0, 34, 11 
media, 8, 93, 36 
myspace, 0, 45, 11 
marketing, 0, 50, 11 
network, 0, 40, 11 
newspapers, 2, 87, 17 
news, 7, 73, 32 
Other, 1, 32, 15 
Opinion, 0, 40, 11 
online, 1, 34, 15 
people, 5, 70, 27 
party, 0, 26, 11 
public, 1, 34, 15 
print, 0, 23, 11 
pope, 0, 26, 11 
policy, 0, 29, 11 
post, 0, 22, 11 
pope, 0, 26, 11 
reason, 0, 35, 11 
religion, 0, 37, 11 
school, 0, 33, 11 
service, 0, 36, 11 
still, 1, 20, 15 
story, 0, 25, 11 
show, 0, 26, 11 
social, 0, 29, 11 
Stories, 0, 36, 11 
search, 0, 34, 11 
speech, 0, 37, 11 
site, 0, 18, 11 
small, 0, 26, 11 
think, 0, 25, 11 
television, 0, 48, 11 
video, 4, 52, 23 
videos, 0, 33, 11 
violence, 0, 42, 11 
voice, 1, 31, 15 
Writing, 0, 35, 11 
writers, 0, 33, 11 
world, 2, 39, 17 
where, 1, 34, 15 
work, 0, 23, 11 
well, 0, 19, 11 
your, 1, 25, 15 
york, 0, 21, 11 
youTube, 2, 63, 17 
 , -1, 4, 16 
about, 9, 139, 36 
audience, 0, 53, 10 
american, 0, 53, 10 
advertisers, 0, 68, 10 
america, 0, 46, 10 
advertising, 0, 67, 10 
blog, 2, 36, 15 
blogging, 0, 50, 10 
bloggers, 2, 73, 15 
blogger, 0, 44, 10 
better, 0, 36, 10 
business, 1, 57, 11 
books, 0, 35, 10 
broadcast, 0, 59, 10 
bbc, 0, 21, 10 
blogs, 1, 35, 11 
believe, 0, 43, 10 
culture, 0, 42, 10 
china, 0, 32, 10 
community, 0, 62, 10 
crowd, 0, 34, 10 
conversation, 1, 83, 11 
come, 0, 30, 10 
cable, 0, 32, 10 
citizen, 0, 41, 10 
content, 1, 49, 11 
davos, 0, 35, 10 
davos, 0, 35, 10 
death, 0, 33, 10 
dell, 1, 24, 11 
editor, 0, 35, 10 
editorial, 1, 54, 11 
future, 0, 36, 10 
first, 0, 26, 10 
free, 0, 24, 10 
gates, 0, 33, 10 
good, 1, 32, 11 
Guardian, 1, 59, 11 
google, 1, 44, 11 
help, 0, 25, 10 
human, 0, 37, 10 
islam, 0, 31, 10 
internet, 2, 67, 15 
iraq, 0, 23, 10 
information, 0, 67, 10 
journalism, 5, 168, 23 
journalists, 1, 68, 11 
jarvis, 0, 34, 10 
journalist, 0, 57, 10 
king, 0, 25, 10 
life, 0, 20, 10 
local, 0, 29, 10 
london, 0, 39, 10 
magazines, 0, 62, 10 
money, 0, 37, 10 
media, 8, 129, 32 
myspace, 0, 51, 10 
marketing, 0, 58, 10 
network, 0, 46, 10 
newspapers, 2, 99, 15 
news, 7, 96, 30 
Other, 1, 36, 11 
Opinion, 0, 45, 10 
online, 1, 40, 11 
people, 5, 105, 23 
party, 0, 31, 10 
public, 1, 39, 11 
print, 0, 28, 10 
pope, 0, 28, 10 
policy, 0, 36, 10 
post, 0, 26, 10 
pope, 0, 28, 10 
reason, 0, 40, 10 
religion, 0, 45, 10 
school, 0, 39, 10 
service, 0, 44, 10 
still, 1, 24, 11 
story, 0, 31, 10 
show, 0, 29, 10 
social, 0, 36, 10 
Stories, 0, 43, 10 
search, 0, 40, 10 
speech, 0, 42, 10 
site, 0, 23, 10 
small, 0, 31, 10 
think, 0, 30, 10 
television, 0, 59, 10 
video, 4, 68, 20 
videos, 0, 39, 10 
violence, 0, 50, 10 
voice, 1, 34, 11 
Writing, 0, 42, 10 
writers, 0, 41, 10 
world, 2, 45, 15 
where, 1, 38, 11 
work, 0, 27, 10 
well, 0, 23, 10 
your, 1, 28, 11 
york, 0, 26, 10 
youTube, 2, 71, 15 
 , -1, 4, 16 
about, 9, 88, 44 
audience, 0, 45, 14 
american, 0, 45, 14 
advertisers, 0, 51, 14 
america, 0, 38, 14 
advertising, 0, 51, 14 
blog, 2, 24, 19 
blogging, 0, 42, 14 
bloggers, 2, 50, 19 
blogger, 0, 36, 14 
better, 0, 26, 14 
business, 1, 46, 16 
books, 0, 29, 14 
broadcast, 0, 47, 14 
bbc, 0, 18, 14 
blogs, 1, 28, 16 
believe, 0, 34, 14 
culture, 0, 31, 14 
china, 0, 26, 14 
community, 0, 52, 14 
crowd, 0, 29, 14 
conversation, 1, 67, 16 
come, 0, 27, 14 
cable, 0, 26, 14 
citizen, 0, 29, 14 
content, 1, 39, 16 
davos, 0, 29, 14 
davos, 0, 29, 14 
death, 0, 27, 14 
dell, 1, 17, 16 
editor, 0, 26, 14 
editorial, 1, 39, 16 
future, 0, 26, 14 
first, 0, 15, 14 
free, 0, 18, 14 
gates, 0, 26, 14 
good, 1, 27, 16 
Guardian, 1, 49, 16 
google, 1, 36, 16 
help, 0, 21, 14 
human, 0, 34, 14 
islam, 0, 25, 14 
internet, 2, 42, 19 
iraq, 0, 18, 14 
information, 0, 52, 14 
journalism, 5, 114, 31 
journalists, 1, 51, 16 
jarvis, 0, 24, 14 
journalist, 0, 42, 14 
king, 0, 20, 14 
life, 0, 13, 14 
local, 0, 22, 14 
london, 0, 33, 14 
magazines, 0, 53, 14 
money, 0, 33, 14 
media, 8, 92, 41 
myspace, 0, 43, 14 
marketing, 0, 47, 14 
network, 0, 37, 14 
newspapers, 2, 72, 19 
news, 7, 73, 38 
Other, 1, 30, 16 
Opinion, 0, 37, 14 
online, 1, 31, 16 
people, 5, 78, 31 
party, 0, 23, 14 
public, 1, 30, 16 
print, 0, 20, 14 
pope, 0, 25, 14 
policy, 0, 27, 14 
post, 0, 20, 14 
pope, 0, 25, 14 
reason, 0, 33, 14 
religion, 0, 35, 14 
school, 0, 31, 14 
service, 0, 33, 14 
still, 1, 14, 16 
story, 0, 22, 14 
show, 0, 26, 14 
social, 0, 27, 14 
Stories, 0, 32, 14 
search, 0, 32, 14 
speech, 0, 35, 14 
site, 0, 16, 14 
small, 0, 25, 14 
think, 0, 22, 14 
television, 0, 44, 14 
video, 4, 42, 25 
videos, 0, 31, 14 
violence, 0, 40, 14 
voice, 1, 27, 16 
Writing, 0, 32, 14 
writers, 0, 30, 14 
world, 2, 31, 19 
where, 1, 33, 16 
work, 0, 23, 14 
well, 0, 19, 14 
your, 1, 23, 16 
york, 0, 20, 14 
youTube, 2, 51, 19 
 , -1, 4, 16 
