# tag, weight, width (pixels), height(pixels)
# last tag is white space (fake)
#repeated for various fontsizes
2006, 0, 26, 11 
apple, 1, 31, 15 
afghanistan, 0, 61, 11 
about, 4, 54, 23 
application, 0, 56, 11 
arbitrary, 0, 42, 11 
buzz, 0, 24, 11 
better, 0, 30, 11 
brand, 0, 30, 11 
business, 2, 64, 17 
board, 0, 30, 11 
believe, 0, 37, 11 
books, 1, 35, 15 
blog, 2, 31, 17 
blogs, 0, 28, 11 
contact, 0, 38, 11 
computer, 0, 47, 11 
contacts, 0, 43, 11 
career, 0, 32, 11 
country, 0, 38, 11 
california, 0, 46, 11 
called, 0, 30, 11 
care, 0, 22, 11 
database, 0, 48, 11 
data, 0, 23, 11 
digg, 0, 22, 11 
email, 1, 31, 15 
evdo, 0, 25, 11 
entrepreneurship, 0, 88, 11 
entrepreneur, 0, 66, 11 
evangelism, 0, 57, 11 
entrepreneurs, 0, 72, 11 
free, 0, 20, 11 
first, 1, 22, 15 
Family, 0, 32, 11 
good, 2, 36, 17 
google, 0, 35, 11 
girls, 0, 21, 11 
help, 0, 22, 11 
honda, 0, 33, 11 
information, 1, 64, 15 
ideas, 0, 28, 11 
interview, 0, 45, 11 
idea, 0, 22, 11 
jigsaw, 1, 36, 15 
jajah, 3, 38, 20 
jobs, 0, 21, 11 
kabul, 0, 28, 11 
kawasaki, 0, 46, 11 
leather, 0, 36, 11 
learn, 0, 26, 11 
love, 0, 21, 11 
life, 0, 15, 11 
minnesota, 0, 53, 11 
macintosh, 0, 52, 11 
mobile, 1, 38, 15 
media, 0, 31, 11 
majora, 0, 34, 11 
Management, 1, 75, 15 
members, 0, 46, 11 
money, 0, 34, 11 
marketing, 4, 94, 23 
Other, 0, 29, 11 
online, 0, 31, 11 
pitch, 0, 25, 11 
Pictures, 0, 41, 11 
people, 7, 94, 32 
passion, 0, 40, 11 
phone, 1, 35, 15 
resume, 1, 43, 15 
reference, 0, 49, 11 
resumes, 0, 43, 11 
radio, 0, 26, 11 
spreadsheet, 0, 64, 11 
show, 0, 26, 11 
school, 1, 38, 15 
sales, 2, 38, 17 
search, 0, 34, 11 
source, 0, 34, 11 
support, 0, 39, 11 
social, 0, 29, 11 
silicon, 0, 32, 11 
Software, 1, 51, 15 
services, 0, 41, 11 
travel, 0, 28, 11 
trump, 1, 33, 15 
technology, 0, 56, 11 
techcrunch, 0, 56, 11 
technorati, 0, 51, 11 
trademark, 5, 107, 27 
trademarks, 1, 65, 15 
valley, 0, 29, 11 
women, 0, 36, 11 
woman, 0, 36, 11 
where, 0, 31, 11 
world, 1, 30, 15 
work, 1, 27, 15 
well, 0, 19, 11 
yahoo, 2, 44, 17 
your, 9, 74, 38 
 , -1, 4, 16 
2006, 0, 28, 10 
apple, 1, 36, 11 
afghanistan, 0, 70, 10 
about, 4, 70, 20 
application, 0, 66, 10 
arbitrary, 0, 52, 10 
buzz, 0, 28, 10 
better, 0, 36, 10 
brand, 0, 33, 10 
business, 2, 76, 15 
board, 0, 33, 10 
believe, 0, 43, 10 
books, 1, 38, 11 
blog, 2, 36, 15 
blogs, 0, 32, 10 
contact, 0, 45, 10 
computer, 0, 54, 10 
contacts, 0, 52, 10 
career, 0, 38, 10 
country, 0, 45, 10 
california, 0, 57, 10 
called, 0, 36, 10 
care, 0, 26, 10 
database, 0, 54, 10 
data, 0, 26, 10 
digg, 0, 25, 10 
email, 1, 34, 11 
evdo, 0, 28, 10 
entrepreneurship, 0, 101, 10 
entrepreneur, 0, 76, 10 
evangelism, 0, 66, 10 
entrepreneurs, 0, 83, 10 
free, 0, 24, 10 
first, 1, 26, 11 
Family, 0, 38, 10 
good, 2, 40, 15 
google, 0, 39, 10 
girls, 0, 27, 10 
help, 0, 25, 10 
honda, 0, 35, 10 
information, 1, 73, 11 
ideas, 0, 32, 10 
interview, 0, 54, 10 
idea, 0, 25, 10 
jigsaw, 1, 40, 11 
jajah, 3, 55, 17 
jobs, 0, 25, 10 
kabul, 0, 32, 10 
kawasaki, 0, 54, 10 
leather, 0, 42, 10 
learn, 0, 30, 10 
love, 0, 25, 10 
life, 0, 20, 10 
minnesota, 0, 60, 10 
macintosh, 0, 60, 10 
mobile, 1, 42, 11 
media, 0, 34, 10 
majora, 0, 39, 10 
Management, 1, 81, 11 
members, 0, 51, 10 
money, 0, 37, 10 
marketing, 4, 124, 20 
Other, 0, 33, 10 
online, 0, 36, 10 
pitch, 0, 30, 10 
Pictures, 0, 50, 10 
people, 7, 131, 30 
passion, 0, 46, 10 
phone, 1, 40, 11 
resume, 1, 46, 11 
reference, 0, 57, 10 
resumes, 0, 49, 10 
radio, 0, 30, 10 
spreadsheet, 0, 73, 10 
show, 0, 29, 10 
school, 1, 42, 11 
sales, 2, 46, 15 
search, 0, 40, 10 
source, 0, 40, 10 
support, 0, 45, 10 
social, 0, 36, 10 
silicon, 0, 40, 10 
Software, 1, 57, 11 
services, 0, 51, 10 
travel, 0, 35, 10 
trump, 1, 36, 11 
technology, 0, 65, 10 
techcrunch, 0, 66, 10 
technorati, 0, 61, 10 
trademark, 5, 157, 23 
trademarks, 1, 71, 11 
valley, 0, 36, 10 
women, 0, 38, 10 
woman, 0, 38, 10 
where, 0, 34, 10 
world, 1, 34, 11 
work, 1, 29, 11 
well, 0, 23, 10 
yahoo, 2, 50, 15 
your, 9, 110, 36 
 , -1, 4, 16 
2006, 0, 25, 14 
apple, 1, 29, 16 
afghanistan, 0, 55, 14 
about, 4, 44, 25 
application, 0, 51, 14 
arbitrary, 0, 38, 14 
buzz, 0, 23, 14 
better, 0, 26, 14 
brand, 0, 28, 14 
business, 2, 53, 19 
board, 0, 28, 14 
believe, 0, 34, 14 
books, 1, 32, 16 
blog, 2, 24, 19 
blogs, 0, 26, 14 
contact, 0, 33, 14 
computer, 0, 45, 14 
contacts, 0, 39, 14 
career, 0, 30, 14 
country, 0, 34, 14 
california, 0, 42, 14 
called, 0, 28, 14 
care, 0, 21, 14 
database, 0, 45, 14 
data, 0, 21, 14 
digg, 0, 21, 14 
email, 1, 28, 16 
evdo, 0, 24, 14 
entrepreneurship, 0, 81, 14 
entrepreneur, 0, 61, 14 
evangelism, 0, 55, 14 
entrepreneurs, 0, 67, 14 
free, 0, 18, 14 
first, 1, 17, 16 
Family, 0, 31, 14 
good, 2, 29, 19 
google, 0, 33, 14 
girls, 0, 19, 14 
help, 0, 21, 14 
honda, 0, 31, 14 
information, 1, 58, 16 
ideas, 0, 26, 14 
interview, 0, 42, 14 
idea, 0, 21, 14 
jigsaw, 1, 32, 16 
jajah, 3, 31, 22 
jobs, 0, 20, 14 
kabul, 0, 26, 14 
kawasaki, 0, 45, 14 
leather, 0, 32, 14 
learn, 0, 24, 14 
love, 0, 20, 14 
life, 0, 13, 14 
minnesota, 0, 50, 14 
macintosh, 0, 49, 14 
mobile, 1, 35, 16 
media, 0, 30, 14 
majora, 0, 33, 14 
Management, 1, 72, 16 
members, 0, 45, 14 
money, 0, 33, 14 
marketing, 4, 77, 25 
Other, 0, 26, 14 
online, 0, 29, 14 
pitch, 0, 22, 14 
Pictures, 0, 38, 14 
people, 7, 92, 38 
passion, 0, 37, 14 
phone, 1, 34, 16 
resume, 1, 41, 16 
reference, 0, 45, 14 
resumes, 0, 41, 14 
radio, 0, 24, 14 
spreadsheet, 0, 59, 14 
show, 0, 26, 14 
school, 1, 34, 16 
sales, 2, 31, 19 
search, 0, 32, 14 
source, 0, 32, 14 
support, 0, 35, 14 
social, 0, 27, 14 
silicon, 0, 29, 14 
Software, 1, 46, 16 
services, 0, 39, 14 
travel, 0, 25, 14 
trump, 1, 31, 16 
technology, 0, 52, 14 
techcrunch, 0, 52, 14 
technorati, 0, 46, 14 
trademark, 5, 114, 31 
trademarks, 1, 60, 16 
valley, 0, 27, 14 
women, 0, 36, 14 
woman, 0, 36, 14 
where, 0, 30, 14 
world, 1, 28, 16 
work, 1, 25, 16 
well, 0, 19, 14 
yahoo, 2, 36, 19 
your, 9, 68, 44 
 , -1, 4, 16 
