# tag, weight, width (pixels), height(pixels)
# last tag is white space (fake)
#repeated for various fontsizes
about, 7, 80, 32 
amazon, 1, 46, 15 
ajax, 1, 24, 15 
apps, 0, 25, 11 
apple, 0, 29, 11 
ABLE, 0, 29, 11 
book, 1, 28, 15 
business, 0, 45, 11 
books, 1, 35, 15 
brady, 1, 32, 15 
blog, 1, 24, 15 
cell, 0, 17, 11 
computer, 0, 47, 11 
content, 1, 43, 15 
community, 1, 64, 15 
change, 0, 38, 11 
cell, 0, 17, 11 
development, 0, 66, 11 
data, 5, 46, 27 
digital, 0, 31, 11 
earth, 1, 29, 15 
email, 2, 39, 17 
etsy, 0, 21, 11 
future, 0, 30, 11 
flickr, 1, 28, 15 
free, 0, 20, 11 
firefox, 0, 32, 11 
first, 1, 22, 15 
google, 9, 112, 38 
good, 0, 26, 11 
game, 0, 28, 11 
idea, 0, 22, 11 
information, 0, 57, 11 
Interesting, 0, 55, 11 
internet, 0, 39, 11 
iphone, 1, 38, 15 
ideas, 0, 28, 11 
java, 0, 21, 11 
languages, 0, 54, 11 
life, 3, 23, 20 
live, 0, 17, 11 
myspace, 1, 53, 15 
mobile, 1, 38, 15 
microsoft, 1, 54, 15 
maps, 0, 27, 11 
market, 1, 40, 15 
media, 0, 31, 11 
music, 0, 29, 11 
messages, 0, 51, 11 
meaning, 0, 44, 11 
mail, 1, 24, 15 
nat, 0, 17, 11 
Next, 0, 23, 11 
network, 1, 45, 15 
news, 0, 26, 11 
Other, 2, 39, 17 
office, 0, 28, 11 
photos, 0, 35, 11 
phone, 2, 45, 17 
post, 0, 22, 11 
people, 5, 70, 27 
ruby, 0, 22, 11 
radio, 0, 26, 11 
radar, 0, 27, 11 
server, 0, 31, 11 
social, 1, 34, 15 
service, 1, 42, 15 
spam, 0, 27, 11 
source, 1, 39, 15 
skyhook, 0, 42, 11 
silicon, 0, 32, 11 
Software, 1, 51, 15 
site, 1, 21, 15 
support, 0, 39, 11 
sites, 0, 24, 11 
services, 0, 41, 11 
show, 0, 26, 11 
sales, 0, 27, 11 
still, 0, 17, 11 
search, 4, 65, 23 
search, 4, 65, 23 
think, 0, 25, 11 
thunderbird, 0, 59, 11 
time, 0, 21, 11 
tools, 0, 25, 11 
technology, 1, 63, 15 
tags, 0, 22, 11 
test, 0, 19, 11 
user, 0, 22, 11 
valley, 0, 29, 11 
virtual, 0, 31, 11 
where, 1, 34, 15 
world, 1, 30, 15 
wikipedia, 0, 47, 11 
work, 1, 27, 15 
wiki, 0, 18, 11 
Windows, 0, 45, 11 
well, 0, 19, 11 
yahoo, 0, 32, 11 
your, 3, 35, 20 
 , -1, 4, 16 
about, 7, 111, 30 
amazon, 1, 49, 11 
ajax, 1, 27, 11 
apps, 0, 28, 10 
apple, 0, 32, 10 
ABLE, 0, 31, 10 
book, 1, 31, 11 
business, 0, 53, 10 
books, 1, 38, 11 
brady, 1, 36, 11 
blog, 1, 28, 11 
cell, 0, 22, 10 
computer, 0, 54, 10 
content, 1, 49, 11 
community, 1, 67, 11 
change, 0, 42, 10 
cell, 0, 22, 10 
development, 0, 74, 10 
data, 5, 68, 23 
digital, 0, 38, 10 
earth, 1, 34, 11 
email, 2, 46, 15 
etsy, 0, 26, 10 
future, 0, 36, 10 
flickr, 1, 32, 11 
free, 0, 24, 10 
firefox, 0, 40, 10 
first, 1, 26, 11 
google, 9, 167, 36 
good, 0, 28, 10 
game, 0, 30, 10 
idea, 0, 25, 10 
information, 0, 67, 10 
Interesting, 0, 66, 10 
internet, 0, 47, 10 
iphone, 1, 44, 11 
ideas, 0, 32, 10 
java, 0, 25, 10 
languages, 0, 60, 10 
life, 3, 37, 17 
live, 0, 22, 10 
myspace, 1, 55, 11 
mobile, 1, 42, 11 
microsoft, 1, 59, 11 
maps, 0, 30, 10 
market, 1, 43, 11 
media, 0, 34, 10 
music, 0, 34, 10 
messages, 0, 58, 10 
meaning, 0, 48, 10 
mail, 1, 26, 11 
nat, 0, 19, 10 
Next, 0, 27, 10 
network, 1, 50, 11 
news, 0, 29, 10 
Other, 2, 47, 15 
office, 0, 35, 10 
photos, 0, 40, 10 
phone, 2, 50, 15 
post, 0, 26, 10 
people, 5, 105, 23 
ruby, 0, 26, 10 
radio, 0, 30, 10 
radar, 0, 31, 10 
server, 0, 38, 10 
social, 1, 38, 11 
service, 1, 46, 11 
spam, 0, 30, 10 
source, 1, 43, 11 
skyhook, 0, 49, 10 
silicon, 0, 40, 10 
Software, 1, 57, 11 
site, 1, 24, 11 
support, 0, 45, 10 
sites, 0, 30, 10 
services, 0, 51, 10 
show, 0, 29, 10 
sales, 0, 32, 10 
still, 0, 24, 10 
search, 4, 84, 20 
search, 4, 84, 20 
think, 0, 30, 10 
thunderbird, 0, 68, 10 
time, 0, 25, 10 
tools, 0, 30, 10 
technology, 1, 71, 11 
tags, 0, 26, 10 
test, 0, 24, 10 
user, 0, 26, 10 
valley, 0, 36, 10 
virtual, 0, 39, 10 
where, 1, 38, 11 
world, 1, 34, 11 
wikipedia, 0, 55, 10 
work, 1, 29, 11 
wiki, 0, 23, 10 
Windows, 0, 50, 10 
well, 0, 23, 10 
yahoo, 0, 35, 10 
your, 3, 47, 17 
 , -1, 4, 16 
about, 7, 76, 38 
amazon, 1, 44, 16 
ajax, 1, 21, 16 
apps, 0, 24, 14 
apple, 0, 27, 14 
ABLE, 0, 28, 14 
book, 1, 26, 16 
business, 0, 43, 14 
books, 1, 32, 16 
brady, 1, 30, 16 
blog, 1, 22, 16 
cell, 0, 16, 14 
computer, 0, 45, 14 
content, 1, 39, 16 
community, 1, 58, 16 
change, 0, 36, 14 
cell, 0, 16, 14 
development, 0, 62, 14 
data, 5, 50, 31 
digital, 0, 27, 14 
earth, 1, 27, 16 
email, 2, 31, 19 
etsy, 0, 19, 14 
future, 0, 26, 14 
flickr, 1, 22, 16 
free, 0, 18, 14 
firefox, 0, 27, 14 
first, 1, 17, 16 
google, 9, 106, 44 
good, 0, 25, 14 
game, 0, 28, 14 
idea, 0, 21, 14 
information, 0, 52, 14 
Interesting, 0, 48, 14 
internet, 0, 35, 14 
iphone, 1, 36, 16 
ideas, 0, 26, 14 
java, 0, 20, 14 
languages, 0, 51, 14 
life, 3, 17, 22 
live, 0, 16, 14 
myspace, 1, 49, 16 
mobile, 1, 35, 16 
microsoft, 1, 47, 16 
maps, 0, 27, 14 
market, 1, 37, 16 
media, 0, 30, 14 
music, 0, 28, 14 
messages, 0, 50, 14 
meaning, 0, 42, 14 
mail, 1, 21, 16 
nat, 0, 15, 14 
Next, 0, 22, 14 
network, 1, 42, 16 
news, 0, 26, 14 
Other, 2, 33, 19 
office, 0, 24, 14 
photos, 0, 32, 14 
phone, 2, 36, 19 
post, 0, 20, 14 
people, 5, 78, 31 
ruby, 0, 21, 14 
radio, 0, 24, 14 
radar, 0, 25, 14 
server, 0, 29, 14 
social, 1, 29, 16 
service, 1, 37, 16 
spam, 0, 27, 14 
source, 1, 36, 16 
skyhook, 0, 39, 14 
silicon, 0, 29, 14 
Software, 1, 46, 16 
site, 1, 17, 16 
support, 0, 35, 14 
sites, 0, 21, 14 
services, 0, 39, 14 
show, 0, 26, 14 
sales, 0, 25, 14 
still, 0, 14, 14 
search, 4, 53, 25 
search, 4, 53, 25 
think, 0, 22, 14 
thunderbird, 0, 54, 14 
time, 0, 20, 14 
tools, 0, 22, 14 
technology, 1, 57, 16 
tags, 0, 20, 14 
test, 0, 16, 14 
user, 0, 21, 14 
valley, 0, 27, 14 
virtual, 0, 27, 14 
where, 1, 33, 16 
world, 1, 28, 16 
wikipedia, 0, 45, 14 
work, 1, 25, 16 
wiki, 0, 18, 14 
Windows, 0, 44, 14 
well, 0, 19, 14 
yahoo, 0, 30, 14 
your, 3, 31, 22 
 , -1, 4, 16 
