# tag, weight, width (pixels), height(pixels)
# last tag is white space (fake)
#repeated for various fontsizes
about, 7, 80, 32 
awkward, 1, 50, 15 
amazon, 0, 40, 11 
apple, 0, 29, 11 
ads, 0, 19, 11 
audience, 0, 47, 11 
blogs, 0, 28, 11 
books, 0, 31, 11 
book, 0, 25, 11 
business, 0, 45, 11 
boss, 0, 24, 11 
blog, 1, 24, 15 
believe, 0, 37, 11 
best, 0, 22, 11 
better, 1, 33, 15 
breakfast, 0, 48, 11 
brand, 1, 32, 15 
blogging, 0, 44, 11 
bloggers, 0, 44, 11 
change, 0, 38, 11 
Chicken, 0, 41, 11 
cellphone, 0, 50, 11 
come, 0, 27, 11 
cool, 0, 21, 11 
cars, 0, 21, 11 
cheaper, 1, 46, 15 
customers, 0, 52, 11 
digg, 0, 22, 11 
driving, 0, 34, 11 
design, 0, 34, 11 
email, 0, 27, 11 
eggs, 0, 25, 11 
friends, 0, 35, 11 
first, 1, 22, 15 
fresh, 0, 26, 11 
fear, 0, 20, 11 
free, 0, 20, 11 
focus, 0, 28, 11 
good, 1, 28, 15 
google, 1, 38, 15 
havana, 0, 38, 11 
help, 0, 22, 11 
idea, 3, 34, 20 
investors, 0, 46, 11 
ipod, 0, 22, 11 
ideas, 0, 28, 11 
line, 0, 18, 11 
local, 0, 24, 11 
lot, 0, 13, 11 
lawyers, 0, 38, 11 
lunch, 0, 28, 11 
museums, 0, 48, 11 
museum, 0, 42, 11 
money, 1, 39, 15 
marketing, 3, 79, 20 
marketer, 0, 44, 11 
marketers, 0, 50, 11 
mcdonald, 0, 49, 11 
market, 1, 40, 15 
nbsp, 3, 39, 20 
Next, 0, 23, 11 
news, 0, 26, 11 
Other, 1, 32, 15 
pyramid, 0, 40, 11 
people, 9, 110, 38 
passionate, 0, 56, 11 
phone, 0, 33, 11 
post, 0, 22, 11 
popular, 0, 39, 11 
price, 0, 25, 11 
politicians, 0, 51, 11 
quot, 9, 74, 38 
referrals, 0, 42, 11 
reason, 0, 35, 11 
remarkable, 2, 80, 17 
riff, 0, 13, 11 
Restaurant, 0, 56, 11 
show, 0, 26, 11 
session, 0, 39, 11 
strategy, 0, 41, 11 
site, 0, 18, 11 
starbucks, 0, 49, 11 
stuff, 0, 23, 11 
story, 0, 25, 11 
service, 0, 36, 11 
spam, 0, 27, 11 
small, 0, 26, 11 
think, 0, 25, 11 
traffic, 0, 29, 11 
trademark, 1, 58, 15 
trademarks, 0, 56, 11 
talk, 0, 18, 11 
vomiting, 0, 42, 11 
where, 0, 31, 11 
well, 0, 19, 11 
world, 0, 27, 11 
wikipedia, 0, 47, 11 
worldview, 0, 49, 11 
work, 1, 27, 15 
your, 9, 74, 38 
 , -1, 4, 16 
about, 7, 111, 30 
awkward, 1, 54, 11 
amazon, 0, 44, 10 
apple, 0, 32, 10 
ads, 0, 21, 10 
audience, 0, 53, 10 
blogs, 0, 32, 10 
books, 0, 35, 10 
book, 0, 28, 10 
business, 0, 53, 10 
boss, 0, 28, 10 
blog, 1, 28, 11 
believe, 0, 43, 10 
best, 0, 26, 10 
better, 1, 39, 11 
breakfast, 0, 57, 10 
brand, 1, 37, 11 
blogging, 0, 50, 10 
bloggers, 0, 51, 10 
change, 0, 42, 10 
Chicken, 0, 47, 10 
cellphone, 0, 57, 10 
come, 0, 30, 10 
cool, 0, 25, 10 
cars, 0, 26, 10 
cheaper, 1, 52, 11 
customers, 0, 61, 10 
digg, 0, 25, 10 
driving, 0, 41, 10 
design, 0, 39, 10 
email, 0, 31, 10 
eggs, 0, 28, 10 
friends, 0, 42, 10 
first, 1, 26, 11 
fresh, 0, 31, 10 
fear, 0, 24, 10 
free, 0, 24, 10 
focus, 0, 33, 10 
good, 1, 32, 11 
google, 1, 44, 11 
havana, 0, 42, 10 
help, 0, 25, 10 
idea, 3, 47, 17 
investors, 0, 56, 10 
ipod, 0, 25, 10 
ideas, 0, 32, 10 
line, 0, 22, 10 
local, 0, 29, 10 
lot, 0, 16, 10 
lawyers, 0, 45, 10 
lunch, 0, 32, 10 
museums, 0, 53, 10 
museum, 0, 46, 10 
money, 1, 41, 11 
marketing, 3, 106, 17 
marketer, 0, 52, 10 
marketers, 0, 59, 10 
mcdonald, 0, 55, 10 
market, 1, 43, 11 
nbsp, 3, 51, 17 
Next, 0, 27, 10 
news, 0, 29, 10 
Other, 1, 36, 11 
pyramid, 0, 46, 10 
people, 9, 165, 36 
passionate, 0, 65, 10 
phone, 0, 35, 10 
post, 0, 26, 10 
popular, 0, 44, 10 
price, 0, 30, 10 
politicians, 0, 63, 10 
quot, 9, 111, 36 
referrals, 0, 52, 10 
reason, 0, 40, 10 
remarkable, 2, 94, 15 
riff, 0, 19, 10 
Restaurant, 0, 65, 10 
show, 0, 29, 10 
session, 0, 46, 10 
strategy, 0, 50, 10 
site, 0, 23, 10 
starbucks, 0, 59, 10 
stuff, 0, 29, 10 
story, 0, 31, 10 
service, 0, 44, 10 
spam, 0, 30, 10 
small, 0, 31, 10 
think, 0, 30, 10 
traffic, 0, 38, 10 
trademark, 1, 64, 11 
trademarks, 0, 66, 10 
talk, 0, 23, 10 
vomiting, 0, 50, 10 
where, 0, 34, 10 
well, 0, 23, 10 
world, 0, 31, 10 
wikipedia, 0, 55, 10 
worldview, 0, 57, 10 
work, 1, 29, 11 
your, 9, 110, 36 
 , -1, 4, 16 
about, 7, 76, 38 
awkward, 1, 48, 16 
amazon, 0, 39, 14 
apple, 0, 27, 14 
ads, 0, 18, 14 
audience, 0, 45, 14 
blogs, 0, 26, 14 
books, 0, 29, 14 
book, 0, 24, 14 
business, 0, 43, 14 
boss, 0, 23, 14 
blog, 1, 22, 16 
believe, 0, 34, 14 
best, 0, 20, 14 
better, 1, 30, 16 
breakfast, 0, 43, 14 
brand, 1, 31, 16 
blogging, 0, 42, 14 
bloggers, 0, 42, 14 
change, 0, 36, 14 
Chicken, 0, 39, 14 
cellphone, 0, 47, 14 
come, 0, 27, 14 
cool, 0, 20, 14 
cars, 0, 20, 14 
cheaper, 1, 44, 16 
customers, 0, 49, 14 
digg, 0, 21, 14 
driving, 0, 31, 14 
design, 0, 32, 14 
email, 0, 26, 14 
eggs, 0, 24, 14 
friends, 0, 31, 14 
first, 1, 17, 16 
fresh, 0, 23, 14 
fear, 0, 18, 14 
free, 0, 18, 14 
focus, 0, 25, 14 
good, 1, 27, 16 
google, 1, 36, 16 
havana, 0, 36, 14 
help, 0, 21, 14 
idea, 3, 29, 22 
investors, 0, 42, 14 
ipod, 0, 21, 14 
ideas, 0, 26, 14 
line, 0, 17, 14 
local, 0, 22, 14 
lot, 0, 11, 14 
lawyers, 0, 36, 14 
lunch, 0, 26, 14 
museums, 0, 47, 14 
museum, 0, 42, 14 
money, 1, 37, 16 
marketing, 3, 70, 22 
marketer, 0, 42, 14 
marketers, 0, 47, 14 
mcdonald, 0, 48, 14 
market, 1, 37, 16 
nbsp, 3, 35, 22 
Next, 0, 22, 14 
news, 0, 26, 14 
Other, 1, 30, 16 
pyramid, 0, 38, 14 
people, 9, 106, 44 
passionate, 0, 52, 14 
phone, 0, 31, 14 
post, 0, 20, 14 
popular, 0, 36, 14 
price, 0, 23, 14 
politicians, 0, 46, 14 
quot, 9, 68, 44 
referrals, 0, 38, 14 
reason, 0, 33, 14 
remarkable, 2, 66, 19 
riff, 0, 10, 14 
Restaurant, 0, 52, 14 
show, 0, 26, 14 
session, 0, 36, 14 
strategy, 0, 37, 14 
site, 0, 16, 14 
starbucks, 0, 45, 14 
stuff, 0, 18, 14 
story, 0, 22, 14 
service, 0, 33, 14 
spam, 0, 27, 14 
small, 0, 25, 14 
think, 0, 22, 14 
traffic, 0, 23, 14 
trademark, 1, 54, 16 
trademarks, 0, 53, 14 
talk, 0, 16, 14 
vomiting, 0, 40, 14 
where, 0, 30, 14 
well, 0, 19, 14 
world, 0, 26, 14 
wikipedia, 0, 45, 14 
worldview, 0, 48, 14 
work, 1, 25, 16 
your, 9, 68, 44 
 , -1, 4, 16 
