# tag, weight, width (pixels), height(pixels)
# last tag is white space (fake)
#repeated for various fontsizes
about, 9, 93, 38 
advertising, 1, 63, 15 
apple, 1, 31, 15 
audience, 0, 47, 11 
adobe, 0, 33, 11 
advertisers, 0, 56, 11 
amazon, 0, 40, 11 
better, 0, 30, 11 
business, 0, 45, 11 
blogs, 1, 31, 15 
blog, 6, 55, 30 
blogger, 0, 39, 11 
bloggers, 1, 49, 15 
blogging, 0, 44, 11 
book, 0, 25, 11 
best, 0, 22, 11 
boring, 0, 32, 11 
change, 0, 38, 11 
content, 0, 39, 11 
cool, 0, 21, 11 
conversation, 0, 65, 11 
come, 0, 27, 11 
calendar, 0, 44, 11 
demo, 0, 28, 11 
dell, 0, 18, 11 
digg, 0, 22, 11 
Dave, 0, 26, 11 
disclose, 0, 41, 11 
email, 0, 27, 11 
edwards, 0, 43, 11 
flickr, 0, 23, 11 
first, 0, 19, 11 
feeds, 0, 29, 11 
geek, 0, 25, 11 
geeks, 0, 31, 11 
good, 1, 28, 15 
google, 9, 112, 38 
house, 0, 32, 11 
hdtv, 0, 22, 11 
Interesting, 1, 61, 15 
interview, 0, 45, 11 
ipod, 0, 22, 11 
intel, 0, 22, 11 
java, 0, 21, 11 
john, 0, 22, 11 
jobs, 0, 21, 11 
live, 0, 17, 11 
love, 0, 21, 11 
link, 0, 17, 11 
life, 0, 15, 11 
listening, 0, 43, 11 
microsoft, 9, 154, 38 
money, 0, 34, 11 
maryam, 0, 39, 11 
media, 0, 31, 11 
network, 0, 40, 11 
Next, 0, 23, 11 
nice, 0, 21, 11 
news, 0, 26, 11 
Other, 1, 32, 15 
outlook, 0, 38, 11 
office, 0, 28, 11 
power, 0, 31, 11 
phone, 0, 33, 11 
photos, 0, 35, 11 
people, 3, 54, 20 
post, 0, 22, 11 
podcasting, 0, 56, 11 
podtech, 0, 42, 11 
patrick, 0, 34, 11 
reading, 0, 39, 11 
remember, 0, 50, 11 
show, 1, 30, 15 
seattle, 0, 35, 11 
stuff, 1, 26, 15 
search, 1, 39, 15 
small, 0, 26, 11 
seagate, 0, 42, 11 
sony, 0, 24, 11 
still, 0, 17, 11 
think, 0, 25, 11 
technorati, 0, 51, 11 
thomas, 0, 37, 11 
time, 0, 21, 11 
traffic, 0, 29, 11 
vista, 0, 24, 11 
video, 4, 52, 23 
videos, 0, 33, 11 
well, 1, 22, 15 
wiki, 0, 18, 11 
Windows, 0, 45, 11 
wordpress, 0, 52, 11 
where, 1, 34, 15 
wifi, 0, 16, 11 
world, 1, 30, 15 
work, 0, 23, 11 
xbox, 0, 24, 11 
yahoo, 0, 32, 11 
your, 3, 35, 20 
youTube, 0, 45, 11 
 , -1, 4, 16 
about, 9, 139, 36 
advertising, 1, 72, 11 
apple, 1, 36, 11 
audience, 0, 53, 10 
adobe, 0, 35, 10 
advertisers, 0, 68, 10 
amazon, 0, 44, 10 
better, 0, 36, 10 
business, 0, 53, 10 
blogs, 1, 35, 11 
blog, 6, 80, 27 
blogger, 0, 44, 10 
bloggers, 1, 56, 11 
blogging, 0, 50, 10 
book, 0, 28, 10 
best, 0, 26, 10 
boring, 0, 37, 10 
change, 0, 42, 10 
content, 0, 45, 10 
cool, 0, 25, 10 
conversation, 0, 77, 10 
come, 0, 30, 10 
calendar, 0, 51, 10 
demo, 0, 30, 10 
dell, 0, 22, 10 
digg, 0, 25, 10 
Dave, 0, 29, 10 
disclose, 0, 50, 10 
email, 0, 31, 10 
edwards, 0, 48, 10 
flickr, 0, 32, 10 
first, 0, 26, 10 
feeds, 0, 33, 10 
geek, 0, 28, 10 
geeks, 0, 35, 10 
good, 1, 32, 11 
google, 9, 167, 36 
house, 0, 35, 10 
hdtv, 0, 26, 10 
Interesting, 1, 71, 11 
interview, 0, 54, 10 
ipod, 0, 25, 10 
intel, 0, 27, 10 
java, 0, 25, 10 
john, 0, 25, 10 
jobs, 0, 25, 10 
live, 0, 22, 10 
love, 0, 25, 10 
link, 0, 22, 10 
life, 0, 20, 10 
listening, 0, 52, 10 
microsoft, 9, 237, 36 
money, 0, 37, 10 
maryam, 0, 44, 10 
media, 0, 34, 10 
network, 0, 46, 10 
Next, 0, 27, 10 
nice, 0, 25, 10 
news, 0, 29, 10 
Other, 1, 36, 11 
outlook, 0, 44, 10 
office, 0, 35, 10 
power, 0, 34, 10 
phone, 0, 35, 10 
photos, 0, 40, 10 
people, 3, 73, 17 
post, 0, 26, 10 
podcasting, 0, 65, 10 
podtech, 0, 47, 10 
patrick, 0, 42, 10 
reading, 0, 44, 10 
remember, 0, 56, 10 
show, 1, 32, 11 
seattle, 0, 42, 10 
stuff, 1, 30, 11 
search, 1, 43, 11 
small, 0, 31, 10 
seagate, 0, 47, 10 
sony, 0, 28, 10 
still, 0, 24, 10 
think, 0, 30, 10 
technorati, 0, 61, 10 
thomas, 0, 42, 10 
time, 0, 25, 10 
traffic, 0, 38, 10 
vista, 0, 30, 10 
video, 4, 68, 20 
videos, 0, 39, 10 
well, 1, 25, 11 
wiki, 0, 23, 10 
Windows, 0, 50, 10 
wordpress, 0, 60, 10 
where, 1, 38, 11 
wifi, 0, 21, 10 
world, 1, 34, 11 
work, 0, 27, 10 
xbox, 0, 28, 10 
yahoo, 0, 35, 10 
your, 3, 47, 17 
youTube, 0, 49, 10 
 , -1, 4, 16 
about, 9, 88, 44 
advertising, 1, 56, 16 
apple, 1, 29, 16 
audience, 0, 45, 14 
adobe, 0, 31, 14 
advertisers, 0, 51, 14 
amazon, 0, 39, 14 
better, 0, 26, 14 
business, 0, 43, 14 
blogs, 1, 28, 16 
blog, 6, 52, 33 
blogger, 0, 36, 14 
bloggers, 1, 45, 16 
blogging, 0, 42, 14 
book, 0, 24, 14 
best, 0, 20, 14 
boring, 0, 30, 14 
change, 0, 36, 14 
content, 0, 34, 14 
cool, 0, 20, 14 
conversation, 0, 60, 14 
come, 0, 27, 14 
calendar, 0, 42, 14 
demo, 0, 28, 14 
dell, 0, 17, 14 
digg, 0, 21, 14 
Dave, 0, 26, 14 
disclose, 0, 39, 14 
email, 0, 26, 14 
edwards, 0, 41, 14 
flickr, 0, 20, 14 
first, 0, 15, 14 
feeds, 0, 26, 14 
geek, 0, 24, 14 
geeks, 0, 29, 14 
good, 1, 27, 16 
google, 9, 106, 44 
house, 0, 30, 14 
hdtv, 0, 20, 14 
Interesting, 1, 54, 16 
interview, 0, 42, 14 
ipod, 0, 21, 14 
intel, 0, 19, 14 
java, 0, 20, 14 
john, 0, 21, 14 
jobs, 0, 20, 14 
live, 0, 16, 14 
love, 0, 20, 14 
link, 0, 16, 14 
life, 0, 13, 14 
listening, 0, 39, 14 
microsoft, 9, 141, 44 
money, 0, 33, 14 
maryam, 0, 39, 14 
media, 0, 30, 14 
network, 0, 37, 14 
Next, 0, 22, 14 
nice, 0, 20, 14 
news, 0, 26, 14 
Other, 1, 30, 16 
outlook, 0, 34, 14 
office, 0, 24, 14 
power, 0, 30, 14 
phone, 0, 31, 14 
photos, 0, 32, 14 
people, 3, 47, 22 
post, 0, 20, 14 
podcasting, 0, 52, 14 
podtech, 0, 38, 14 
patrick, 0, 30, 14 
reading, 0, 36, 14 
remember, 0, 50, 14 
show, 1, 28, 16 
seattle, 0, 30, 14 
stuff, 1, 21, 16 
search, 1, 36, 16 
small, 0, 25, 14 
seagate, 0, 38, 14 
sony, 0, 23, 14 
still, 0, 14, 14 
think, 0, 22, 14 
technorati, 0, 46, 14 
thomas, 0, 35, 14 
time, 0, 20, 14 
traffic, 0, 23, 14 
vista, 0, 21, 14 
video, 4, 42, 25 
videos, 0, 31, 14 
well, 1, 19, 16 
wiki, 0, 18, 14 
Windows, 0, 44, 14 
wordpress, 0, 50, 14 
where, 1, 33, 16 
wifi, 0, 15, 14 
world, 1, 28, 16 
work, 0, 23, 14 
xbox, 0, 23, 14 
yahoo, 0, 30, 14 
your, 3, 31, 22 
youTube, 0, 42, 14 
 , -1, 4, 16 
