# tag, weight, width (pixels), height(pixels)
# last tag is white space (fake)
#repeated for various fontsizes
article, 4, 58, 23 
apple, 4, 53, 23 
about, 1, 32, 15 
anonymous, 0, 59, 11 
apparently, 0, 54, 11 
access, 0, 35, 11 
amd, 0, 22, 11 
amazon, 0, 40, 11 
blog, 0, 22, 11 
bittorrent, 0, 46, 11 
consumers, 0, 55, 11 
china, 0, 28, 11 
cells, 0, 23, 11 
computer, 0, 47, 11 
copyright, 0, 47, 11 
drivers, 0, 34, 11 
dell, 1, 20, 15 
data, 1, 25, 15 
drm, 0, 19, 11 
earth, 0, 27, 11 
first, 0, 19, 11 
flickr, 0, 23, 11 
free, 0, 20, 11 
firefox, 1, 36, 15 
game, 0, 28, 11 
games, 1, 39, 15 
government, 0, 60, 11 
google, 8, 107, 36 
internet, 0, 39, 11 
ipod, 1, 24, 15 
information, 0, 57, 11 
intel, 1, 24, 15 
itunes, 0, 31, 11 
life, 0, 15, 11 
laptop, 0, 32, 11 
linux, 3, 37, 20 
launch, 0, 34, 11 
malware, 0, 42, 11 
mars, 0, 24, 11 
market, 0, 34, 11 
myspace, 2, 64, 17 
mozilla, 0, 35, 11 
media, 0, 31, 11 
microsoft, 9, 154, 38 
mobile, 0, 33, 11 
music, 0, 29, 11 
memory, 0, 39, 11 
money, 0, 34, 11 
news, 0, 26, 11 
network, 0, 40, 11 
novell, 1, 34, 15 
nintendo, 0, 45, 11 
nasa, 0, 25, 11 
oracle, 0, 31, 11 
Other, 0, 29, 11 
online, 1, 34, 15 
patents, 0, 39, 11 
public, 0, 30, 11 
program, 0, 42, 11 
patent, 0, 33, 11 
people, 1, 38, 15 
piracy, 0, 30, 11 
ps3, 0, 19, 11 
plasma, 0, 36, 11 
rfid, 0, 16, 11 
riaa, 1, 21, 15 
running, 0, 39, 11 
space, 0, 31, 11 
slashdot, 0, 43, 11 
sales, 0, 27, 11 
star, 0, 19, 11 
spam, 0, 27, 11 
source, 1, 39, 15 
search, 0, 34, 11 
show, 0, 26, 11 
scientists, 0, 47, 11 
state, 0, 26, 11 
skype, 0, 30, 11 
site, 0, 18, 11 
Software, 1, 51, 15 
service, 0, 36, 11 
speech, 0, 37, 11 
story, 0, 25, 11 
sony, 1, 28, 15 
security, 1, 46, 15 
still, 0, 17, 11 
target, 0, 30, 11 
time, 0, 21, 11 
traffic, 0, 29, 11 
technology, 0, 56, 11 
vista, 2, 33, 17 
video, 0, 28, 11 
wikipedia, 0, 47, 11 
Windows, 1, 52, 15 
where, 0, 31, 11 
work, 0, 23, 11 
wireless, 0, 40, 11 
world, 0, 27, 11 
your, 0, 22, 11 
youTube, 1, 50, 15 
 , -1, 4, 16 
article, 4, 83, 20 
apple, 4, 69, 20 
about, 1, 37, 11 
anonymous, 0, 65, 10 
apparently, 0, 63, 10 
access, 0, 42, 10 
amd, 0, 23, 10 
amazon, 0, 44, 10 
blog, 0, 25, 10 
bittorrent, 0, 57, 10 
consumers, 0, 63, 10 
china, 0, 32, 10 
cells, 0, 29, 10 
computer, 0, 54, 10 
copyright, 0, 56, 10 
drivers, 0, 42, 10 
dell, 1, 24, 11 
data, 1, 29, 11 
drm, 0, 21, 10 
earth, 0, 31, 10 
first, 0, 26, 10 
flickr, 0, 32, 10 
free, 0, 24, 10 
firefox, 1, 42, 11 
game, 0, 30, 10 
games, 1, 41, 11 
government, 0, 68, 10 
google, 8, 150, 32 
internet, 0, 47, 10 
ipod, 1, 28, 11 
information, 0, 67, 10 
intel, 1, 29, 11 
itunes, 0, 37, 10 
life, 0, 20, 10 
laptop, 0, 37, 10 
linux, 3, 54, 17 
launch, 0, 39, 10 
malware, 0, 47, 10 
mars, 0, 28, 10 
market, 0, 40, 10 
myspace, 2, 74, 15 
mozilla, 0, 42, 10 
media, 0, 34, 10 
microsoft, 9, 237, 36 
mobile, 0, 38, 10 
music, 0, 34, 10 
memory, 0, 44, 10 
money, 0, 37, 10 
news, 0, 29, 10 
network, 0, 46, 10 
novell, 1, 39, 11 
nintendo, 0, 51, 10 
nasa, 0, 28, 10 
oracle, 0, 37, 10 
Other, 0, 33, 10 
online, 1, 40, 11 
patents, 0, 45, 10 
public, 0, 36, 10 
program, 0, 47, 10 
patent, 0, 38, 10 
people, 1, 44, 11 
piracy, 0, 37, 10 
ps3, 0, 21, 10 
plasma, 0, 41, 10 
rfid, 0, 21, 10 
riaa, 1, 25, 11 
running, 0, 44, 10 
space, 0, 35, 10 
slashdot, 0, 51, 10 
sales, 0, 32, 10 
star, 0, 24, 10 
spam, 0, 30, 10 
source, 1, 43, 11 
search, 0, 40, 10 
show, 0, 29, 10 
scientists, 0, 60, 10 
state, 0, 31, 10 
skype, 0, 35, 10 
site, 0, 23, 10 
Software, 1, 57, 11 
service, 0, 44, 10 
speech, 0, 42, 10 
story, 0, 31, 10 
sony, 1, 30, 11 
security, 1, 51, 11 
still, 0, 24, 10 
target, 0, 36, 10 
time, 0, 25, 10 
traffic, 0, 38, 10 
technology, 0, 65, 10 
vista, 2, 43, 15 
video, 0, 32, 10 
wikipedia, 0, 55, 10 
Windows, 1, 55, 11 
where, 0, 34, 10 
work, 0, 27, 10 
wireless, 0, 49, 10 
world, 0, 31, 10 
your, 0, 26, 10 
youTube, 1, 55, 11 
 , -1, 4, 16 
article, 4, 44, 25 
apple, 4, 43, 25 
about, 1, 30, 16 
anonymous, 0, 57, 14 
apparently, 0, 50, 14 
access, 0, 33, 14 
amd, 0, 22, 14 
amazon, 0, 39, 14 
blog, 0, 21, 14 
bittorrent, 0, 40, 14 
consumers, 0, 53, 14 
china, 0, 26, 14 
cells, 0, 21, 14 
computer, 0, 45, 14 
copyright, 0, 43, 14 
drivers, 0, 31, 14 
dell, 1, 17, 16 
data, 1, 23, 16 
drm, 0, 19, 14 
earth, 0, 24, 14 
first, 0, 15, 14 
flickr, 0, 20, 14 
free, 0, 18, 14 
firefox, 1, 31, 16 
game, 0, 28, 14 
games, 1, 37, 16 
government, 0, 57, 14 
google, 8, 101, 41 
internet, 0, 35, 14 
ipod, 1, 22, 16 
information, 0, 52, 14 
intel, 1, 20, 16 
itunes, 0, 28, 14 
life, 0, 13, 14 
laptop, 0, 29, 14 
linux, 3, 30, 22 
launch, 0, 32, 14 
malware, 0, 41, 14 
mars, 0, 24, 14 
market, 0, 32, 14 
myspace, 2, 55, 19 
mozilla, 0, 33, 14 
media, 0, 30, 14 
microsoft, 9, 141, 44 
mobile, 0, 32, 14 
music, 0, 28, 14 
memory, 0, 39, 14 
money, 0, 33, 14 
news, 0, 26, 14 
network, 0, 37, 14 
novell, 1, 30, 16 
nintendo, 0, 42, 14 
nasa, 0, 24, 14 
oracle, 0, 29, 14 
Other, 0, 26, 14 
online, 1, 31, 16 
patents, 0, 34, 14 
public, 0, 28, 14 
program, 0, 40, 14 
patent, 0, 29, 14 
people, 1, 36, 16 
piracy, 0, 28, 14 
ps3, 0, 18, 14 
plasma, 0, 35, 14 
rfid, 0, 14, 14 
riaa, 1, 19, 16 
running, 0, 36, 14 
space, 0, 29, 14 
slashdot, 0, 40, 14 
sales, 0, 25, 14 
star, 0, 17, 14 
spam, 0, 27, 14 
source, 1, 36, 16 
search, 0, 32, 14 
show, 0, 26, 14 
scientists, 0, 42, 14 
state, 0, 22, 14 
skype, 0, 28, 14 
site, 0, 16, 14 
Software, 1, 46, 16 
service, 0, 33, 14 
speech, 0, 35, 14 
story, 0, 22, 14 
sony, 1, 25, 16 
security, 1, 39, 16 
still, 0, 14, 14 
target, 0, 26, 14 
time, 0, 20, 14 
traffic, 0, 23, 14 
technology, 0, 52, 14 
vista, 2, 27, 19 
video, 0, 26, 14 
wikipedia, 0, 45, 14 
Windows, 1, 49, 16 
where, 0, 30, 14 
work, 0, 23, 14 
wireless, 0, 39, 14 
world, 0, 26, 14 
your, 0, 21, 14 
youTube, 1, 48, 16 
 , -1, 4, 16 
