# tag, weight, width (pixels), height(pixels)
# last tag is white space (fake)
#repeated for various fontsizes
about, 2, 40, 17 
ajax, 0, 21, 11 
amazon, 0, 40, 11 
apple, 0, 29, 11 
acquisition, 0, 55, 11 
advertising, 0, 56, 11 
access, 0, 35, 11 
allofmp3, 0, 43, 11 
beta, 0, 23, 11 
bloggers, 0, 44, 11 
blog, 1, 24, 15 
business, 0, 45, 11 
blogging, 0, 44, 11 
browser, 0, 40, 11 
blogger, 0, 39, 11 
blogs, 0, 28, 11 
community, 0, 54, 11 
chat, 0, 22, 11 
content, 1, 43, 15 
crunch, 0, 34, 11 
digg, 1, 24, 15 
data, 0, 23, 11 
download, 0, 49, 11 
ebay, 0, 25, 11 
email, 1, 31, 15 
firefox, 0, 32, 11 
flickr, 1, 28, 15 
feed, 0, 23, 11 
feeds, 0, 29, 11 
files, 0, 21, 11 
future, 0, 30, 11 
flock, 0, 24, 11 
facebook, 1, 53, 15 
feedburner, 0, 56, 11 
first, 0, 19, 11 
free, 0, 20, 11 
gadgets, 0, 42, 11 
good, 0, 26, 11 
gmail, 0, 27, 11 
google, 9, 112, 38 
image, 0, 31, 11 
Interesting, 0, 55, 11 
interface, 0, 45, 11 
information, 0, 57, 11 
itunes, 0, 31, 11 
launch, 0, 34, 11 
local, 0, 24, 11 
live, 1, 20, 15 
music, 1, 35, 15 
mobile, 0, 33, 11 
media, 1, 35, 15 
market, 0, 34, 11 
myspace, 1, 53, 15 
microsoft, 1, 54, 15 
netscape, 0, 47, 11 
news, 0, 26, 11 
network, 1, 45, 15 
networks, 0, 45, 11 
Other, 2, 39, 17 
online, 1, 34, 15 
post, 0, 22, 11 
people, 1, 38, 15 
publishers, 0, 52, 11 
photos, 0, 35, 11 
price, 0, 25, 11 
photo, 0, 30, 11 
phone, 0, 33, 11 
review, 0, 32, 11 
skype, 0, 30, 11 
sharing, 0, 38, 11 
startups, 0, 41, 11 
service, 2, 51, 17 
space, 0, 31, 11 
storage, 0, 39, 11 
services, 1, 49, 15 
sites, 0, 24, 11 
show, 0, 26, 11 
search, 5, 71, 27 
social, 1, 34, 15 
Software, 0, 45, 11 
site, 2, 25, 17 
technology, 0, 56, 11 
traffic, 0, 29, 11 
techcrunch, 1, 64, 15 
tags, 1, 25, 15 
user, 1, 25, 15 
video, 2, 39, 17 
well, 0, 19, 11 
Windows, 0, 45, 11 
webmail, 0, 41, 11 
wiki, 0, 18, 11 
web2, 0, 27, 11 
wikia, 0, 25, 11 
widget, 0, 33, 11 
work, 0, 23, 11 
wikipedia, 0, 47, 11 
yahoo, 3, 49, 20 
youTube, 2, 63, 17 
your, 2, 31, 17 
zoho, 0, 25, 11 
 , -1, 4, 16 
about, 2, 47, 15 
ajax, 0, 25, 10 
amazon, 0, 44, 10 
apple, 0, 32, 10 
acquisition, 0, 66, 10 
advertising, 0, 67, 10 
access, 0, 42, 10 
allofmp3, 0, 50, 10 
beta, 0, 26, 10 
bloggers, 0, 51, 10 
blog, 1, 28, 11 
business, 0, 53, 10 
blogging, 0, 50, 10 
browser, 0, 46, 10 
blogger, 0, 44, 10 
blogs, 0, 32, 10 
community, 0, 62, 10 
chat, 0, 26, 10 
content, 1, 49, 11 
crunch, 0, 40, 10 
digg, 1, 28, 11 
data, 0, 26, 10 
download, 0, 54, 10 
ebay, 0, 28, 10 
email, 1, 34, 11 
firefox, 0, 40, 10 
flickr, 1, 32, 11 
feed, 0, 26, 10 
feeds, 0, 33, 10 
files, 0, 27, 10 
future, 0, 36, 10 
flock, 0, 30, 10 
facebook, 1, 59, 11 
feedburner, 0, 64, 10 
first, 0, 26, 10 
free, 0, 24, 10 
gadgets, 0, 47, 10 
good, 0, 28, 10 
gmail, 0, 31, 10 
google, 9, 167, 36 
image, 0, 34, 10 
Interesting, 0, 66, 10 
interface, 0, 54, 10 
information, 0, 67, 10 
itunes, 0, 37, 10 
launch, 0, 39, 10 
local, 0, 29, 10 
live, 1, 23, 11 
music, 1, 36, 11 
mobile, 0, 38, 10 
media, 1, 38, 11 
market, 0, 40, 10 
myspace, 1, 55, 11 
microsoft, 1, 59, 11 
netscape, 0, 54, 10 
news, 0, 29, 10 
network, 1, 50, 11 
networks, 0, 53, 10 
Other, 2, 47, 15 
online, 1, 40, 11 
post, 0, 26, 10 
people, 1, 44, 11 
publishers, 0, 62, 10 
photos, 0, 40, 10 
price, 0, 30, 10 
photo, 0, 33, 10 
phone, 0, 35, 10 
review, 0, 38, 10 
skype, 0, 35, 10 
sharing, 0, 44, 10 
startups, 0, 50, 10 
service, 2, 63, 15 
space, 0, 35, 10 
storage, 0, 45, 10 
services, 1, 53, 11 
sites, 0, 30, 10 
show, 0, 29, 10 
search, 5, 105, 23 
social, 1, 38, 11 
Software, 0, 52, 10 
site, 2, 33, 15 
technology, 0, 65, 10 
traffic, 0, 38, 10 
techcrunch, 1, 71, 11 
tags, 1, 28, 11 
user, 1, 28, 11 
video, 2, 46, 15 
well, 0, 23, 10 
Windows, 0, 50, 10 
webmail, 0, 46, 10 
wiki, 0, 23, 10 
web2, 0, 29, 10 
wikia, 0, 30, 10 
widget, 0, 38, 10 
work, 0, 27, 10 
wikipedia, 0, 55, 10 
yahoo, 3, 64, 17 
youTube, 2, 71, 15 
your, 2, 37, 15 
zoho, 0, 28, 10 
 , -1, 4, 16 
about, 2, 32, 19 
ajax, 0, 20, 14 
amazon, 0, 39, 14 
apple, 0, 27, 14 
acquisition, 0, 50, 14 
advertising, 0, 51, 14 
access, 0, 33, 14 
allofmp3, 0, 41, 14 
beta, 0, 21, 14 
bloggers, 0, 42, 14 
blog, 1, 22, 16 
business, 0, 43, 14 
blogging, 0, 42, 14 
browser, 0, 38, 14 
blogger, 0, 36, 14 
blogs, 0, 26, 14 
community, 0, 52, 14 
chat, 0, 20, 14 
content, 1, 39, 16 
crunch, 0, 32, 14 
digg, 1, 22, 16 
data, 0, 21, 14 
download, 0, 48, 14 
ebay, 0, 24, 14 
email, 1, 28, 16 
firefox, 0, 27, 14 
flickr, 1, 22, 16 
feed, 0, 21, 14 
feeds, 0, 26, 14 
files, 0, 18, 14 
future, 0, 26, 14 
flock, 0, 21, 14 
facebook, 1, 48, 16 
feedburner, 0, 52, 14 
first, 0, 15, 14 
free, 0, 18, 14 
gadgets, 0, 38, 14 
good, 0, 25, 14 
gmail, 0, 26, 14 
google, 9, 106, 44 
image, 0, 30, 14 
Interesting, 0, 48, 14 
interface, 0, 40, 14 
information, 0, 52, 14 
itunes, 0, 28, 14 
launch, 0, 32, 14 
local, 0, 22, 14 
live, 1, 16, 16 
music, 1, 31, 16 
mobile, 0, 32, 14 
media, 1, 33, 16 
market, 0, 32, 14 
myspace, 1, 49, 16 
microsoft, 1, 47, 16 
netscape, 0, 44, 14 
news, 0, 26, 14 
network, 1, 42, 16 
networks, 0, 43, 14 
Other, 2, 33, 19 
online, 1, 31, 16 
post, 0, 20, 14 
people, 1, 36, 16 
publishers, 0, 49, 14 
photos, 0, 32, 14 
price, 0, 23, 14 
photo, 0, 27, 14 
phone, 0, 31, 14 
review, 0, 31, 14 
skype, 0, 28, 14 
sharing, 0, 35, 14 
startups, 0, 37, 14 
service, 2, 42, 19 
space, 0, 29, 14 
storage, 0, 35, 14 
services, 1, 42, 16 
sites, 0, 21, 14 
show, 0, 26, 14 
search, 5, 77, 31 
social, 1, 29, 16 
Software, 0, 42, 14 
site, 2, 20, 19 
technology, 0, 52, 14 
traffic, 0, 23, 14 
techcrunch, 1, 58, 16 
tags, 1, 22, 16 
user, 1, 23, 16 
video, 2, 31, 19 
well, 0, 19, 14 
Windows, 0, 44, 14 
webmail, 0, 40, 14 
wiki, 0, 18, 14 
web2, 0, 27, 14 
wikia, 0, 24, 14 
widget, 0, 31, 14 
work, 0, 23, 14 
wikipedia, 0, 45, 14 
yahoo, 3, 44, 22 
youTube, 2, 51, 19 
your, 2, 26, 19 
zoho, 0, 24, 14 
 , -1, 4, 16 
