# tag, weight, width (pixels), height(pixels)
# last tag is white space (fake)
#after sentinel the data may be repeated for alt fonts
military, 9, 119, 38 
afghanistan, 9, 191, 38 
british, 9, 103, 38 
russian, 9, 121, 38 
russia, 7, 85, 32 
general, 6, 91, 30 
cavalry, 6, 87, 30 
artillery, 5, 76, 27 
valley, 5, 60, 27 
through, 5, 80, 27 
afghan, 5, 72, 27 
troops, 5, 66, 27 
between, 5, 89, 27 
country, 5, 78, 27 
kandahar, 5, 98, 27 
officers, 4, 70, 23 
infantry, 4, 71, 23 
horses, 4, 65, 23 
footnote, 4, 78, 23 
project, 4, 65, 23 
transport, 3, 71, 20 
service, 3, 57, 20 
camels, 3, 57, 20 
native, 3, 48, 20 
mountain, 3, 74, 20 
central, 3, 54, 20 
hundred, 3, 66, 20 
government, 2, 84, 17 
illustration, 2, 73, 17 
gutenberg, 2, 72, 17 
certain, 2, 48, 17 
thousand, 2, 66, 17 
frontier, 2, 49, 17 
forces, 2, 43, 17 
operations, 2, 75, 17 
already, 1, 42, 15 
indian, 1, 34, 15 
european, 1, 53, 15 
english, 1, 41, 15 
afghans, 1, 46, 15 
province, 1, 49, 15 
england, 1, 45, 15 
number, 1, 43, 15 
during, 1, 35, 15 
advance, 1, 49, 15 
helmund, 1, 49, 15 
regiments, 1, 57, 15 
against, 1, 42, 15 
within, 1, 33, 15 
before, 1, 36, 15 
without, 1, 41, 15 
routes, 1, 36, 15 
ground, 1, 39, 15 
animals, 1, 45, 15 
supply, 1, 38, 15 
although, 1, 49, 15 
ebooks, 1, 42, 15 
strength, 1, 47, 15 
states, 1, 36, 15 
engineers, 1, 56, 15 
ghazni, 1, 38, 15 
turkestan, 1, 54, 15 
pounds, 1, 42, 15 
battalions, 1, 56, 15 
passes, 1, 42, 15 
village, 1, 37, 15 
toward, 1, 38, 15 
carried, 1, 39, 15 
jelalabad, 1, 51, 15 
reserve, 0, 38, 11 
khaiber, 0, 38, 11 
elephant, 0, 45, 11 
united, 0, 32, 11 
mounted, 0, 45, 11 
garrison, 0, 41, 11 
present, 0, 39, 11 
regiment, 0, 44, 11 
regular, 0, 36, 11 
district, 0, 33, 11 
region, 0, 32, 11 
territory, 0, 39, 11 
always, 0, 34, 11 
required, 0, 42, 11 
nearly, 0, 31, 11 
purposes, 0, 47, 11 
system, 0, 35, 11 
generally, 0, 47, 11 
strong, 0, 32, 11 
caspian, 0, 40, 11 
elephants, 0, 51, 11 
people, 0, 35, 11 
should, 0, 34, 11 
better, 0, 30, 11 
difficult, 0, 37, 11 
including, 0, 46, 11 
character, 0, 48, 11 
little, 0, 21, 11 
beyond, 0, 38, 11 
distance, 0, 43, 11 
defence, 0, 42, 11 
peshawur, 0, 49, 11 
mountains, 0, 53, 11 
described, 0, 50, 11 
campaign, 0, 49, 11 
follows, 0, 35, 11 
another, 0, 40, 11 
across, 0, 33, 11 
persian, 0, 38, 11 
officer, 0, 32, 11 
important, 0, 48, 11 
tribes, 0, 28, 11 
roberts, 0, 36, 11 
winter, 0, 30, 11 
command, 0, 49, 11 
political, 0, 39, 11 
eastern, 0, 39, 11 
plains, 0, 30, 11 
persia, 0, 31, 11 
asiatic, 0, 33, 11 
cannot, 0, 35, 11 
twenty, 0, 33, 11 
rivers, 0, 27, 11 
western, 0, 40, 11 
natural, 0, 36, 11 
ponies, 0, 34, 11 
action, 0, 31, 11 
running, 0, 39, 11 
supplies, 0, 42, 11 
guards, 0, 35, 11 
institution, 0, 50, 11 
information, 0, 57, 11 
cossacks, 0, 46, 11 
mohammed, 0, 58, 11 
direct, 0, 28, 11 
degrees, 0, 42, 11 
followed, 0, 42, 11 
called, 0, 30, 11 
having, 0, 34, 11 
argandab, 0, 49, 11 
railway, 0, 35, 11 
saddle, 0, 34, 11 
pishin, 0, 30, 11 
london, 0, 35, 11 
importance, 0, 56, 11 
hindoo, 0, 35, 11 
position, 0, 40, 11 
subject, 0, 37, 11 
southern, 0, 45, 11 
passed, 0, 37, 11 
girishk, 0, 33, 11 
communication, 0, 76, 11 
available, 0, 46, 11 
soldiers, 0, 39, 11 
kirghiz, 0, 33, 11 
occupation, 0, 56, 11 
besides, 0, 40, 11 
copyright, 0, 47, 11 
hamley, 0, 36, 11 
organization, 0, 63, 11 
forage, 0, 33, 11 
foundation, 0, 55, 11 
authority, 0, 45, 11 
nature, 0, 33, 11 
anglorussian, 0, 65, 11 
batteries, 0, 45, 11 
kaufmann, 0, 50, 11 
carrying, 0, 40, 11 
excellent, 0, 46, 11 
organized, 0, 51, 11 
together, 0, 43, 11 
possible, 0, 42, 11 
length, 0, 32, 11 
feature, 0, 37, 11 
border, 0, 33, 11 
crossing, 0, 42, 11 
however, 0, 43, 11 
almost, 0, 33, 11 
company, 0, 46, 11 
principal, 0, 43, 11 
except, 0, 34, 11 
quetta, 0, 33, 11 
angloindian, 0, 60, 11 
either, 0, 29, 11 
elevation, 0, 47, 11 
modern, 0, 38, 11 
bamian, 0, 37, 11 
division, 0, 38, 11 
quarter, 0, 37, 11 
presence, 0, 47, 11 
comprises, 0, 51, 11 
things, 0, 31, 11 
divisions, 0, 44, 11 
russians, 0, 42, 11 
biddulph, 0, 44, 11 
establishment, 0, 71, 11 
height, 0, 32, 11 
easily, 0, 29, 11 
extent, 0, 32, 11 
entire, 0, 29, 11 
thence, 0, 35, 11 
places, 0, 33, 11 
 , -1, 4, 16 
military, 9, 194, 36 
afghanistan, 9, 293, 36 
british, 9, 169, 36 
russian, 9, 185, 36 
russia, 7, 123, 30 
general, 6, 134, 27 
cavalry, 6, 130, 27 
artillery, 5, 131, 23 
valley, 5, 96, 23 
through, 5, 122, 23 
afghan, 5, 106, 23 
troops, 5, 102, 23 
between, 5, 127, 23 
country, 5, 120, 23 
kandahar, 5, 143, 23 
officers, 4, 98, 20 
infantry, 4, 99, 20 
horses, 4, 84, 20 
footnote, 4, 105, 20 
project, 4, 89, 20 
transport, 3, 98, 17 
service, 3, 79, 17 
camels, 3, 75, 17 
native, 3, 67, 17 
mountain, 3, 98, 17 
central, 3, 76, 17 
hundred, 3, 87, 17 
government, 2, 98, 15 
illustration, 2, 95, 15 
gutenberg, 2, 84, 15 
certain, 2, 60, 15 
thousand, 2, 77, 15 
frontier, 2, 64, 15 
forces, 2, 54, 15 
operations, 2, 90, 15 
already, 1, 48, 11 
indian, 1, 40, 11 
european, 1, 61, 11 
english, 1, 47, 11 
afghans, 1, 52, 11 
province, 1, 55, 11 
england, 1, 52, 11 
number, 1, 47, 11 
during, 1, 41, 11 
advance, 1, 54, 11 
helmund, 1, 54, 11 
regiments, 1, 63, 11 
against, 1, 48, 11 
within, 1, 38, 11 
before, 1, 42, 11 
without, 1, 47, 11 
routes, 1, 41, 11 
ground, 1, 45, 11 
animals, 1, 49, 11 
supply, 1, 42, 11 
although, 1, 57, 11 
ebooks, 1, 46, 11 
strength, 1, 54, 11 
states, 1, 40, 11 
engineers, 1, 64, 11 
ghazni, 1, 43, 11 
turkestan, 1, 61, 11 
pounds, 1, 47, 11 
battalions, 1, 65, 11 
passes, 1, 45, 11 
village, 1, 43, 11 
toward, 1, 43, 11 
carried, 1, 45, 11 
jelalabad, 1, 60, 11 
reserve, 0, 45, 10 
khaiber, 0, 44, 10 
elephant, 0, 51, 10 
united, 0, 37, 10 
mounted, 0, 49, 10 
garrison, 0, 49, 10 
present, 0, 45, 10 
regiment, 0, 51, 10 
regular, 0, 42, 10 
district, 0, 44, 10 
region, 0, 37, 10 
territory, 0, 50, 10 
always, 0, 40, 10 
required, 0, 49, 10 
nearly, 0, 37, 10 
purposes, 0, 54, 10 
system, 0, 42, 10 
generally, 0, 55, 10 
strong, 0, 38, 10 
caspian, 0, 46, 10 
elephants, 0, 58, 10 
people, 0, 39, 10 
should, 0, 39, 10 
better, 0, 36, 10 
difficult, 0, 48, 10 
including, 0, 54, 10 
character, 0, 57, 10 
little, 0, 29, 10 
beyond, 0, 42, 10 
distance, 0, 51, 10 
defence, 0, 47, 10 
peshawur, 0, 55, 10 
mountains, 0, 60, 10 
described, 0, 58, 10 
campaign, 0, 55, 10 
follows, 0, 42, 10 
another, 0, 45, 10 
across, 0, 40, 10 
persian, 0, 44, 10 
officer, 0, 40, 10 
important, 0, 56, 10 
tribes, 0, 35, 10 
roberts, 0, 43, 10 
winter, 0, 36, 10 
command, 0, 53, 10 
political, 0, 49, 10 
eastern, 0, 45, 10 
plains, 0, 36, 10 
persia, 0, 37, 10 
asiatic, 0, 41, 10 
cannot, 0, 40, 10 
twenty, 0, 39, 10 
rivers, 0, 35, 10 
western, 0, 46, 10 
natural, 0, 42, 10 
ponies, 0, 39, 10 
action, 0, 37, 10 
running, 0, 44, 10 
supplies, 0, 50, 10 
guards, 0, 40, 10 
institution, 0, 62, 10 
information, 0, 67, 10 
cossacks, 0, 56, 10 
mohammed, 0, 62, 10 
direct, 0, 35, 10 
degrees, 0, 47, 10 
followed, 0, 49, 10 
called, 0, 36, 10 
having, 0, 39, 10 
argandab, 0, 54, 10 
railway, 0, 42, 10 
saddle, 0, 39, 10 
pishin, 0, 36, 10 
london, 0, 39, 10 
importance, 0, 65, 10 
hindoo, 0, 39, 10 
position, 0, 48, 10 
subject, 0, 44, 10 
southern, 0, 52, 10 
passed, 0, 42, 10 
girishk, 0, 41, 10 
communication, 0, 87, 10 
available, 0, 54, 10 
soldiers, 0, 48, 10 
kirghiz, 0, 41, 10 
occupation, 0, 65, 10 
besides, 0, 46, 10 
copyright, 0, 56, 10 
hamley, 0, 41, 10 
organization, 0, 74, 10 
forage, 0, 38, 10 
foundation, 0, 63, 10 
authority, 0, 54, 10 
nature, 0, 38, 10 
anglorussian, 0, 76, 10 
batteries, 0, 54, 10 
kaufmann, 0, 56, 10 
carrying, 0, 49, 10 
excellent, 0, 55, 10 
organized, 0, 58, 10 
together, 0, 50, 10 
possible, 0, 50, 10 
length, 0, 37, 10 
feature, 0, 43, 10 
border, 0, 38, 10 
crossing, 0, 51, 10 
however, 0, 48, 10 
almost, 0, 39, 10 
company, 0, 51, 10 
principal, 0, 52, 10 
except, 0, 40, 10 
quetta, 0, 38, 10 
angloindian, 0, 68, 10 
either, 0, 35, 10 
elevation, 0, 55, 10 
modern, 0, 42, 10 
bamian, 0, 41, 10 
division, 0, 47, 10 
quarter, 0, 43, 10 
presence, 0, 54, 10 
comprises, 0, 60, 10 
things, 0, 37, 10 
divisions, 0, 54, 10 
russians, 0, 51, 10 
biddulph, 0, 50, 10 
establishment, 0, 83, 10 
height, 0, 37, 10 
easily, 0, 36, 10 
extent, 0, 38, 10 
entire, 0, 35, 10 
thence, 0, 40, 10 
places, 0, 39, 10 
 , -1, 4, 16 
military, 9, 108, 44 
afghanistan, 9, 181, 44 
british, 9, 91, 44 
russian, 9, 113, 44 
russia, 7, 80, 38 
general, 6, 91, 33 
cavalry, 6, 85, 33 
artillery, 5, 77, 31 
valley, 5, 64, 31 
through, 5, 87, 31 
afghan, 5, 80, 31 
troops, 5, 71, 31 
between, 5, 98, 31 
country, 5, 83, 31 
kandahar, 5, 108, 31 
officers, 4, 54, 25 
infantry, 4, 55, 25 
horses, 4, 53, 25 
footnote, 4, 62, 25 
project, 4, 51, 25 
transport, 3, 62, 22 
service, 3, 49, 22 
camels, 3, 51, 22 
native, 3, 41, 22 
mountain, 3, 66, 22 
central, 3, 46, 22 
hundred, 3, 59, 22 
government, 2, 70, 19 
illustration, 2, 55, 19 
gutenberg, 2, 58, 19 
certain, 2, 38, 19 
thousand, 2, 54, 19 
frontier, 2, 39, 19 
forces, 2, 36, 19 
operations, 2, 60, 19 
already, 1, 39, 16 
indian, 1, 31, 16 
european, 1, 51, 16 
english, 1, 37, 16 
afghans, 1, 43, 16 
province, 1, 44, 16 
england, 1, 43, 16 
number, 1, 42, 16 
during, 1, 33, 16 
advance, 1, 46, 16 
helmund, 1, 47, 16 
regiments, 1, 52, 16 
against, 1, 38, 16 
within, 1, 29, 16 
before, 1, 34, 16 
without, 1, 37, 16 
routes, 1, 33, 16 
ground, 1, 38, 16 
animals, 1, 41, 16 
supply, 1, 34, 16 
although, 1, 45, 16 
ebooks, 1, 39, 16 
strength, 1, 42, 16 
states, 1, 31, 16 
engineers, 1, 52, 16 
ghazni, 1, 35, 16 
turkestan, 1, 48, 16 
pounds, 1, 40, 16 
battalions, 1, 49, 16 
passes, 1, 38, 16 
village, 1, 32, 16 
toward, 1, 36, 16 
carried, 1, 36, 16 
jelalabad, 1, 46, 16 
reserve, 0, 35, 14 
khaiber, 0, 35, 14 
elephant, 0, 42, 14 
united, 0, 29, 14 
mounted, 0, 42, 14 
garrison, 0, 39, 14 
present, 0, 35, 14 
regiment, 0, 42, 14 
regular, 0, 33, 14 
district, 0, 29, 14 
region, 0, 30, 14 
territory, 0, 34, 14 
always, 0, 33, 14 
required, 0, 40, 14 
nearly, 0, 29, 14 
purposes, 0, 45, 14 
system, 0, 33, 14 
generally, 0, 44, 14 
strong, 0, 29, 14 
caspian, 0, 37, 14 
elephants, 0, 47, 14 
people, 0, 33, 14 
should, 0, 32, 14 
better, 0, 26, 14 
difficult, 0, 31, 14 
including, 0, 43, 14 
character, 0, 44, 14 
little, 0, 17, 14 
beyond, 0, 36, 14 
distance, 0, 40, 14 
defence, 0, 38, 14 
peshawur, 0, 48, 14 
mountains, 0, 50, 14 
described, 0, 47, 14 
campaign, 0, 48, 14 
follows, 0, 32, 14 
another, 0, 36, 14 
across, 0, 31, 14 
persian, 0, 35, 14 
officer, 0, 27, 14 
important, 0, 44, 14 
tribes, 0, 25, 14 
roberts, 0, 32, 14 
winter, 0, 28, 14 
command, 0, 48, 14 
political, 0, 35, 14 
eastern, 0, 35, 14 
plains, 0, 28, 14 
persia, 0, 29, 14 
asiatic, 0, 29, 14 
cannot, 0, 32, 14 
twenty, 0, 30, 14 
rivers, 0, 25, 14 
western, 0, 37, 14 
natural, 0, 32, 14 
ponies, 0, 32, 14 
action, 0, 28, 14 
running, 0, 36, 14 
supplies, 0, 40, 14 
guards, 0, 33, 14 
institution, 0, 43, 14 
information, 0, 52, 14 
cossacks, 0, 44, 14 
mohammed, 0, 59, 14 
direct, 0, 25, 14 
degrees, 0, 39, 14 
followed, 0, 40, 14 
called, 0, 28, 14 
having, 0, 32, 14 
argandab, 0, 47, 14 
railway, 0, 33, 14 
saddle, 0, 32, 14 
pishin, 0, 28, 14 
london, 0, 33, 14 
importance, 0, 53, 14 
hindoo, 0, 33, 14 
position, 0, 37, 14 
subject, 0, 33, 14 
southern, 0, 42, 14 
passed, 0, 35, 14 
girishk, 0, 30, 14 
communication, 0, 73, 14 
available, 0, 43, 14 
soldiers, 0, 37, 14 
kirghiz, 0, 30, 14 
occupation, 0, 52, 14 
besides, 0, 37, 14 
copyright, 0, 43, 14 
hamley, 0, 35, 14 
organization, 0, 58, 14 
forage, 0, 30, 14 
foundation, 0, 50, 14 
authority, 0, 40, 14 
nature, 0, 30, 14 
anglorussian, 0, 61, 14 
batteries, 0, 40, 14 
kaufmann, 0, 48, 14 
carrying, 0, 38, 14 
excellent, 0, 42, 14 
organized, 0, 48, 14 
together, 0, 39, 14 
possible, 0, 40, 14 
length, 0, 29, 14 
feature, 0, 32, 14 
border, 0, 31, 14 
crossing, 0, 40, 14 
however, 0, 41, 14 
almost, 0, 31, 14 
company, 0, 44, 14 
principal, 0, 40, 14 
except, 0, 31, 14 
quetta, 0, 29, 14 
angloindian, 0, 56, 14 
either, 0, 26, 14 
elevation, 0, 43, 14 
modern, 0, 37, 14 
bamian, 0, 36, 14 
division, 0, 36, 14 
quarter, 0, 33, 14 
presence, 0, 45, 14 
comprises, 0, 49, 14 
things, 0, 28, 14 
divisions, 0, 41, 14 
russians, 0, 40, 14 
biddulph, 0, 42, 14 
establishment, 0, 66, 14 
height, 0, 29, 14 
easily, 0, 27, 14 
extent, 0, 28, 14 
entire, 0, 26, 14 
thence, 0, 32, 14 
places, 0, 31, 14 
 , -1, 4, 16 
