# tag, weight, width (pixels), height(pixels)
# last tag is white space (fake)
#after sentinel the data may be repeated for alt fonts
military, 9, 119, 38 
afghanistan, 9, 191, 38 
british, 8, 99, 36 
russian, 8, 115, 36 
russia, 6, 75, 30 
general, 6, 91, 30 
cavalry, 5, 75, 27 
artillery, 5, 76, 27 
valley, 4, 56, 23 
through, 4, 73, 23 
afghan, 4, 66, 23 
troops, 4, 60, 23 
between, 4, 81, 23 
country, 4, 71, 23 
kandahar, 4, 90, 23 
officers, 3, 58, 20 
infantry, 3, 59, 20 
horses, 3, 54, 20 
footnote, 3, 65, 20 
project, 2, 48, 17 
transport, 2, 62, 17 
service, 2, 51, 17 
camels, 2, 51, 17 
native, 2, 43, 17 
mountain, 1, 53, 15 
central, 1, 39, 15 
hundred, 1, 46, 15 
government, 1, 68, 15 
illustration, 0, 52, 11 
gutenberg, 0, 53, 11 
certain, 0, 35, 11 
thousand, 0, 48, 11 
frontier, 0, 36, 11 
forces, 0, 31, 11 
operations, 0, 54, 11 
already, 0, 38, 11 
indian, 0, 31, 11 
european, 0, 49, 11 
english, 0, 37, 11 
afghans, 0, 42, 11 
province, 0, 43, 11 
england, 0, 42, 11 
number, 0, 38, 11 
during, 0, 32, 11 
advance, 0, 44, 11 
helmund, 0, 44, 11 
regiments, 0, 50, 11 
against, 0, 38, 11 
within, 0, 29, 11 
before, 0, 33, 11 
without, 0, 37, 11 
 , -1, 4, 16 
military, 9, 194, 36 
afghanistan, 9, 293, 36 
british, 8, 152, 32 
russian, 8, 166, 32 
russia, 6, 112, 27 
general, 6, 134, 27 
cavalry, 5, 116, 23 
artillery, 5, 131, 23 
valley, 4, 76, 20 
through, 4, 96, 20 
afghan, 4, 85, 20 
troops, 4, 80, 20 
between, 4, 103, 20 
country, 4, 94, 20 
kandahar, 4, 115, 20 
officers, 3, 83, 17 
infantry, 3, 84, 17 
horses, 3, 72, 17 
footnote, 3, 89, 17 
project, 2, 60, 15 
transport, 2, 78, 15 
service, 2, 63, 15 
camels, 2, 60, 15 
native, 2, 53, 15 
mountain, 1, 59, 11 
central, 1, 45, 11 
hundred, 1, 53, 11 
government, 1, 75, 11 
illustration, 0, 66, 10 
gutenberg, 0, 59, 10 
certain, 0, 42, 10 
thousand, 0, 54, 10 
frontier, 0, 45, 10 
forces, 0, 38, 10 
operations, 0, 63, 10 
already, 0, 44, 10 
indian, 0, 36, 10 
european, 0, 54, 10 
english, 0, 43, 10 
afghans, 0, 47, 10 
province, 0, 51, 10 
england, 0, 46, 10 
number, 0, 42, 10 
during, 0, 37, 10 
advance, 0, 49, 10 
helmund, 0, 48, 10 
regiments, 0, 58, 10 
against, 0, 44, 10 
within, 0, 35, 10 
before, 0, 38, 10 
without, 0, 43, 10 
 , -1, 4, 16 
military, 9, 108, 44 
afghanistan, 9, 181, 44 
british, 8, 85, 41 
russian, 8, 107, 41 
russia, 6, 71, 33 
general, 6, 91, 33 
cavalry, 5, 79, 31 
artillery, 5, 77, 31 
valley, 4, 44, 25 
through, 4, 59, 25 
afghan, 4, 54, 25 
troops, 4, 48, 25 
between, 4, 68, 25 
country, 4, 57, 25 
kandahar, 4, 74, 25 
officers, 3, 49, 22 
infantry, 3, 50, 22 
horses, 3, 48, 22 
footnote, 3, 57, 22 
project, 2, 38, 19 
transport, 2, 51, 19 
service, 2, 42, 19 
camels, 2, 43, 19 
native, 2, 34, 19 
mountain, 1, 49, 16 
central, 1, 35, 16 
hundred, 1, 45, 16 
government, 1, 64, 16 
illustration, 0, 46, 14 
gutenberg, 0, 49, 14 
certain, 0, 31, 14 
thousand, 0, 45, 14 
frontier, 0, 32, 14 
forces, 0, 28, 14 
operations, 0, 50, 14 
already, 0, 35, 14 
indian, 0, 29, 14 
european, 0, 47, 14 
english, 0, 34, 14 
afghans, 0, 38, 14 
province, 0, 41, 14 
england, 0, 39, 14 
number, 0, 37, 14 
during, 0, 30, 14 
advance, 0, 41, 14 
helmund, 0, 42, 14 
regiments, 0, 47, 14 
against, 0, 34, 14 
within, 0, 27, 14 
before, 0, 30, 14 
without, 0, 33, 14 
 , -1, 4, 16 
