# tag, weight, width (pixels), height(pixels)
# last tag is white space (fake)
#after sentinel the data may be repeated for alt fonts
military, 9, 119, 38 
afghanistan, 9, 191, 38 
british, 9, 103, 38 
russian, 9, 121, 38 
russia, 7, 85, 32 
general, 6, 91, 30 
cavalry, 6, 87, 30 
artillery, 5, 76, 27 
valley, 5, 60, 27 
through, 5, 80, 27 
afghan, 4, 66, 23 
troops, 4, 60, 23 
between, 4, 81, 23 
country, 4, 71, 23 
kandahar, 4, 90, 23 
officers, 4, 70, 23 
infantry, 4, 71, 23 
horses, 4, 65, 23 
footnote, 4, 78, 23 
project, 3, 54, 20 
transport, 3, 71, 20 
service, 3, 57, 20 
camels, 3, 57, 20 
native, 3, 48, 20 
mountain, 2, 66, 17 
central, 2, 48, 17 
hundred, 2, 59, 17 
government, 2, 84, 17 
illustration, 2, 73, 17 
gutenberg, 1, 57, 15 
certain, 1, 39, 15 
thousand, 1, 53, 15 
frontier, 1, 40, 15 
forces, 1, 36, 15 
operations, 1, 60, 15 
already, 1, 42, 15 
indian, 1, 34, 15 
european, 1, 53, 15 
english, 1, 41, 15 
afghans, 1, 46, 15 
province, 1, 49, 15 
england, 1, 45, 15 
number, 1, 43, 15 
during, 1, 35, 15 
advance, 1, 49, 15 
helmund, 1, 49, 15 
regiments, 1, 57, 15 
against, 1, 42, 15 
within, 1, 33, 15 
before, 1, 36, 15 
without, 0, 37, 11 
routes, 0, 32, 11 
ground, 0, 36, 11 
animals, 0, 39, 11 
supply, 0, 33, 11 
although, 0, 45, 11 
ebooks, 0, 37, 11 
strength, 0, 42, 11 
states, 0, 31, 11 
engineers, 0, 51, 11 
ghazni, 0, 34, 11 
turkestan, 0, 48, 11 
pounds, 0, 38, 11 
battalions, 0, 50, 11 
passes, 0, 36, 11 
village, 0, 33, 11 
toward, 0, 34, 11 
carried, 0, 35, 11 
jelalabad, 0, 47, 11 
reserve, 0, 38, 11 
khaiber, 0, 38, 11 
elephant, 0, 45, 11 
united, 0, 32, 11 
mounted, 0, 45, 11 
garrison, 0, 41, 11 
present, 0, 39, 11 
regiment, 0, 44, 11 
regular, 0, 36, 11 
district, 0, 33, 11 
region, 0, 32, 11 
territory, 0, 39, 11 
always, 0, 34, 11 
required, 0, 42, 11 
nearly, 0, 31, 11 
purposes, 0, 47, 11 
system, 0, 35, 11 
generally, 0, 47, 11 
strong, 0, 32, 11 
caspian, 0, 40, 11 
elephants, 0, 51, 11 
people, 0, 35, 11 
should, 0, 34, 11 
better, 0, 30, 11 
difficult, 0, 37, 11 
including, 0, 46, 11 
character, 0, 48, 11 
little, 0, 21, 11 
beyond, 0, 38, 11 
distance, 0, 43, 11 
defence, 0, 42, 11 
peshawur, 0, 49, 11 
 , -1, 4, 16 
military, 9, 194, 36 
afghanistan, 9, 293, 36 
british, 9, 169, 36 
russian, 9, 185, 36 
russia, 7, 123, 30 
general, 6, 134, 27 
cavalry, 6, 130, 27 
artillery, 5, 131, 23 
valley, 5, 96, 23 
through, 5, 122, 23 
afghan, 4, 85, 20 
troops, 4, 80, 20 
between, 4, 103, 20 
country, 4, 94, 20 
kandahar, 4, 115, 20 
officers, 4, 98, 20 
infantry, 4, 99, 20 
horses, 4, 84, 20 
footnote, 4, 105, 20 
project, 3, 76, 17 
transport, 3, 98, 17 
service, 3, 79, 17 
camels, 3, 75, 17 
native, 3, 67, 17 
mountain, 2, 77, 15 
central, 2, 60, 15 
hundred, 2, 67, 15 
government, 2, 98, 15 
illustration, 2, 95, 15 
gutenberg, 1, 66, 11 
certain, 1, 45, 11 
thousand, 1, 60, 11 
frontier, 1, 48, 11 
forces, 1, 40, 11 
operations, 1, 69, 11 
already, 1, 48, 11 
indian, 1, 40, 11 
european, 1, 61, 11 
english, 1, 47, 11 
afghans, 1, 52, 11 
province, 1, 55, 11 
england, 1, 52, 11 
number, 1, 47, 11 
during, 1, 41, 11 
advance, 1, 54, 11 
helmund, 1, 54, 11 
regiments, 1, 63, 11 
against, 1, 48, 11 
within, 1, 38, 11 
before, 1, 42, 11 
without, 0, 43, 10 
routes, 0, 38, 10 
ground, 0, 40, 10 
animals, 0, 45, 10 
supply, 0, 39, 10 
although, 0, 51, 10 
ebooks, 0, 42, 10 
strength, 0, 50, 10 
states, 0, 38, 10 
engineers, 0, 58, 10 
ghazni, 0, 39, 10 
turkestan, 0, 57, 10 
pounds, 0, 42, 10 
battalions, 0, 60, 10 
passes, 0, 42, 10 
village, 0, 40, 10 
toward, 0, 39, 10 
carried, 0, 42, 10 
jelalabad, 0, 54, 10 
reserve, 0, 45, 10 
khaiber, 0, 44, 10 
elephant, 0, 51, 10 
united, 0, 37, 10 
mounted, 0, 49, 10 
garrison, 0, 49, 10 
present, 0, 45, 10 
regiment, 0, 51, 10 
regular, 0, 42, 10 
district, 0, 44, 10 
region, 0, 37, 10 
territory, 0, 50, 10 
always, 0, 40, 10 
required, 0, 49, 10 
nearly, 0, 37, 10 
purposes, 0, 54, 10 
system, 0, 42, 10 
generally, 0, 55, 10 
strong, 0, 38, 10 
caspian, 0, 46, 10 
elephants, 0, 58, 10 
people, 0, 39, 10 
should, 0, 39, 10 
better, 0, 36, 10 
difficult, 0, 48, 10 
including, 0, 54, 10 
character, 0, 57, 10 
little, 0, 29, 10 
beyond, 0, 42, 10 
distance, 0, 51, 10 
defence, 0, 47, 10 
peshawur, 0, 55, 10 
 , -1, 4, 16 
military, 9, 108, 44 
afghanistan, 9, 181, 44 
british, 9, 91, 44 
russian, 9, 113, 44 
russia, 7, 80, 38 
general, 6, 91, 33 
cavalry, 6, 85, 33 
artillery, 5, 77, 31 
valley, 5, 64, 31 
through, 5, 87, 31 
afghan, 4, 54, 25 
troops, 4, 48, 25 
between, 4, 68, 25 
country, 4, 57, 25 
kandahar, 4, 74, 25 
officers, 4, 54, 25 
infantry, 4, 55, 25 
horses, 4, 53, 25 
footnote, 4, 62, 25 
project, 3, 46, 22 
transport, 3, 62, 22 
service, 3, 49, 22 
camels, 3, 51, 22 
native, 3, 41, 22 
mountain, 2, 54, 19 
central, 2, 38, 19 
hundred, 2, 47, 19 
government, 2, 70, 19 
illustration, 2, 55, 19 
gutenberg, 1, 54, 16 
certain, 1, 35, 16 
thousand, 1, 49, 16 
frontier, 1, 35, 16 
forces, 1, 32, 16 
operations, 1, 55, 16 
already, 1, 39, 16 
indian, 1, 31, 16 
european, 1, 51, 16 
english, 1, 37, 16 
afghans, 1, 43, 16 
province, 1, 44, 16 
england, 1, 43, 16 
number, 1, 42, 16 
during, 1, 33, 16 
advance, 1, 46, 16 
helmund, 1, 47, 16 
regiments, 1, 52, 16 
against, 1, 38, 16 
within, 1, 29, 16 
before, 1, 34, 16 
without, 0, 33, 14 
routes, 0, 29, 14 
ground, 0, 34, 14 
animals, 0, 37, 14 
supply, 0, 31, 14 
although, 0, 42, 14 
ebooks, 0, 35, 14 
strength, 0, 38, 14 
states, 0, 27, 14 
engineers, 0, 48, 14 
ghazni, 0, 32, 14 
turkestan, 0, 43, 14 
pounds, 0, 36, 14 
battalions, 0, 45, 14 
passes, 0, 34, 14 
village, 0, 30, 14 
toward, 0, 32, 14 
carried, 0, 32, 14 
jelalabad, 0, 44, 14 
reserve, 0, 35, 14 
khaiber, 0, 35, 14 
elephant, 0, 42, 14 
united, 0, 29, 14 
mounted, 0, 42, 14 
garrison, 0, 39, 14 
present, 0, 35, 14 
regiment, 0, 42, 14 
regular, 0, 33, 14 
district, 0, 29, 14 
region, 0, 30, 14 
territory, 0, 34, 14 
always, 0, 33, 14 
required, 0, 40, 14 
nearly, 0, 29, 14 
purposes, 0, 45, 14 
system, 0, 33, 14 
generally, 0, 44, 14 
strong, 0, 29, 14 
caspian, 0, 37, 14 
elephants, 0, 47, 14 
people, 0, 33, 14 
should, 0, 32, 14 
better, 0, 26, 14 
difficult, 0, 31, 14 
including, 0, 43, 14 
character, 0, 44, 14 
little, 0, 17, 14 
beyond, 0, 36, 14 
distance, 0, 40, 14 
defence, 0, 38, 14 
peshawur, 0, 48, 14 
 , -1, 4, 16 
