# tag, weight, width (pixels), height(pixels)
# last tag is white space (fake)
#after sentinel the data may be repeated for alt fonts
military, 9, 119, 38 
afghanistan, 8, 183, 36 
british, 8, 99, 36 
russian, 8, 115, 36 
russia, 5, 63, 27 
general, 4, 72, 23 
cavalry, 4, 69, 23 
artillery, 2, 52, 17 
valley, 2, 42, 17 
through, 2, 54, 17 
afghan, 1, 39, 15 
troops, 1, 36, 15 
between, 1, 48, 15 
country, 1, 43, 15 
kandahar, 1, 53, 15 
officers, 0, 37, 11 
infantry, 0, 38, 11 
horses, 0, 34, 11 
footnote, 0, 43, 11 
project, 0, 35, 11 
transport, 0, 46, 11 
 , -1, 4, 16 
military, 9, 194, 36 
afghanistan, 8, 263, 32 
british, 8, 152, 32 
russian, 8, 166, 32 
russia, 5, 99, 23 
general, 4, 95, 20 
cavalry, 4, 92, 20 
artillery, 2, 69, 15 
valley, 2, 52, 15 
through, 2, 64, 15 
afghan, 1, 45, 11 
troops, 1, 41, 11 
between, 1, 54, 11 
country, 1, 48, 11 
kandahar, 1, 60, 11 
officers, 0, 47, 10 
infantry, 0, 47, 10 
horses, 0, 40, 10 
footnote, 0, 50, 10 
project, 0, 42, 10 
transport, 0, 55, 10 
 , -1, 4, 16 
military, 9, 108, 44 
afghanistan, 8, 172, 41 
british, 8, 85, 41 
russian, 8, 107, 41 
russia, 5, 67, 31 
general, 4, 58, 25 
cavalry, 4, 55, 25 
artillery, 2, 40, 19 
valley, 2, 33, 19 
through, 2, 43, 19 
afghan, 1, 37, 16 
troops, 1, 33, 16 
between, 1, 46, 16 
country, 1, 39, 16 
kandahar, 1, 50, 16 
officers, 0, 33, 14 
infantry, 0, 34, 14 
horses, 0, 32, 14 
footnote, 0, 38, 14 
project, 0, 31, 14 
transport, 0, 41, 14 
 , -1, 4, 16 
