# tag, weight, width (pixels), height(pixels)
# last tag is white space (fake)
#after sentinel the data may be repeated for alt fonts
father, 9, 94, 38 
roland, 3, 50, 20 
mother, 3, 56, 20 
before, 3, 51, 20 
trevanion, 3, 74, 20 
should, 3, 53, 20 
little, 2, 29, 17 
himself, 2, 51, 17 
fathers, 1, 40, 15 
though, 1, 39, 15 
thought, 1, 43, 15 
vivian, 1, 34, 15 
seemed, 1, 46, 15 
without, 1, 41, 15 
ellinor, 1, 34, 15 
captain, 1, 42, 15 
indeed, 1, 38, 15 
pisistratus, 1, 60, 15 
through, 1, 43, 15 
caxton, 1, 39, 15 
myself, 1, 39, 15 
squills, 1, 37, 15 
nothing, 1, 42, 15 
chapter, 1, 43, 15 
something, 1, 60, 15 
enough, 1, 42, 15 
nature, 1, 36, 15 
looked, 1, 38, 15 
castleton, 0, 47, 11 
between, 0, 44, 11 
blanche, 0, 41, 11 
better, 0, 30, 11 
always, 0, 34, 11 
turned, 0, 33, 11 
brother, 0, 37, 11 
london, 0, 35, 11 
perhaps, 0, 42, 11 
friend, 0, 29, 11 
another, 0, 40, 11 
family, 0, 29, 11 
fortune, 0, 37, 11 
gentleman, 0, 54, 11 
things, 0, 31, 11 
against, 0, 38, 11 
trevanions, 0, 53, 11 
believe, 0, 37, 11 
called, 0, 30, 11 
rolands, 0, 38, 11 
moment, 0, 40, 11 
heaven, 0, 38, 11 
cannot, 0, 35, 11 
rather, 0, 30, 11 
sedley, 0, 33, 11 
return, 0, 30, 11 
certainly, 0, 43, 11 
interest, 0, 38, 11 
looking, 0, 37, 11 
austin, 0, 31, 11 
primmins, 0, 44, 11 
ambition, 0, 43, 11 
having, 0, 34, 11 
towards, 0, 40, 11 
country, 0, 38, 11 
natural, 0, 36, 11 
letter, 0, 26, 11 
mothers, 0, 41, 11 
however, 0, 43, 11 
already, 0, 38, 11 
become, 0, 40, 11 
passed, 0, 37, 11 
peacock, 0, 43, 11 
change, 0, 38, 11 
therefore, 0, 47, 11 
continued, 0, 51, 11 
question, 0, 44, 11 
fellow, 0, 29, 11 
morning, 0, 41, 11 
knowledge, 0, 55, 11 
whether, 0, 41, 11 
within, 0, 29, 11 
master, 0, 34, 11 
strange, 0, 39, 11 
understand, 0, 58, 11 
pretty, 0, 29, 11 
capital, 0, 34, 11 
public, 0, 30, 11 
england, 0, 42, 11 
window, 0, 37, 11 
answer, 0, 36, 11 
yourself, 0, 40, 11 
character, 0, 48, 11 
almost, 0, 33, 11 
suppose, 0, 44, 11 
because, 0, 44, 11 
brought, 0, 40, 11 
suddenly, 0, 46, 11 
amongst, 0, 44, 11 
behind, 0, 35, 11 
certain, 0, 35, 11 
business, 0, 45, 11 
desire, 0, 31, 11 
 , -1, 4, 16 
father, 9, 150, 36 
roland, 3, 69, 17 
mother, 3, 73, 17 
before, 3, 69, 17 
trevanion, 3, 102, 17 
should, 3, 72, 17 
little, 2, 42, 15 
himself, 2, 63, 15 
fathers, 1, 46, 11 
though, 1, 45, 11 
thought, 1, 50, 11 
vivian, 1, 38, 11 
seemed, 1, 49, 11 
without, 1, 47, 11 
ellinor, 1, 41, 11 
captain, 1, 48, 11 
indeed, 1, 44, 11 
pisistratus, 1, 68, 11 
through, 1, 50, 11 
caxton, 1, 43, 11 
myself, 1, 41, 11 
squills, 1, 42, 11 
nothing, 1, 49, 11 
chapter, 1, 49, 11 
something, 1, 66, 11 
enough, 1, 48, 11 
nature, 1, 42, 11 
looked, 1, 43, 11 
castleton, 0, 56, 10 
between, 0, 48, 10 
blanche, 0, 46, 10 
better, 0, 36, 10 
always, 0, 40, 10 
turned, 0, 38, 10 
brother, 0, 43, 10 
london, 0, 39, 10 
perhaps, 0, 47, 10 
friend, 0, 35, 10 
another, 0, 45, 10 
family, 0, 36, 10 
fortune, 0, 43, 10 
gentleman, 0, 60, 10 
things, 0, 37, 10 
against, 0, 44, 10 
trevanions, 0, 63, 10 
believe, 0, 43, 10 
called, 0, 36, 10 
rolands, 0, 44, 10 
moment, 0, 44, 10 
heaven, 0, 42, 10 
cannot, 0, 40, 10 
rather, 0, 36, 10 
sedley, 0, 39, 10 
return, 0, 36, 10 
certainly, 0, 53, 10 
interest, 0, 47, 10 
looking, 0, 43, 10 
austin, 0, 37, 10 
primmins, 0, 52, 10 
ambition, 0, 50, 10 
having, 0, 39, 10 
towards, 0, 46, 10 
country, 0, 45, 10 
natural, 0, 42, 10 
letter, 0, 33, 10 
mothers, 0, 47, 10 
however, 0, 48, 10 
already, 0, 44, 10 
become, 0, 44, 10 
passed, 0, 42, 10 
peacock, 0, 49, 10 
change, 0, 42, 10 
therefore, 0, 55, 10 
continued, 0, 58, 10 
question, 0, 51, 10 
fellow, 0, 35, 10 
morning, 0, 46, 10 
knowledge, 0, 61, 10 
whether, 0, 46, 10 
within, 0, 35, 10 
master, 0, 40, 10 
strange, 0, 45, 10 
understand, 0, 66, 10 
pretty, 0, 36, 10 
capital, 0, 41, 10 
public, 0, 36, 10 
england, 0, 46, 10 
window, 0, 41, 10 
answer, 0, 41, 10 
yourself, 0, 49, 10 
character, 0, 57, 10 
almost, 0, 39, 10 
suppose, 0, 49, 10 
because, 0, 49, 10 
brought, 0, 45, 10 
suddenly, 0, 53, 10 
amongst, 0, 49, 10 
behind, 0, 39, 10 
certain, 0, 42, 10 
business, 0, 53, 10 
desire, 0, 37, 10 
 , -1, 4, 16 
father, 9, 88, 44 
roland, 3, 43, 22 
mother, 3, 51, 22 
before, 3, 45, 22 
trevanion, 3, 64, 22 
should, 3, 46, 22 
little, 2, 20, 19 
himself, 2, 41, 19 
fathers, 1, 36, 16 
though, 1, 37, 16 
thought, 1, 40, 16 
vivian, 1, 29, 16 
seemed, 1, 44, 16 
without, 1, 37, 16 
ellinor, 1, 30, 16 
captain, 1, 38, 16 
indeed, 1, 36, 16 
pisistratus, 1, 51, 16 
through, 1, 41, 16 
caxton, 1, 35, 16 
myself, 1, 34, 16 
squills, 1, 31, 16 
nothing, 1, 39, 16 
chapter, 1, 40, 16 
something, 1, 55, 16 
enough, 1, 41, 16 
nature, 1, 34, 16 
looked, 1, 35, 16 
castleton, 0, 42, 14 
between, 0, 41, 14 
blanche, 0, 38, 14 
better, 0, 26, 14 
always, 0, 33, 14 
turned, 0, 30, 14 
brother, 0, 33, 14 
london, 0, 33, 14 
perhaps, 0, 39, 14 
friend, 0, 26, 14 
another, 0, 36, 14 
family, 0, 27, 14 
fortune, 0, 32, 14 
gentleman, 0, 51, 14 
things, 0, 28, 14 
against, 0, 34, 14 
trevanions, 0, 49, 14 
believe, 0, 34, 14 
called, 0, 28, 14 
rolands, 0, 35, 14 
moment, 0, 39, 14 
heaven, 0, 36, 14 
cannot, 0, 32, 14 
rather, 0, 27, 14 
sedley, 0, 31, 14 
return, 0, 27, 14 
certainly, 0, 39, 14 
interest, 0, 34, 14 
looking, 0, 34, 14 
austin, 0, 28, 14 
primmins, 0, 44, 14 
ambition, 0, 41, 14 
having, 0, 32, 14 
towards, 0, 37, 14 
country, 0, 34, 14 
natural, 0, 32, 14 
letter, 0, 22, 14 
mothers, 0, 38, 14 
however, 0, 41, 14 
already, 0, 35, 14 
become, 0, 39, 14 
passed, 0, 35, 14 
peacock, 0, 40, 14 
change, 0, 36, 14 
therefore, 0, 42, 14 
continued, 0, 47, 14 
question, 0, 41, 14 
fellow, 0, 27, 14 
morning, 0, 39, 14 
knowledge, 0, 53, 14 
whether, 0, 38, 14 
within, 0, 27, 14 
master, 0, 32, 14 
strange, 0, 35, 14 
understand, 0, 54, 14 
pretty, 0, 25, 14 
capital, 0, 30, 14 
public, 0, 28, 14 
england, 0, 39, 14 
window, 0, 37, 14 
answer, 0, 35, 14 
yourself, 0, 37, 14 
character, 0, 44, 14 
almost, 0, 31, 14 
suppose, 0, 41, 14 
because, 0, 41, 14 
brought, 0, 36, 14 
suddenly, 0, 44, 14 
amongst, 0, 41, 14 
behind, 0, 33, 14 
certain, 0, 31, 14 
business, 0, 43, 14 
desire, 0, 29, 14 
 , -1, 4, 16 
