# tag, weight, width (pixels), height(pixels)
# last tag is white space (fake)
#after sentinel the data may be repeated for alt fonts
father, 9, 94, 38 
roland, 2, 45, 17 
mother, 2, 49, 17 
before, 2, 45, 17 
trevanion, 2, 66, 17 
should, 1, 38, 15 
little, 1, 24, 15 
himself, 1, 42, 15 
fathers, 0, 36, 11 
though, 0, 36, 11 
thought, 0, 40, 11 
vivian, 0, 29, 11 
seemed, 0, 40, 11 
without, 0, 37, 11 
ellinor, 0, 31, 11 
captain, 0, 38, 11 
indeed, 0, 35, 11 
pisistratus, 0, 52, 11 
through, 0, 40, 11 
caxton, 0, 34, 11 
myself, 0, 32, 11 
 , -1, 4, 16 
father, 9, 150, 36 
roland, 2, 53, 15 
mother, 2, 58, 15 
before, 2, 54, 15 
trevanion, 2, 80, 15 
should, 1, 43, 11 
little, 1, 30, 11 
himself, 1, 46, 11 
fathers, 0, 43, 10 
though, 0, 40, 10 
thought, 0, 45, 10 
vivian, 0, 36, 10 
seemed, 0, 44, 10 
without, 0, 43, 10 
ellinor, 0, 38, 10 
captain, 0, 44, 10 
indeed, 0, 39, 10 
pisistratus, 0, 65, 10 
through, 0, 45, 10 
caxton, 0, 40, 10 
myself, 0, 39, 10 
 , -1, 4, 16 
father, 9, 88, 44 
roland, 2, 35, 19 
mother, 2, 41, 19 
before, 2, 36, 19 
trevanion, 2, 53, 19 
should, 1, 35, 16 
little, 1, 18, 16 
himself, 1, 37, 16 
fathers, 0, 31, 14 
though, 0, 33, 14 
thought, 0, 35, 14 
vivian, 0, 27, 14 
seemed, 0, 39, 14 
without, 0, 33, 14 
ellinor, 0, 28, 14 
captain, 0, 34, 14 
indeed, 0, 33, 14 
pisistratus, 0, 46, 14 
through, 0, 36, 14 
caxton, 0, 31, 14 
myself, 0, 30, 14 
 , -1, 4, 16 
