# tag, weight, width (pixels), height(pixels)
# last tag is white space (fake)
#after sentinel the data may be repeated for alt fonts
father, 9, 94, 38 
roland, 3, 50, 20 
mother, 3, 56, 20 
before, 3, 51, 20 
trevanion, 3, 74, 20 
should, 2, 48, 17 
little, 2, 29, 17 
himself, 2, 51, 17 
fathers, 1, 40, 15 
though, 1, 39, 15 
thought, 1, 43, 15 
vivian, 1, 34, 15 
seemed, 1, 46, 15 
without, 1, 41, 15 
ellinor, 1, 34, 15 
captain, 1, 42, 15 
indeed, 0, 35, 11 
pisistratus, 0, 52, 11 
through, 0, 40, 11 
caxton, 0, 34, 11 
myself, 0, 32, 11 
squills, 0, 32, 11 
nothing, 0, 39, 11 
chapter, 0, 39, 11 
something, 0, 53, 11 
enough, 0, 39, 11 
nature, 0, 33, 11 
looked, 0, 34, 11 
castleton, 0, 47, 11 
between, 0, 44, 11 
blanche, 0, 41, 11 
better, 0, 30, 11 
always, 0, 34, 11 
turned, 0, 33, 11 
brother, 0, 37, 11 
london, 0, 35, 11 
perhaps, 0, 42, 11 
friend, 0, 29, 11 
another, 0, 40, 11 
family, 0, 29, 11 
fortune, 0, 37, 11 
gentleman, 0, 54, 11 
things, 0, 31, 11 
against, 0, 38, 11 
trevanions, 0, 53, 11 
believe, 0, 37, 11 
called, 0, 30, 11 
rolands, 0, 38, 11 
moment, 0, 40, 11 
heaven, 0, 38, 11 
cannot, 0, 35, 11 
 , -1, 4, 16 
father, 9, 150, 36 
roland, 3, 69, 17 
mother, 3, 73, 17 
before, 3, 69, 17 
trevanion, 3, 102, 17 
should, 2, 56, 15 
little, 2, 42, 15 
himself, 2, 63, 15 
fathers, 1, 46, 11 
though, 1, 45, 11 
thought, 1, 50, 11 
vivian, 1, 38, 11 
seemed, 1, 49, 11 
without, 1, 47, 11 
ellinor, 1, 41, 11 
captain, 1, 48, 11 
indeed, 0, 39, 10 
pisistratus, 0, 65, 10 
through, 0, 45, 10 
caxton, 0, 40, 10 
myself, 0, 39, 10 
squills, 0, 40, 10 
nothing, 0, 44, 10 
chapter, 0, 45, 10 
something, 0, 60, 10 
enough, 0, 42, 10 
nature, 0, 38, 10 
looked, 0, 39, 10 
castleton, 0, 56, 10 
between, 0, 48, 10 
blanche, 0, 46, 10 
better, 0, 36, 10 
always, 0, 40, 10 
turned, 0, 38, 10 
brother, 0, 43, 10 
london, 0, 39, 10 
perhaps, 0, 47, 10 
friend, 0, 35, 10 
another, 0, 45, 10 
family, 0, 36, 10 
fortune, 0, 43, 10 
gentleman, 0, 60, 10 
things, 0, 37, 10 
against, 0, 44, 10 
trevanions, 0, 63, 10 
believe, 0, 43, 10 
called, 0, 36, 10 
rolands, 0, 44, 10 
moment, 0, 44, 10 
heaven, 0, 42, 10 
cannot, 0, 40, 10 
 , -1, 4, 16 
father, 9, 88, 44 
roland, 3, 43, 22 
mother, 3, 51, 22 
before, 3, 45, 22 
trevanion, 3, 64, 22 
should, 2, 38, 19 
little, 2, 20, 19 
himself, 2, 41, 19 
fathers, 1, 36, 16 
though, 1, 37, 16 
thought, 1, 40, 16 
vivian, 1, 29, 16 
seemed, 1, 44, 16 
without, 1, 37, 16 
ellinor, 1, 30, 16 
captain, 1, 38, 16 
indeed, 0, 33, 14 
pisistratus, 0, 46, 14 
through, 0, 36, 14 
caxton, 0, 31, 14 
myself, 0, 30, 14 
squills, 0, 29, 14 
nothing, 0, 35, 14 
chapter, 0, 35, 14 
something, 0, 50, 14 
enough, 0, 37, 14 
nature, 0, 30, 14 
looked, 0, 32, 14 
castleton, 0, 42, 14 
between, 0, 41, 14 
blanche, 0, 38, 14 
better, 0, 26, 14 
always, 0, 33, 14 
turned, 0, 30, 14 
brother, 0, 33, 14 
london, 0, 33, 14 
perhaps, 0, 39, 14 
friend, 0, 26, 14 
another, 0, 36, 14 
family, 0, 27, 14 
fortune, 0, 32, 14 
gentleman, 0, 51, 14 
things, 0, 28, 14 
against, 0, 34, 14 
trevanions, 0, 49, 14 
believe, 0, 34, 14 
called, 0, 28, 14 
rolands, 0, 35, 14 
moment, 0, 39, 14 
heaven, 0, 36, 14 
cannot, 0, 32, 14 
 , -1, 4, 16 
