# tag, weight, width (pixels), height(pixels)
# last tag is white space (fake)
#after sentinel the data may be repeated for alt fonts
father, 9, 94, 38 
roland, 3, 50, 20 
mother, 3, 56, 20 
before, 3, 51, 20 
trevanion, 3, 74, 20 
should, 3, 53, 20 
little, 3, 32, 20 
himself, 2, 51, 17 
fathers, 1, 40, 15 
though, 1, 39, 15 
thought, 1, 43, 15 
vivian, 1, 34, 15 
seemed, 1, 46, 15 
without, 1, 41, 15 
ellinor, 1, 34, 15 
captain, 1, 42, 15 
indeed, 1, 38, 15 
pisistratus, 1, 60, 15 
through, 1, 43, 15 
caxton, 1, 39, 15 
myself, 1, 39, 15 
squills, 1, 37, 15 
nothing, 1, 42, 15 
chapter, 1, 43, 15 
something, 1, 60, 15 
enough, 1, 42, 15 
nature, 1, 36, 15 
looked, 1, 38, 15 
castleton, 1, 53, 15 
between, 1, 48, 15 
blanche, 1, 45, 15 
better, 1, 33, 15 
always, 0, 34, 11 
turned, 0, 33, 11 
brother, 0, 37, 11 
london, 0, 35, 11 
perhaps, 0, 42, 11 
friend, 0, 29, 11 
another, 0, 40, 11 
family, 0, 29, 11 
fortune, 0, 37, 11 
gentleman, 0, 54, 11 
things, 0, 31, 11 
against, 0, 38, 11 
trevanions, 0, 53, 11 
believe, 0, 37, 11 
called, 0, 30, 11 
rolands, 0, 38, 11 
moment, 0, 40, 11 
heaven, 0, 38, 11 
cannot, 0, 35, 11 
rather, 0, 30, 11 
sedley, 0, 33, 11 
return, 0, 30, 11 
certainly, 0, 43, 11 
interest, 0, 38, 11 
looking, 0, 37, 11 
austin, 0, 31, 11 
primmins, 0, 44, 11 
ambition, 0, 43, 11 
having, 0, 34, 11 
towards, 0, 40, 11 
country, 0, 38, 11 
natural, 0, 36, 11 
letter, 0, 26, 11 
mothers, 0, 41, 11 
however, 0, 43, 11 
already, 0, 38, 11 
become, 0, 40, 11 
passed, 0, 37, 11 
peacock, 0, 43, 11 
change, 0, 38, 11 
therefore, 0, 47, 11 
continued, 0, 51, 11 
question, 0, 44, 11 
fellow, 0, 29, 11 
morning, 0, 41, 11 
knowledge, 0, 55, 11 
whether, 0, 41, 11 
within, 0, 29, 11 
master, 0, 34, 11 
strange, 0, 39, 11 
understand, 0, 58, 11 
pretty, 0, 29, 11 
capital, 0, 34, 11 
public, 0, 30, 11 
england, 0, 42, 11 
window, 0, 37, 11 
answer, 0, 36, 11 
yourself, 0, 40, 11 
character, 0, 48, 11 
almost, 0, 33, 11 
suppose, 0, 44, 11 
because, 0, 44, 11 
brought, 0, 40, 11 
suddenly, 0, 46, 11 
amongst, 0, 44, 11 
behind, 0, 35, 11 
certain, 0, 35, 11 
business, 0, 45, 11 
desire, 0, 31, 11 
either, 0, 29, 11 
people, 0, 35, 11 
placed, 0, 34, 11 
really, 0, 27, 11 
amidst, 0, 33, 11 
servant, 0, 38, 11 
tibbets, 0, 35, 11 
street, 0, 29, 11 
strong, 0, 32, 11 
caught, 0, 35, 11 
thoughts, 0, 45, 11 
project, 0, 35, 11 
affection, 0, 45, 11 
beaudesert, 0, 58, 11 
itself, 0, 24, 11 
together, 0, 43, 11 
stopped, 0, 42, 11 
matter, 0, 32, 11 
gentlemen, 0, 54, 11 
society, 0, 36, 11 
course, 0, 34, 11 
soldier, 0, 34, 11 
cousin, 0, 33, 11 
present, 0, 39, 11 
vivians, 0, 35, 11 
children, 0, 40, 11 
spirit, 0, 24, 11 
daughter, 0, 46, 11 
others, 0, 32, 11 
happiness, 0, 53, 11 
returned, 0, 43, 11 
school, 0, 33, 11 
anything, 0, 44, 11 
breast, 0, 32, 11 
answered, 0, 49, 11 
future, 0, 30, 11 
pleasure, 0, 44, 11 
passion, 0, 40, 11 
opened, 0, 39, 11 
struck, 0, 30, 11 
effect, 0, 29, 11 
please, 0, 34, 11 
object, 0, 31, 11 
entered, 0, 40, 11 
uncles, 0, 33, 11 
silence, 0, 36, 11 
thousand, 0, 48, 11 
became, 0, 40, 11 
ground, 0, 36, 11 
herself, 0, 35, 11 
neither, 0, 36, 11 
manner, 0, 38, 11 
practical, 0, 43, 11 
marquis, 0, 40, 11 
arrived, 0, 35, 11 
friends, 0, 35, 11 
taking, 0, 31, 11 
picture, 0, 35, 11 
wonder, 0, 37, 11 
scarcely, 0, 41, 11 
followed, 0, 42, 11 
remember, 0, 50, 11 
whatever, 0, 46, 11 
simple, 0, 32, 11 
themselves, 0, 57, 11 
smiling, 0, 35, 11 
learned, 0, 39, 11 
secret, 0, 31, 11 
somewhat, 0, 51, 11 
silent, 0, 27, 11 
reason, 0, 35, 11 
english, 0, 37, 11 
carriage, 0, 41, 11 
acquaintance, 0, 69, 11 
chance, 0, 37, 11 
letters, 0, 32, 11 
corner, 0, 32, 11 
purpose, 0, 42, 11 
gently, 0, 31, 11 
different, 0, 43, 11 
pleased, 0, 41, 11 
seeing, 0, 34, 11 
scholar, 0, 37, 11 
possible, 0, 42, 11 
conversation, 0, 65, 11 
settled, 0, 35, 11 
wholly, 0, 31, 11 
history, 0, 34, 11 
common, 0, 42, 11 
surprise, 0, 40, 11 
experience, 0, 56, 11 
months, 0, 37, 11 
broken, 0, 35, 11 
french, 0, 32, 11 
reading, 0, 39, 11 
exclaimed, 0, 51, 11 
coming, 0, 36, 11 
person, 0, 35, 11 
literary, 0, 34, 11 
saying, 0, 33, 11 
 , -1, 4, 16 
father, 9, 150, 36 
roland, 3, 69, 17 
mother, 3, 73, 17 
before, 3, 69, 17 
trevanion, 3, 102, 17 
should, 3, 72, 17 
little, 3, 53, 17 
himself, 2, 63, 15 
fathers, 1, 46, 11 
though, 1, 45, 11 
thought, 1, 50, 11 
vivian, 1, 38, 11 
seemed, 1, 49, 11 
without, 1, 47, 11 
ellinor, 1, 41, 11 
captain, 1, 48, 11 
indeed, 1, 44, 11 
pisistratus, 1, 68, 11 
through, 1, 50, 11 
caxton, 1, 43, 11 
myself, 1, 41, 11 
squills, 1, 42, 11 
nothing, 1, 49, 11 
chapter, 1, 49, 11 
something, 1, 66, 11 
enough, 1, 48, 11 
nature, 1, 42, 11 
looked, 1, 43, 11 
castleton, 1, 60, 11 
between, 1, 54, 11 
blanche, 1, 51, 11 
better, 1, 39, 11 
always, 0, 40, 10 
turned, 0, 38, 10 
brother, 0, 43, 10 
london, 0, 39, 10 
perhaps, 0, 47, 10 
friend, 0, 35, 10 
another, 0, 45, 10 
family, 0, 36, 10 
fortune, 0, 43, 10 
gentleman, 0, 60, 10 
things, 0, 37, 10 
against, 0, 44, 10 
trevanions, 0, 63, 10 
believe, 0, 43, 10 
called, 0, 36, 10 
rolands, 0, 44, 10 
moment, 0, 44, 10 
heaven, 0, 42, 10 
cannot, 0, 40, 10 
rather, 0, 36, 10 
sedley, 0, 39, 10 
return, 0, 36, 10 
certainly, 0, 53, 10 
interest, 0, 47, 10 
looking, 0, 43, 10 
austin, 0, 37, 10 
primmins, 0, 52, 10 
ambition, 0, 50, 10 
having, 0, 39, 10 
towards, 0, 46, 10 
country, 0, 45, 10 
natural, 0, 42, 10 
letter, 0, 33, 10 
mothers, 0, 47, 10 
however, 0, 48, 10 
already, 0, 44, 10 
become, 0, 44, 10 
passed, 0, 42, 10 
peacock, 0, 49, 10 
change, 0, 42, 10 
therefore, 0, 55, 10 
continued, 0, 58, 10 
question, 0, 51, 10 
fellow, 0, 35, 10 
morning, 0, 46, 10 
knowledge, 0, 61, 10 
whether, 0, 46, 10 
within, 0, 35, 10 
master, 0, 40, 10 
strange, 0, 45, 10 
understand, 0, 66, 10 
pretty, 0, 36, 10 
capital, 0, 41, 10 
public, 0, 36, 10 
england, 0, 46, 10 
window, 0, 41, 10 
answer, 0, 41, 10 
yourself, 0, 49, 10 
character, 0, 57, 10 
almost, 0, 39, 10 
suppose, 0, 49, 10 
because, 0, 49, 10 
brought, 0, 45, 10 
suddenly, 0, 53, 10 
amongst, 0, 49, 10 
behind, 0, 39, 10 
certain, 0, 42, 10 
business, 0, 53, 10 
desire, 0, 37, 10 
either, 0, 35, 10 
people, 0, 39, 10 
placed, 0, 39, 10 
really, 0, 34, 10 
amidst, 0, 39, 10 
servant, 0, 45, 10 
tibbets, 0, 42, 10 
street, 0, 36, 10 
strong, 0, 38, 10 
caught, 0, 40, 10 
thoughts, 0, 52, 10 
project, 0, 42, 10 
affection, 0, 54, 10 
beaudesert, 0, 66, 10 
itself, 0, 32, 10 
together, 0, 50, 10 
stopped, 0, 47, 10 
matter, 0, 38, 10 
gentlemen, 0, 60, 10 
society, 0, 44, 10 
course, 0, 40, 10 
soldier, 0, 41, 10 
cousin, 0, 39, 10 
present, 0, 45, 10 
vivians, 0, 43, 10 
children, 0, 48, 10 
spirit, 0, 32, 10 
daughter, 0, 52, 10 
others, 0, 38, 10 
happiness, 0, 60, 10 
returned, 0, 50, 10 
school, 0, 39, 10 
anything, 0, 51, 10 
breast, 0, 38, 10 
answered, 0, 55, 10 
future, 0, 36, 10 
pleasure, 0, 51, 10 
passion, 0, 46, 10 
opened, 0, 42, 10 
struck, 0, 38, 10 
effect, 0, 36, 10 
please, 0, 39, 10 
object, 0, 37, 10 
entered, 0, 45, 10 
uncles, 0, 39, 10 
silence, 0, 43, 10 
thousand, 0, 54, 10 
became, 0, 44, 10 
ground, 0, 40, 10 
herself, 0, 42, 10 
neither, 0, 42, 10 
manner, 0, 42, 10 
practical, 0, 53, 10 
marquis, 0, 46, 10 
arrived, 0, 42, 10 
friends, 0, 42, 10 
taking, 0, 37, 10 
picture, 0, 42, 10 
wonder, 0, 41, 10 
scarcely, 0, 51, 10 
followed, 0, 49, 10 
remember, 0, 56, 10 
whatever, 0, 53, 10 
simple, 0, 38, 10 
themselves, 0, 67, 10 
smiling, 0, 42, 10 
learned, 0, 44, 10 
secret, 0, 38, 10 
somewhat, 0, 57, 10 
silent, 0, 34, 10 
reason, 0, 40, 10 
english, 0, 43, 10 
carriage, 0, 49, 10 
acquaintance, 0, 79, 10 
chance, 0, 42, 10 
letters, 0, 40, 10 
corner, 0, 38, 10 
purpose, 0, 47, 10 
gently, 0, 37, 10 
different, 0, 52, 10 
pleased, 0, 46, 10 
seeing, 0, 39, 10 
scholar, 0, 44, 10 
possible, 0, 50, 10 
conversation, 0, 77, 10 
settled, 0, 42, 10 
wholly, 0, 37, 10 
history, 0, 42, 10 
common, 0, 46, 10 
surprise, 0, 49, 10 
experience, 0, 65, 10 
months, 0, 42, 10 
broken, 0, 40, 10 
french, 0, 38, 10 
reading, 0, 44, 10 
exclaimed, 0, 59, 10 
coming, 0, 41, 10 
person, 0, 40, 10 
literary, 0, 44, 10 
saying, 0, 39, 10 
 , -1, 4, 16 
father, 9, 88, 44 
roland, 3, 43, 22 
mother, 3, 51, 22 
before, 3, 45, 22 
trevanion, 3, 64, 22 
should, 3, 46, 22 
little, 3, 23, 22 
himself, 2, 41, 19 
fathers, 1, 36, 16 
though, 1, 37, 16 
thought, 1, 40, 16 
vivian, 1, 29, 16 
seemed, 1, 44, 16 
without, 1, 37, 16 
ellinor, 1, 30, 16 
captain, 1, 38, 16 
indeed, 1, 36, 16 
pisistratus, 1, 51, 16 
through, 1, 41, 16 
caxton, 1, 35, 16 
myself, 1, 34, 16 
squills, 1, 31, 16 
nothing, 1, 39, 16 
chapter, 1, 40, 16 
something, 1, 55, 16 
enough, 1, 41, 16 
nature, 1, 34, 16 
looked, 1, 35, 16 
castleton, 1, 46, 16 
between, 1, 46, 16 
blanche, 1, 42, 16 
better, 1, 30, 16 
always, 0, 33, 14 
turned, 0, 30, 14 
brother, 0, 33, 14 
london, 0, 33, 14 
perhaps, 0, 39, 14 
friend, 0, 26, 14 
another, 0, 36, 14 
family, 0, 27, 14 
fortune, 0, 32, 14 
gentleman, 0, 51, 14 
things, 0, 28, 14 
against, 0, 34, 14 
trevanions, 0, 49, 14 
believe, 0, 34, 14 
called, 0, 28, 14 
rolands, 0, 35, 14 
moment, 0, 39, 14 
heaven, 0, 36, 14 
cannot, 0, 32, 14 
rather, 0, 27, 14 
sedley, 0, 31, 14 
return, 0, 27, 14 
certainly, 0, 39, 14 
interest, 0, 34, 14 
looking, 0, 34, 14 
austin, 0, 28, 14 
primmins, 0, 44, 14 
ambition, 0, 41, 14 
having, 0, 32, 14 
towards, 0, 37, 14 
country, 0, 34, 14 
natural, 0, 32, 14 
letter, 0, 22, 14 
mothers, 0, 38, 14 
however, 0, 41, 14 
already, 0, 35, 14 
become, 0, 39, 14 
passed, 0, 35, 14 
peacock, 0, 40, 14 
change, 0, 36, 14 
therefore, 0, 42, 14 
continued, 0, 47, 14 
question, 0, 41, 14 
fellow, 0, 27, 14 
morning, 0, 39, 14 
knowledge, 0, 53, 14 
whether, 0, 38, 14 
within, 0, 27, 14 
master, 0, 32, 14 
strange, 0, 35, 14 
understand, 0, 54, 14 
pretty, 0, 25, 14 
capital, 0, 30, 14 
public, 0, 28, 14 
england, 0, 39, 14 
window, 0, 37, 14 
answer, 0, 35, 14 
yourself, 0, 37, 14 
character, 0, 44, 14 
almost, 0, 31, 14 
suppose, 0, 41, 14 
because, 0, 41, 14 
brought, 0, 36, 14 
suddenly, 0, 44, 14 
amongst, 0, 41, 14 
behind, 0, 33, 14 
certain, 0, 31, 14 
business, 0, 43, 14 
desire, 0, 29, 14 
either, 0, 26, 14 
people, 0, 33, 14 
placed, 0, 32, 14 
really, 0, 25, 14 
amidst, 0, 31, 14 
servant, 0, 34, 14 
tibbets, 0, 30, 14 
street, 0, 25, 14 
strong, 0, 29, 14 
caught, 0, 32, 14 
thoughts, 0, 41, 14 
project, 0, 31, 14 
affection, 0, 39, 14 
beaudesert, 0, 54, 14 
itself, 0, 20, 14 
together, 0, 39, 14 
stopped, 0, 38, 14 
matter, 0, 29, 14 
gentlemen, 0, 51, 14 
society, 0, 32, 14 
course, 0, 32, 14 
soldier, 0, 31, 14 
cousin, 0, 31, 14 
present, 0, 35, 14 
vivians, 0, 32, 14 
children, 0, 38, 14 
spirit, 0, 21, 14 
daughter, 0, 43, 14 
others, 0, 29, 14 
happiness, 0, 50, 14 
returned, 0, 40, 14 
school, 0, 31, 14 
anything, 0, 41, 14 
breast, 0, 29, 14 
answered, 0, 48, 14 
future, 0, 26, 14 
pleasure, 0, 42, 14 
passion, 0, 37, 14 
opened, 0, 37, 14 
struck, 0, 27, 14 
effect, 0, 24, 14 
please, 0, 32, 14 
object, 0, 28, 14 
entered, 0, 36, 14 
uncles, 0, 31, 14 
silence, 0, 33, 14 
thousand, 0, 45, 14 
became, 0, 39, 14 
ground, 0, 34, 14 
herself, 0, 31, 14 
neither, 0, 32, 14 
manner, 0, 37, 14 
practical, 0, 39, 14 
marquis, 0, 38, 14 
arrived, 0, 32, 14 
friends, 0, 31, 14 
taking, 0, 28, 14 
picture, 0, 31, 14 
wonder, 0, 36, 14 
scarcely, 0, 39, 14 
followed, 0, 40, 14 
remember, 0, 50, 14 
whatever, 0, 44, 14 
simple, 0, 31, 14 
themselves, 0, 54, 14 
smiling, 0, 33, 14 
learned, 0, 36, 14 
secret, 0, 28, 14 
somewhat, 0, 50, 14 
silent, 0, 24, 14 
reason, 0, 33, 14 
english, 0, 34, 14 
carriage, 0, 39, 14 
acquaintance, 0, 64, 14 
chance, 0, 35, 14 
letters, 0, 27, 14 
corner, 0, 30, 14 
purpose, 0, 39, 14 
gently, 0, 28, 14 
different, 0, 37, 14 
pleased, 0, 38, 14 
seeing, 0, 32, 14 
scholar, 0, 34, 14 
possible, 0, 40, 14 
conversation, 0, 60, 14 
settled, 0, 30, 14 
wholly, 0, 30, 14 
history, 0, 30, 14 
common, 0, 42, 14 
surprise, 0, 38, 14 
experience, 0, 53, 14 
months, 0, 35, 14 
broken, 0, 33, 14 
french, 0, 29, 14 
reading, 0, 36, 14 
exclaimed, 0, 49, 14 
coming, 0, 35, 14 
person, 0, 33, 14 
literary, 0, 31, 14 
saying, 0, 31, 14 
 , -1, 4, 16 
