# tag, weight, width (pixels), height(pixels)
# last tag is white space (fake)
#after sentinel the data may be repeated for alt fonts
thornton, 9, 140, 38 
through, 9, 129, 38 
though, 6, 89, 30 
francois, 5, 83, 27 
himself, 4, 68, 23 
hundred, 3, 66, 20 
perrault, 3, 61, 20 
before, 3, 51, 20 
things, 3, 48, 20 
between, 2, 61, 17 
another, 2, 54, 17 
project, 2, 48, 17 
behind, 2, 49, 17 
traces, 2, 43, 17 
solleks, 2, 50, 17 
sprang, 2, 49, 17 
seemed, 2, 57, 17 
because, 2, 61, 17 
around, 2, 50, 17 
forest, 1, 33, 15 
should, 1, 38, 15 
nothing, 1, 42, 15 
turned, 1, 36, 15 
morning, 1, 46, 15 
strength, 1, 47, 15 
thorntons, 1, 54, 15 
dawson, 1, 44, 15 
mercedes, 1, 57, 15 
without, 1, 41, 15 
against, 1, 42, 15 
throat, 1, 33, 15 
matter, 0, 32, 11 
huskies, 0, 39, 11 
straight, 0, 38, 11 
called, 0, 30, 11 
brought, 0, 40, 11 
gutenberg, 0, 53, 11 
little, 0, 21, 11 
became, 0, 40, 11 
dropped, 0, 43, 11 
charles, 0, 37, 11 
living, 0, 26, 11 
across, 0, 33, 11 
together, 0, 43, 11 
sometimes, 0, 54, 11 
looked, 0, 34, 11 
pulled, 0, 31, 11 
shoulder, 0, 44, 11 
strange, 0, 39, 11 
ground, 0, 36, 11 
passed, 0, 37, 11 
brother, 0, 37, 11 
driver, 0, 28, 11 
started, 0, 36, 11 
thousand, 0, 48, 11 
nights, 0, 31, 11 
toward, 0, 34, 11 
struck, 0, 30, 11 
manner, 0, 38, 11 
spring, 0, 31, 11 
longer, 0, 32, 11 
slowly, 0, 30, 11 
valley, 0, 29, 11 
pounds, 0, 38, 11 
caught, 0, 35, 11 
movement, 0, 52, 11 
forward, 0, 38, 11 
muscles, 0, 41, 11 
harness, 0, 41, 11 
others, 0, 32, 11 
travel, 0, 28, 11 
followed, 0, 42, 11 
billee, 0, 27, 11 
sweater, 0, 40, 11 
remained, 0, 47, 11 
nature, 0, 33, 11 
dragged, 0, 43, 11 
halfbreed, 0, 49, 11 
snarling, 0, 40, 11 
itself, 0, 24, 11 
terrible, 0, 35, 11 
running, 0, 39, 11 
distance, 0, 43, 11 
received, 0, 43, 11 
circle, 0, 26, 11 
yeehats, 0, 41, 11 
always, 0, 34, 11 
tongue, 0, 36, 11 
cunning, 0, 41, 11 
killed, 0, 26, 11 
instant, 0, 35, 11 
learned, 0, 39, 11 
trouble, 0, 36, 11 
outside, 0, 38, 11 
second, 0, 37, 11 
weight, 0, 33, 11 
neither, 0, 36, 11 
timber, 0, 31, 11 
strong, 0, 32, 11 
beaten, 0, 36, 11 
etexts, 0, 31, 11 
 , -1, 4, 16 
thornton, 9, 214, 36 
through, 9, 193, 36 
though, 6, 125, 27 
francois, 5, 131, 23 
himself, 4, 92, 20 
hundred, 3, 87, 17 
perrault, 3, 86, 17 
before, 3, 69, 17 
things, 3, 67, 17 
between, 2, 69, 15 
another, 2, 64, 15 
project, 2, 60, 15 
behind, 2, 56, 15 
traces, 2, 54, 15 
solleks, 2, 62, 15 
sprang, 2, 57, 15 
seemed, 2, 64, 15 
because, 2, 70, 15 
around, 2, 57, 15 
forest, 1, 38, 11 
should, 1, 43, 11 
nothing, 1, 49, 11 
turned, 1, 42, 11 
morning, 1, 51, 11 
strength, 1, 54, 11 
thorntons, 1, 62, 11 
dawson, 1, 48, 11 
mercedes, 1, 61, 11 
without, 1, 47, 11 
against, 1, 48, 11 
throat, 1, 39, 11 
matter, 0, 38, 10 
huskies, 0, 46, 10 
straight, 0, 47, 10 
called, 0, 36, 10 
brought, 0, 45, 10 
gutenberg, 0, 59, 10 
little, 0, 29, 10 
became, 0, 44, 10 
dropped, 0, 47, 10 
charles, 0, 44, 10 
living, 0, 33, 10 
across, 0, 40, 10 
together, 0, 50, 10 
sometimes, 0, 62, 10 
looked, 0, 39, 10 
pulled, 0, 36, 10 
shoulder, 0, 51, 10 
strange, 0, 45, 10 
ground, 0, 40, 10 
passed, 0, 42, 10 
brother, 0, 43, 10 
driver, 0, 35, 10 
started, 0, 43, 10 
thousand, 0, 54, 10 
nights, 0, 37, 10 
toward, 0, 39, 10 
struck, 0, 38, 10 
manner, 0, 42, 10 
spring, 0, 37, 10 
longer, 0, 37, 10 
slowly, 0, 37, 10 
valley, 0, 36, 10 
pounds, 0, 42, 10 
caught, 0, 40, 10 
movement, 0, 58, 10 
forward, 0, 44, 10 
muscles, 0, 48, 10 
harness, 0, 47, 10 
others, 0, 38, 10 
travel, 0, 35, 10 
followed, 0, 49, 10 
billee, 0, 33, 10 
sweater, 0, 46, 10 
remained, 0, 53, 10 
nature, 0, 38, 10 
dragged, 0, 47, 10 
halfbreed, 0, 56, 10 
snarling, 0, 48, 10 
itself, 0, 32, 10 
terrible, 0, 44, 10 
running, 0, 44, 10 
distance, 0, 51, 10 
received, 0, 51, 10 
circle, 0, 34, 10 
yeehats, 0, 47, 10 
always, 0, 40, 10 
tongue, 0, 40, 10 
cunning, 0, 46, 10 
killed, 0, 33, 10 
instant, 0, 42, 10 
learned, 0, 44, 10 
trouble, 0, 42, 10 
outside, 0, 44, 10 
second, 0, 42, 10 
weight, 0, 38, 10 
neither, 0, 42, 10 
timber, 0, 37, 10 
strong, 0, 38, 10 
beaten, 0, 40, 10 
etexts, 0, 38, 10 
 , -1, 4, 16 
thornton, 9, 127, 44 
through, 9, 119, 44 
though, 6, 83, 33 
francois, 5, 88, 31 
himself, 4, 55, 25 
hundred, 3, 59, 22 
perrault, 3, 52, 22 
before, 3, 45, 22 
things, 3, 41, 22 
between, 2, 49, 19 
another, 2, 43, 19 
project, 2, 38, 19 
behind, 2, 38, 19 
traces, 2, 36, 19 
solleks, 2, 40, 19 
sprang, 2, 40, 19 
seemed, 2, 48, 19 
because, 2, 50, 19 
around, 2, 40, 19 
forest, 1, 29, 16 
should, 1, 35, 16 
nothing, 1, 39, 16 
turned, 1, 34, 16 
morning, 1, 44, 16 
strength, 1, 42, 16 
thorntons, 1, 49, 16 
dawson, 1, 42, 16 
mercedes, 1, 53, 16 
without, 1, 37, 16 
against, 1, 38, 16 
throat, 1, 30, 16 
matter, 0, 29, 14 
huskies, 0, 36, 14 
straight, 0, 34, 14 
called, 0, 28, 14 
brought, 0, 36, 14 
gutenberg, 0, 49, 14 
little, 0, 17, 14 
became, 0, 39, 14 
dropped, 0, 40, 14 
charles, 0, 34, 14 
living, 0, 24, 14 
across, 0, 31, 14 
together, 0, 39, 14 
sometimes, 0, 52, 14 
looked, 0, 32, 14 
pulled, 0, 29, 14 
shoulder, 0, 42, 14 
strange, 0, 35, 14 
ground, 0, 34, 14 
passed, 0, 35, 14 
brother, 0, 33, 14 
driver, 0, 26, 14 
started, 0, 31, 14 
thousand, 0, 45, 14 
nights, 0, 28, 14 
toward, 0, 32, 14 
struck, 0, 27, 14 
manner, 0, 37, 14 
spring, 0, 29, 14 
longer, 0, 30, 14 
slowly, 0, 29, 14 
valley, 0, 27, 14 
pounds, 0, 36, 14 
caught, 0, 32, 14 
movement, 0, 51, 14 
forward, 0, 35, 14 
muscles, 0, 39, 14 
harness, 0, 38, 14 
others, 0, 29, 14 
travel, 0, 25, 14 
followed, 0, 40, 14 
billee, 0, 25, 14 
sweater, 0, 37, 14 
remained, 0, 46, 14 
nature, 0, 30, 14 
dragged, 0, 40, 14 
halfbreed, 0, 45, 14 
snarling, 0, 38, 14 
itself, 0, 20, 14 
terrible, 0, 32, 14 
running, 0, 36, 14 
distance, 0, 40, 14 
received, 0, 41, 14 
circle, 0, 24, 14 
yeehats, 0, 37, 14 
always, 0, 33, 14 
tongue, 0, 33, 14 
cunning, 0, 38, 14 
killed, 0, 24, 14 
instant, 0, 30, 14 
learned, 0, 36, 14 
trouble, 0, 32, 14 
outside, 0, 34, 14 
second, 0, 35, 14 
weight, 0, 31, 14 
neither, 0, 32, 14 
timber, 0, 29, 14 
strong, 0, 29, 14 
beaten, 0, 33, 14 
etexts, 0, 27, 14 
 , -1, 4, 16 
