# tag, weight, width (pixels), height(pixels)
# last tag is white space (fake)
#after sentinel the data may be repeated for alt fonts
thornton, 9, 140, 38 
through, 8, 123, 36 
though, 5, 72, 27 
francois, 5, 83, 27 
himself, 4, 68, 23 
hundred, 3, 66, 20 
perrault, 3, 61, 20 
before, 2, 45, 17 
things, 2, 43, 17 
between, 2, 61, 17 
another, 2, 54, 17 
project, 2, 48, 17 
behind, 1, 38, 15 
traces, 1, 36, 15 
solleks, 1, 41, 15 
sprang, 1, 39, 15 
seemed, 1, 46, 15 
because, 1, 49, 15 
around, 1, 39, 15 
forest, 1, 33, 15 
should, 1, 38, 15 
nothing, 1, 42, 15 
turned, 1, 36, 15 
morning, 0, 41, 11 
strength, 0, 42, 11 
thorntons, 0, 49, 11 
dawson, 0, 39, 11 
mercedes, 0, 49, 11 
without, 0, 37, 11 
against, 0, 38, 11 
throat, 0, 30, 11 
matter, 0, 32, 11 
huskies, 0, 39, 11 
straight, 0, 38, 11 
called, 0, 30, 11 
brought, 0, 40, 11 
gutenberg, 0, 53, 11 
little, 0, 21, 11 
became, 0, 40, 11 
dropped, 0, 43, 11 
charles, 0, 37, 11 
living, 0, 26, 11 
across, 0, 33, 11 
together, 0, 43, 11 
sometimes, 0, 54, 11 
looked, 0, 34, 11 
pulled, 0, 31, 11 
shoulder, 0, 44, 11 
strange, 0, 39, 11 
ground, 0, 36, 11 
passed, 0, 37, 11 
 , -1, 4, 16 
thornton, 9, 214, 36 
through, 8, 174, 32 
though, 5, 108, 23 
francois, 5, 131, 23 
himself, 4, 92, 20 
hundred, 3, 87, 17 
perrault, 3, 86, 17 
before, 2, 54, 15 
things, 2, 53, 15 
between, 2, 69, 15 
another, 2, 64, 15 
project, 2, 60, 15 
behind, 1, 44, 11 
traces, 1, 40, 11 
solleks, 1, 45, 11 
sprang, 1, 44, 11 
seemed, 1, 49, 11 
because, 1, 54, 11 
around, 1, 45, 11 
forest, 1, 38, 11 
should, 1, 43, 11 
nothing, 1, 49, 11 
turned, 1, 42, 11 
morning, 0, 46, 10 
strength, 0, 50, 10 
thorntons, 0, 57, 10 
dawson, 0, 43, 10 
mercedes, 0, 56, 10 
without, 0, 43, 10 
against, 0, 44, 10 
throat, 0, 36, 10 
matter, 0, 38, 10 
huskies, 0, 46, 10 
straight, 0, 47, 10 
called, 0, 36, 10 
brought, 0, 45, 10 
gutenberg, 0, 59, 10 
little, 0, 29, 10 
became, 0, 44, 10 
dropped, 0, 47, 10 
charles, 0, 44, 10 
living, 0, 33, 10 
across, 0, 40, 10 
together, 0, 50, 10 
sometimes, 0, 62, 10 
looked, 0, 39, 10 
pulled, 0, 36, 10 
shoulder, 0, 51, 10 
strange, 0, 45, 10 
ground, 0, 40, 10 
passed, 0, 42, 10 
 , -1, 4, 16 
thornton, 9, 127, 44 
through, 8, 113, 41 
though, 5, 80, 31 
francois, 5, 88, 31 
himself, 4, 55, 25 
hundred, 3, 59, 22 
perrault, 3, 52, 22 
before, 2, 36, 19 
things, 2, 34, 19 
between, 2, 49, 19 
another, 2, 43, 19 
project, 2, 38, 19 
behind, 1, 36, 16 
traces, 1, 32, 16 
solleks, 1, 35, 16 
sprang, 1, 37, 16 
seemed, 1, 44, 16 
because, 1, 46, 16 
around, 1, 38, 16 
forest, 1, 29, 16 
should, 1, 35, 16 
nothing, 1, 39, 16 
turned, 1, 34, 16 
morning, 0, 39, 14 
strength, 0, 38, 14 
thorntons, 0, 44, 14 
dawson, 0, 38, 14 
mercedes, 0, 48, 14 
without, 0, 33, 14 
against, 0, 34, 14 
throat, 0, 26, 14 
matter, 0, 29, 14 
huskies, 0, 36, 14 
straight, 0, 34, 14 
called, 0, 28, 14 
brought, 0, 36, 14 
gutenberg, 0, 49, 14 
little, 0, 17, 14 
became, 0, 39, 14 
dropped, 0, 40, 14 
charles, 0, 34, 14 
living, 0, 24, 14 
across, 0, 31, 14 
together, 0, 39, 14 
sometimes, 0, 52, 14 
looked, 0, 32, 14 
pulled, 0, 29, 14 
shoulder, 0, 42, 14 
strange, 0, 35, 14 
ground, 0, 34, 14 
passed, 0, 35, 14 
 , -1, 4, 16 
