# tag, weight, width (pixels), height(pixels)
# last tag is white space (fake)
#after sentinel the data may be repeated for alt fonts
thornton, 9, 140, 38 
through, 9, 129, 38 
though, 6, 89, 30 
francois, 5, 83, 27 
himself, 4, 68, 23 
hundred, 4, 79, 23 
perrault, 3, 61, 20 
before, 3, 51, 20 
things, 3, 48, 20 
between, 3, 68, 20 
another, 2, 54, 17 
project, 2, 48, 17 
behind, 2, 49, 17 
traces, 2, 43, 17 
solleks, 2, 50, 17 
sprang, 2, 49, 17 
seemed, 2, 57, 17 
because, 2, 61, 17 
around, 2, 50, 17 
forest, 2, 39, 17 
should, 2, 48, 17 
nothing, 2, 53, 17 
turned, 1, 36, 15 
morning, 1, 46, 15 
strength, 1, 47, 15 
thorntons, 1, 54, 15 
dawson, 1, 44, 15 
mercedes, 1, 57, 15 
without, 1, 41, 15 
against, 1, 42, 15 
throat, 1, 33, 15 
matter, 1, 37, 15 
huskies, 1, 45, 15 
straight, 1, 43, 15 
called, 1, 34, 15 
brought, 1, 43, 15 
gutenberg, 1, 57, 15 
little, 1, 24, 15 
became, 1, 46, 15 
dropped, 0, 43, 11 
charles, 0, 37, 11 
living, 0, 26, 11 
across, 0, 33, 11 
together, 0, 43, 11 
sometimes, 0, 54, 11 
looked, 0, 34, 11 
pulled, 0, 31, 11 
shoulder, 0, 44, 11 
strange, 0, 39, 11 
ground, 0, 36, 11 
passed, 0, 37, 11 
brother, 0, 37, 11 
driver, 0, 28, 11 
started, 0, 36, 11 
thousand, 0, 48, 11 
nights, 0, 31, 11 
toward, 0, 34, 11 
struck, 0, 30, 11 
manner, 0, 38, 11 
spring, 0, 31, 11 
longer, 0, 32, 11 
slowly, 0, 30, 11 
valley, 0, 29, 11 
pounds, 0, 38, 11 
caught, 0, 35, 11 
movement, 0, 52, 11 
forward, 0, 38, 11 
muscles, 0, 41, 11 
harness, 0, 41, 11 
others, 0, 32, 11 
travel, 0, 28, 11 
followed, 0, 42, 11 
billee, 0, 27, 11 
sweater, 0, 40, 11 
remained, 0, 47, 11 
nature, 0, 33, 11 
dragged, 0, 43, 11 
halfbreed, 0, 49, 11 
snarling, 0, 40, 11 
itself, 0, 24, 11 
terrible, 0, 35, 11 
running, 0, 39, 11 
distance, 0, 43, 11 
received, 0, 43, 11 
circle, 0, 26, 11 
yeehats, 0, 41, 11 
always, 0, 34, 11 
tongue, 0, 36, 11 
cunning, 0, 41, 11 
killed, 0, 26, 11 
instant, 0, 35, 11 
learned, 0, 39, 11 
trouble, 0, 36, 11 
outside, 0, 38, 11 
second, 0, 37, 11 
weight, 0, 33, 11 
neither, 0, 36, 11 
timber, 0, 31, 11 
strong, 0, 32, 11 
beaten, 0, 36, 11 
etexts, 0, 31, 11 
themselves, 0, 57, 11 
shoulders, 0, 50, 11 
watched, 0, 43, 11 
broken, 0, 35, 11 
fashion, 0, 38, 11 
laughed, 0, 42, 11 
carried, 0, 35, 11 
coming, 0, 36, 11 
greater, 0, 37, 11 
suddenly, 0, 46, 11 
anything, 0, 44, 11 
returned, 0, 43, 11 
during, 0, 32, 11 
frozen, 0, 32, 11 
staggered, 0, 52, 11 
places, 0, 33, 11 
beyond, 0, 38, 11 
francoiss, 0, 46, 11 
sounding, 0, 47, 11 
hunting, 0, 39, 11 
within, 0, 29, 11 
stream, 0, 34, 11 
rushed, 0, 35, 11 
further, 0, 34, 11 
bristling, 0, 40, 11 
southland, 0, 51, 11 
country, 0, 38, 11 
something, 0, 53, 11 
darkness, 0, 46, 11 
silent, 0, 27, 11 
moment, 0, 40, 11 
watching, 0, 45, 11 
animal, 0, 33, 11 
rabbit, 0, 29, 11 
wounded, 0, 47, 11 
several, 0, 37, 11 
speech, 0, 37, 11 
information, 0, 57, 11 
winter, 0, 30, 11 
making, 0, 36, 11 
master, 0, 34, 11 
growled, 0, 40, 11 
runners, 0, 39, 11 
friendly, 0, 37, 11 
condition, 0, 47, 11 
dollars, 0, 34, 11 
covered, 0, 41, 11 
ration, 0, 29, 11 
receive, 0, 37, 11 
standing, 0, 44, 11 
packed, 0, 37, 11 
circled, 0, 33, 11 
showed, 0, 39, 11 
reason, 0, 35, 11 
travelled, 0, 44, 11 
delight, 0, 35, 11 
marked, 0, 37, 11 
express, 0, 40, 11 
fighting, 0, 38, 11 
surprise, 0, 40, 11 
ceased, 0, 37, 11 
wolves, 0, 34, 11 
primordial, 0, 49, 11 
snapping, 0, 47, 11 
moments, 0, 46, 11 
gathered, 0, 46, 11 
patience, 0, 44, 11 
become, 0, 40, 11 
chapter, 0, 39, 11 
pitched, 0, 38, 11 
proceeded, 0, 55, 11 
opportunity, 0, 58, 11 
firewood, 0, 43, 11 
however, 0, 43, 11 
sounds, 0, 37, 11 
warning, 0, 40, 11 
likewise, 0, 39, 11 
judges, 0, 34, 11 
remembered, 0, 63, 11 
almost, 0, 33, 11 
flying, 0, 27, 11 
raised, 0, 31, 11 
howling, 0, 39, 11 
fourteen, 0, 43, 11 
appeared, 0, 49, 11 
backward, 0, 48, 11 
struggle, 0, 41, 11 
managed, 0, 48, 11 
goodnatured, 0, 66, 11 
breaking, 0, 44, 11 
required, 0, 42, 11 
travelling, 0, 46, 11 
falling, 0, 31, 11 
matthewson, 0, 61, 11 
driving, 0, 34, 11 
street, 0, 29, 11 
enough, 0, 39, 11 
sleeping, 0, 43, 11 
manuel, 0, 37, 11 
crossed, 0, 40, 11 
 , -1, 4, 16 
thornton, 9, 214, 36 
through, 9, 193, 36 
though, 6, 125, 27 
francois, 5, 131, 23 
himself, 4, 92, 20 
hundred, 4, 101, 20 
perrault, 3, 86, 17 
before, 3, 69, 17 
things, 3, 67, 17 
between, 3, 89, 17 
another, 2, 64, 15 
project, 2, 60, 15 
behind, 2, 56, 15 
traces, 2, 54, 15 
solleks, 2, 62, 15 
sprang, 2, 57, 15 
seemed, 2, 64, 15 
because, 2, 70, 15 
around, 2, 57, 15 
forest, 2, 51, 15 
should, 2, 56, 15 
nothing, 2, 63, 15 
turned, 1, 42, 11 
morning, 1, 51, 11 
strength, 1, 54, 11 
thorntons, 1, 62, 11 
dawson, 1, 48, 11 
mercedes, 1, 61, 11 
without, 1, 47, 11 
against, 1, 48, 11 
throat, 1, 39, 11 
matter, 1, 41, 11 
huskies, 1, 49, 11 
straight, 1, 50, 11 
called, 1, 39, 11 
brought, 1, 50, 11 
gutenberg, 1, 66, 11 
little, 1, 30, 11 
became, 1, 49, 11 
dropped, 0, 47, 10 
charles, 0, 44, 10 
living, 0, 33, 10 
across, 0, 40, 10 
together, 0, 50, 10 
sometimes, 0, 62, 10 
looked, 0, 39, 10 
pulled, 0, 36, 10 
shoulder, 0, 51, 10 
strange, 0, 45, 10 
ground, 0, 40, 10 
passed, 0, 42, 10 
brother, 0, 43, 10 
driver, 0, 35, 10 
started, 0, 43, 10 
thousand, 0, 54, 10 
nights, 0, 37, 10 
toward, 0, 39, 10 
struck, 0, 38, 10 
manner, 0, 42, 10 
spring, 0, 37, 10 
longer, 0, 37, 10 
slowly, 0, 37, 10 
valley, 0, 36, 10 
pounds, 0, 42, 10 
caught, 0, 40, 10 
movement, 0, 58, 10 
forward, 0, 44, 10 
muscles, 0, 48, 10 
harness, 0, 47, 10 
others, 0, 38, 10 
travel, 0, 35, 10 
followed, 0, 49, 10 
billee, 0, 33, 10 
sweater, 0, 46, 10 
remained, 0, 53, 10 
nature, 0, 38, 10 
dragged, 0, 47, 10 
halfbreed, 0, 56, 10 
snarling, 0, 48, 10 
itself, 0, 32, 10 
terrible, 0, 44, 10 
running, 0, 44, 10 
distance, 0, 51, 10 
received, 0, 51, 10 
circle, 0, 34, 10 
yeehats, 0, 47, 10 
always, 0, 40, 10 
tongue, 0, 40, 10 
cunning, 0, 46, 10 
killed, 0, 33, 10 
instant, 0, 42, 10 
learned, 0, 44, 10 
trouble, 0, 42, 10 
outside, 0, 44, 10 
second, 0, 42, 10 
weight, 0, 38, 10 
neither, 0, 42, 10 
timber, 0, 37, 10 
strong, 0, 38, 10 
beaten, 0, 40, 10 
etexts, 0, 38, 10 
themselves, 0, 67, 10 
shoulders, 0, 58, 10 
watched, 0, 48, 10 
broken, 0, 40, 10 
fashion, 0, 44, 10 
laughed, 0, 46, 10 
carried, 0, 42, 10 
coming, 0, 41, 10 
greater, 0, 43, 10 
suddenly, 0, 53, 10 
anything, 0, 51, 10 
returned, 0, 50, 10 
during, 0, 37, 10 
frozen, 0, 38, 10 
staggered, 0, 59, 10 
places, 0, 39, 10 
beyond, 0, 42, 10 
francoiss, 0, 56, 10 
sounding, 0, 53, 10 
hunting, 0, 44, 10 
within, 0, 35, 10 
stream, 0, 40, 10 
rushed, 0, 40, 10 
further, 0, 41, 10 
bristling, 0, 50, 10 
southland, 0, 58, 10 
country, 0, 45, 10 
something, 0, 60, 10 
darkness, 0, 54, 10 
silent, 0, 34, 10 
moment, 0, 44, 10 
watching, 0, 52, 10 
animal, 0, 38, 10 
rabbit, 0, 35, 10 
wounded, 0, 50, 10 
several, 0, 44, 10 
speech, 0, 42, 10 
information, 0, 67, 10 
winter, 0, 36, 10 
making, 0, 41, 10 
master, 0, 40, 10 
growled, 0, 45, 10 
runners, 0, 45, 10 
friendly, 0, 46, 10 
condition, 0, 55, 10 
dollars, 0, 41, 10 
covered, 0, 47, 10 
ration, 0, 35, 10 
receive, 0, 44, 10 
standing, 0, 51, 10 
packed, 0, 42, 10 
circled, 0, 41, 10 
showed, 0, 43, 10 
reason, 0, 40, 10 
travelled, 0, 53, 10 
delight, 0, 41, 10 
marked, 0, 42, 10 
express, 0, 47, 10 
fighting, 0, 46, 10 
surprise, 0, 49, 10 
ceased, 0, 42, 10 
wolves, 0, 40, 10 
primordial, 0, 59, 10 
snapping, 0, 53, 10 
moments, 0, 51, 10 
gathered, 0, 52, 10 
patience, 0, 51, 10 
become, 0, 44, 10 
chapter, 0, 45, 10 
pitched, 0, 44, 10 
proceeded, 0, 61, 10 
opportunity, 0, 68, 10 
firewood, 0, 50, 10 
however, 0, 48, 10 
sounds, 0, 42, 10 
warning, 0, 45, 10 
likewise, 0, 48, 10 
judges, 0, 39, 10 
remembered, 0, 70, 10 
almost, 0, 39, 10 
flying, 0, 34, 10 
raised, 0, 37, 10 
howling, 0, 44, 10 
fourteen, 0, 50, 10 
appeared, 0, 54, 10 
backward, 0, 55, 10 
struggle, 0, 49, 10 
managed, 0, 51, 10 
goodnatured, 0, 73, 10 
breaking, 0, 51, 10 
required, 0, 49, 10 
travelling, 0, 57, 10 
falling, 0, 38, 10 
matthewson, 0, 69, 10 
driving, 0, 41, 10 
street, 0, 36, 10 
enough, 0, 42, 10 
sleeping, 0, 50, 10 
manuel, 0, 41, 10 
crossed, 0, 47, 10 
 , -1, 4, 16 
thornton, 9, 127, 44 
through, 9, 119, 44 
though, 6, 83, 33 
francois, 5, 88, 31 
himself, 4, 55, 25 
hundred, 4, 65, 25 
perrault, 3, 52, 22 
before, 3, 45, 22 
things, 3, 41, 22 
between, 3, 61, 22 
another, 2, 43, 19 
project, 2, 38, 19 
behind, 2, 38, 19 
traces, 2, 36, 19 
solleks, 2, 40, 19 
sprang, 2, 40, 19 
seemed, 2, 48, 19 
because, 2, 50, 19 
around, 2, 40, 19 
forest, 2, 32, 19 
should, 2, 38, 19 
nothing, 2, 41, 19 
turned, 1, 34, 16 
morning, 1, 44, 16 
strength, 1, 42, 16 
thorntons, 1, 49, 16 
dawson, 1, 42, 16 
mercedes, 1, 53, 16 
without, 1, 37, 16 
against, 1, 38, 16 
throat, 1, 30, 16 
matter, 1, 34, 16 
huskies, 1, 40, 16 
straight, 1, 37, 16 
called, 1, 30, 16 
brought, 1, 41, 16 
gutenberg, 1, 54, 16 
little, 1, 18, 16 
became, 1, 44, 16 
dropped, 0, 40, 14 
charles, 0, 34, 14 
living, 0, 24, 14 
across, 0, 31, 14 
together, 0, 39, 14 
sometimes, 0, 52, 14 
looked, 0, 32, 14 
pulled, 0, 29, 14 
shoulder, 0, 42, 14 
strange, 0, 35, 14 
ground, 0, 34, 14 
passed, 0, 35, 14 
brother, 0, 33, 14 
driver, 0, 26, 14 
started, 0, 31, 14 
thousand, 0, 45, 14 
nights, 0, 28, 14 
toward, 0, 32, 14 
struck, 0, 27, 14 
manner, 0, 37, 14 
spring, 0, 29, 14 
longer, 0, 30, 14 
slowly, 0, 29, 14 
valley, 0, 27, 14 
pounds, 0, 36, 14 
caught, 0, 32, 14 
movement, 0, 51, 14 
forward, 0, 35, 14 
muscles, 0, 39, 14 
harness, 0, 38, 14 
others, 0, 29, 14 
travel, 0, 25, 14 
followed, 0, 40, 14 
billee, 0, 25, 14 
sweater, 0, 37, 14 
remained, 0, 46, 14 
nature, 0, 30, 14 
dragged, 0, 40, 14 
halfbreed, 0, 45, 14 
snarling, 0, 38, 14 
itself, 0, 20, 14 
terrible, 0, 32, 14 
running, 0, 36, 14 
distance, 0, 40, 14 
received, 0, 41, 14 
circle, 0, 24, 14 
yeehats, 0, 37, 14 
always, 0, 33, 14 
tongue, 0, 33, 14 
cunning, 0, 38, 14 
killed, 0, 24, 14 
instant, 0, 30, 14 
learned, 0, 36, 14 
trouble, 0, 32, 14 
outside, 0, 34, 14 
second, 0, 35, 14 
weight, 0, 31, 14 
neither, 0, 32, 14 
timber, 0, 29, 14 
strong, 0, 29, 14 
beaten, 0, 33, 14 
etexts, 0, 27, 14 
themselves, 0, 54, 14 
shoulders, 0, 47, 14 
watched, 0, 40, 14 
broken, 0, 33, 14 
fashion, 0, 34, 14 
laughed, 0, 39, 14 
carried, 0, 32, 14 
coming, 0, 35, 14 
greater, 0, 33, 14 
suddenly, 0, 44, 14 
anything, 0, 41, 14 
returned, 0, 40, 14 
during, 0, 30, 14 
frozen, 0, 29, 14 
staggered, 0, 48, 14 
places, 0, 31, 14 
beyond, 0, 36, 14 
francoiss, 0, 42, 14 
sounding, 0, 45, 14 
hunting, 0, 35, 14 
within, 0, 27, 14 
stream, 0, 32, 14 
rushed, 0, 33, 14 
further, 0, 29, 14 
bristling, 0, 36, 14 
southland, 0, 47, 14 
country, 0, 34, 14 
something, 0, 50, 14 
darkness, 0, 44, 14 
silent, 0, 24, 14 
moment, 0, 39, 14 
watching, 0, 43, 14 
animal, 0, 32, 14 
rabbit, 0, 26, 14 
wounded, 0, 45, 14 
several, 0, 34, 14 
speech, 0, 35, 14 
information, 0, 52, 14 
winter, 0, 28, 14 
making, 0, 35, 14 
master, 0, 32, 14 
growled, 0, 38, 14 
runners, 0, 36, 14 
friendly, 0, 34, 14 
condition, 0, 43, 14 
dollars, 0, 31, 14 
covered, 0, 38, 14 
ration, 0, 26, 14 
receive, 0, 34, 14 
standing, 0, 41, 14 
packed, 0, 35, 14 
circled, 0, 30, 14 
showed, 0, 38, 14 
reason, 0, 33, 14 
travelled, 0, 40, 14 
delight, 0, 31, 14 
marked, 0, 36, 14 
express, 0, 37, 14 
fighting, 0, 34, 14 
surprise, 0, 38, 14 
ceased, 0, 35, 14 
wolves, 0, 33, 14 
primordial, 0, 47, 14 
snapping, 0, 45, 14 
moments, 0, 44, 14 
gathered, 0, 43, 14 
patience, 0, 41, 14 
become, 0, 39, 14 
chapter, 0, 35, 14 
pitched, 0, 34, 14 
proceeded, 0, 52, 14 
opportunity, 0, 52, 14 
firewood, 0, 41, 14 
however, 0, 41, 14 
sounds, 0, 35, 14 
warning, 0, 38, 14 
likewise, 0, 38, 14 
judges, 0, 32, 14 
remembered, 0, 62, 14 
almost, 0, 31, 14 
flying, 0, 24, 14 
raised, 0, 29, 14 
howling, 0, 37, 14 
fourteen, 0, 39, 14 
appeared, 0, 47, 14 
backward, 0, 47, 14 
struggle, 0, 38, 14 
managed, 0, 46, 14 
goodnatured, 0, 61, 14 
breaking, 0, 42, 14 
required, 0, 40, 14 
travelling, 0, 42, 14 
falling, 0, 27, 14 
matthewson, 0, 58, 14 
driving, 0, 31, 14 
street, 0, 25, 14 
enough, 0, 37, 14 
sleeping, 0, 41, 14 
manuel, 0, 36, 14 
crossed, 0, 37, 14 
 , -1, 4, 16 
