# tag, weight, width (pixels), height(pixels)
# last tag is white space (fake)
#after sentinel the data may be repeated for alt fonts
thornton, 9, 140, 38 
through, 8, 123, 36 
though, 5, 72, 27 
francois, 4, 76, 23 
himself, 3, 57, 20 
hundred, 2, 59, 17 
perrault, 1, 43, 15 
before, 1, 36, 15 
things, 1, 35, 15 
between, 0, 44, 11 
another, 0, 40, 11 
project, 0, 35, 11 
behind, 0, 35, 11 
traces, 0, 31, 11 
solleks, 0, 35, 11 
sprang, 0, 35, 11 
seemed, 0, 40, 11 
because, 0, 44, 11 
around, 0, 36, 11 
forest, 0, 29, 11 
should, 0, 34, 11 
 , -1, 4, 16 
thornton, 9, 214, 36 
through, 8, 174, 32 
though, 5, 108, 23 
francois, 4, 103, 20 
himself, 3, 79, 17 
hundred, 2, 67, 15 
perrault, 1, 51, 11 
before, 1, 42, 11 
things, 1, 40, 11 
between, 0, 48, 10 
another, 0, 45, 10 
project, 0, 42, 10 
behind, 0, 39, 10 
traces, 0, 38, 10 
solleks, 0, 43, 10 
sprang, 0, 40, 10 
seemed, 0, 44, 10 
because, 0, 49, 10 
around, 0, 40, 10 
forest, 0, 36, 10 
should, 0, 39, 10 
 , -1, 4, 16 
thornton, 9, 127, 44 
through, 8, 113, 41 
though, 5, 80, 31 
francois, 4, 60, 25 
himself, 3, 49, 22 
hundred, 2, 47, 19 
perrault, 1, 39, 16 
before, 1, 34, 16 
things, 1, 31, 16 
between, 0, 41, 14 
another, 0, 36, 14 
project, 0, 31, 14 
behind, 0, 33, 14 
traces, 0, 28, 14 
solleks, 0, 32, 14 
sprang, 0, 33, 14 
seemed, 0, 39, 14 
because, 0, 41, 14 
around, 0, 34, 14 
forest, 0, 25, 14 
should, 0, 32, 14 
 , -1, 4, 16 
