# tag, weight, width (pixels), height(pixels)
# last tag is white space (fake)
#after sentinel the data may be repeated for alt fonts
little, 9, 68, 38 
gabriel, 6, 84, 30 
before, 4, 61, 23 
street, 3, 45, 20 
himself, 2, 51, 17 
seemed, 2, 57, 17 
kernan, 2, 49, 17 
looked, 2, 48, 17 
something, 2, 74, 17 
towards, 1, 45, 15 
cunningham, 1, 70, 15 
thought, 1, 43, 15 
nothing, 1, 42, 15 
friends, 1, 39, 15 
through, 1, 43, 15 
always, 1, 40, 15 
henchy, 1, 42, 15 
turned, 1, 36, 15 
father, 1, 33, 15 
kearney, 1, 46, 15 
people, 1, 38, 15 
gallaher, 1, 45, 15 
browne, 1, 41, 15 
together, 1, 47, 15 
corley, 1, 35, 15 
evening, 1, 45, 15 
oconnor, 1, 46, 15 
course, 1, 39, 15 
because, 1, 49, 15 
walked, 1, 40, 15 
brought, 1, 43, 15 
another, 1, 43, 15 
against, 0, 38, 11 
called, 0, 30, 11 
chandler, 0, 44, 11 
passed, 0, 37, 11 
malins, 0, 32, 11 
moment, 0, 40, 11 
project, 0, 35, 11 
holohan, 0, 42, 11 
ignatius, 0, 40, 11 
without, 0, 37, 11 
dublin, 0, 31, 11 
office, 0, 28, 11 
slowly, 0, 30, 11 
saying, 0, 33, 11 
children, 0, 40, 11 
freddy, 0, 32, 11 
better, 0, 30, 11 
friend, 0, 29, 11 
window, 0, 37, 11 
fellow, 0, 29, 11 
perhaps, 0, 42, 11 
ladies, 0, 30, 11 
morning, 0, 41, 11 
corner, 0, 32, 11 
behind, 0, 35, 11 
gentlemen, 0, 54, 11 
should, 0, 34, 11 
laughed, 0, 42, 11 
daughter, 0, 46, 11 
answered, 0, 49, 11 
between, 0, 44, 11 
mother, 0, 35, 11 
lenehan, 0, 42, 11 
standing, 0, 44, 11 
business, 0, 45, 11 
others, 0, 32, 11 
looking, 0, 37, 11 
everyone, 0, 47, 11 
continued, 0, 51, 11 
things, 0, 31, 11 
opened, 0, 39, 11 
silence, 0, 36, 11 
quickly, 0, 35, 11 
gutenberg, 0, 53, 11 
herself, 0, 35, 11 
beside, 0, 34, 11 
stairs, 0, 27, 11 
alleyne, 0, 37, 11 
wouldnt, 0, 40, 11 
school, 0, 33, 11 
anything, 0, 44, 11 
silent, 0, 27, 11 
minutes, 0, 40, 11 
person, 0, 35, 11 
theres, 0, 32, 11 
glanced, 0, 41, 11 
coming, 0, 36, 11 
enough, 0, 39, 11 
gretta, 0, 30, 11 
country, 0, 38, 11 
church, 0, 34, 11 
wanted, 0, 37, 11 
followed, 0, 42, 11 
nearly, 0, 31, 11 
across, 0, 33, 11 
really, 0, 27, 11 
husband, 0, 45, 11 
talking, 0, 34, 11 
though, 0, 36, 11 
 , -1, 4, 16 
little, 9, 127, 36 
gabriel, 6, 128, 27 
before, 4, 81, 20 
street, 3, 63, 17 
himself, 2, 63, 15 
seemed, 2, 64, 15 
kernan, 2, 57, 15 
looked, 2, 56, 15 
something, 2, 87, 15 
towards, 1, 50, 11 
cunningham, 1, 77, 11 
thought, 1, 50, 11 
nothing, 1, 49, 11 
friends, 1, 45, 11 
through, 1, 50, 11 
always, 1, 43, 11 
henchy, 1, 46, 11 
turned, 1, 42, 11 
father, 1, 39, 11 
kearney, 1, 51, 11 
people, 1, 44, 11 
gallaher, 1, 53, 11 
browne, 1, 46, 11 
together, 1, 55, 11 
corley, 1, 39, 11 
evening, 1, 51, 11 
oconnor, 1, 52, 11 
course, 1, 43, 11 
because, 1, 54, 11 
walked, 1, 44, 11 
brought, 1, 50, 11 
another, 1, 50, 11 
against, 0, 44, 10 
called, 0, 36, 10 
chandler, 0, 51, 10 
passed, 0, 42, 10 
malins, 0, 38, 10 
moment, 0, 44, 10 
project, 0, 42, 10 
holohan, 0, 46, 10 
ignatius, 0, 48, 10 
without, 0, 43, 10 
dublin, 0, 36, 10 
office, 0, 35, 10 
slowly, 0, 37, 10 
saying, 0, 39, 10 
children, 0, 48, 10 
freddy, 0, 38, 10 
better, 0, 36, 10 
friend, 0, 35, 10 
window, 0, 41, 10 
fellow, 0, 35, 10 
perhaps, 0, 47, 10 
ladies, 0, 36, 10 
morning, 0, 46, 10 
corner, 0, 38, 10 
behind, 0, 39, 10 
gentlemen, 0, 60, 10 
should, 0, 39, 10 
laughed, 0, 46, 10 
daughter, 0, 52, 10 
answered, 0, 55, 10 
between, 0, 48, 10 
mother, 0, 40, 10 
lenehan, 0, 46, 10 
standing, 0, 51, 10 
business, 0, 53, 10 
others, 0, 38, 10 
looking, 0, 43, 10 
everyone, 0, 54, 10 
continued, 0, 58, 10 
things, 0, 37, 10 
opened, 0, 42, 10 
silence, 0, 43, 10 
quickly, 0, 43, 10 
gutenberg, 0, 59, 10 
herself, 0, 42, 10 
beside, 0, 39, 10 
stairs, 0, 35, 10 
alleyne, 0, 43, 10 
wouldnt, 0, 45, 10 
school, 0, 39, 10 
anything, 0, 51, 10 
silent, 0, 34, 10 
minutes, 0, 46, 10 
person, 0, 40, 10 
theres, 0, 38, 10 
glanced, 0, 46, 10 
coming, 0, 41, 10 
enough, 0, 42, 10 
gretta, 0, 36, 10 
country, 0, 45, 10 
church, 0, 40, 10 
wanted, 0, 41, 10 
followed, 0, 49, 10 
nearly, 0, 37, 10 
across, 0, 40, 10 
really, 0, 34, 10 
husband, 0, 49, 10 
talking, 0, 41, 10 
though, 0, 40, 10 
 , -1, 4, 16 
little, 9, 58, 44 
gabriel, 6, 81, 33 
before, 4, 49, 25 
street, 3, 39, 22 
himself, 2, 41, 19 
seemed, 2, 48, 19 
kernan, 2, 40, 19 
looked, 2, 38, 19 
something, 2, 61, 19 
towards, 1, 42, 16 
cunningham, 1, 66, 16 
thought, 1, 40, 16 
nothing, 1, 39, 16 
friends, 1, 35, 16 
through, 1, 41, 16 
always, 1, 36, 16 
henchy, 1, 39, 16 
turned, 1, 34, 16 
father, 1, 30, 16 
kearney, 1, 43, 16 
people, 1, 36, 16 
gallaher, 1, 41, 16 
browne, 1, 40, 16 
together, 1, 43, 16 
corley, 1, 31, 16 
evening, 1, 42, 16 
oconnor, 1, 44, 16 
course, 1, 36, 16 
because, 1, 46, 16 
walked, 1, 37, 16 
brought, 1, 41, 16 
another, 1, 41, 16 
against, 0, 34, 14 
called, 0, 28, 14 
chandler, 0, 42, 14 
passed, 0, 35, 14 
malins, 0, 31, 14 
moment, 0, 39, 14 
project, 0, 31, 14 
holohan, 0, 39, 14 
ignatius, 0, 37, 14 
without, 0, 33, 14 
dublin, 0, 29, 14 
office, 0, 24, 14 
slowly, 0, 29, 14 
saying, 0, 31, 14 
children, 0, 38, 14 
freddy, 0, 29, 14 
better, 0, 26, 14 
friend, 0, 26, 14 
window, 0, 37, 14 
fellow, 0, 27, 14 
perhaps, 0, 39, 14 
ladies, 0, 28, 14 
morning, 0, 39, 14 
corner, 0, 30, 14 
behind, 0, 33, 14 
gentlemen, 0, 51, 14 
should, 0, 32, 14 
laughed, 0, 39, 14 
daughter, 0, 43, 14 
answered, 0, 48, 14 
between, 0, 41, 14 
mother, 0, 33, 14 
lenehan, 0, 39, 14 
standing, 0, 41, 14 
business, 0, 43, 14 
others, 0, 29, 14 
looking, 0, 34, 14 
everyone, 0, 45, 14 
continued, 0, 47, 14 
things, 0, 28, 14 
opened, 0, 37, 14 
silence, 0, 33, 14 
quickly, 0, 32, 14 
gutenberg, 0, 49, 14 
herself, 0, 31, 14 
beside, 0, 32, 14 
stairs, 0, 24, 14 
alleyne, 0, 34, 14 
wouldnt, 0, 37, 14 
school, 0, 31, 14 
anything, 0, 41, 14 
silent, 0, 24, 14 
minutes, 0, 37, 14 
person, 0, 33, 14 
theres, 0, 29, 14 
glanced, 0, 38, 14 
coming, 0, 35, 14 
enough, 0, 37, 14 
gretta, 0, 26, 14 
country, 0, 34, 14 
church, 0, 32, 14 
wanted, 0, 35, 14 
followed, 0, 40, 14 
nearly, 0, 29, 14 
across, 0, 31, 14 
really, 0, 25, 14 
husband, 0, 42, 14 
talking, 0, 30, 14 
though, 0, 33, 14 
 , -1, 4, 16 
