# tag, weight, width (pixels), height(pixels)
# last tag is white space (fake)
#after sentinel the data may be repeated for alt fonts
little, 9, 68, 38 
gabriel, 5, 70, 27 
before, 3, 51, 20 
street, 2, 39, 17 
himself, 1, 42, 15 
seemed, 1, 46, 15 
kernan, 0, 35, 11 
looked, 0, 34, 11 
something, 0, 53, 11 
towards, 0, 40, 11 
cunningham, 0, 62, 11 
thought, 0, 40, 11 
nothing, 0, 39, 11 
friends, 0, 35, 11 
through, 0, 40, 11 
always, 0, 34, 11 
henchy, 0, 37, 11 
turned, 0, 33, 11 
father, 0, 30, 11 
kearney, 0, 41, 11 
people, 0, 35, 11 
 , -1, 4, 16 
little, 9, 127, 36 
gabriel, 5, 112, 23 
before, 3, 69, 17 
street, 2, 51, 15 
himself, 1, 46, 11 
seemed, 1, 49, 11 
kernan, 0, 40, 10 
looked, 0, 39, 10 
something, 0, 60, 10 
towards, 0, 46, 10 
cunningham, 0, 69, 10 
thought, 0, 45, 10 
nothing, 0, 44, 10 
friends, 0, 42, 10 
through, 0, 45, 10 
always, 0, 40, 10 
henchy, 0, 42, 10 
turned, 0, 38, 10 
father, 0, 36, 10 
kearney, 0, 47, 10 
people, 0, 39, 10 
 , -1, 4, 16 
little, 9, 58, 44 
gabriel, 5, 75, 31 
before, 3, 45, 22 
street, 2, 32, 19 
himself, 1, 37, 16 
seemed, 1, 44, 16 
kernan, 0, 33, 14 
looked, 0, 32, 14 
something, 0, 50, 14 
towards, 0, 37, 14 
cunningham, 0, 60, 14 
thought, 0, 35, 14 
nothing, 0, 35, 14 
friends, 0, 31, 14 
through, 0, 36, 14 
always, 0, 33, 14 
henchy, 0, 35, 14 
turned, 0, 30, 14 
father, 0, 26, 14 
kearney, 0, 38, 14 
people, 0, 33, 14 
 , -1, 4, 16 
