# tag, weight, width (pixels), height(pixels)
# last tag is white space (fake)
#after sentinel the data may be repeated for alt fonts
little, 9, 68, 38 
gabriel, 6, 84, 30 
before, 4, 61, 23 
street, 3, 45, 20 
himself, 3, 57, 20 
seemed, 2, 57, 17 
kernan, 2, 49, 17 
looked, 2, 48, 17 
something, 2, 74, 17 
towards, 2, 56, 17 
cunningham, 2, 88, 17 
thought, 2, 53, 17 
nothing, 2, 53, 17 
friends, 2, 48, 17 
through, 2, 54, 17 
always, 2, 50, 17 
henchy, 1, 42, 15 
turned, 1, 36, 15 
father, 1, 33, 15 
kearney, 1, 46, 15 
people, 1, 38, 15 
gallaher, 1, 45, 15 
browne, 1, 41, 15 
together, 1, 47, 15 
corley, 1, 35, 15 
evening, 1, 45, 15 
oconnor, 1, 46, 15 
course, 1, 39, 15 
because, 1, 49, 15 
walked, 1, 40, 15 
brought, 1, 43, 15 
another, 1, 43, 15 
against, 1, 42, 15 
called, 1, 34, 15 
chandler, 1, 49, 15 
passed, 1, 42, 15 
malins, 1, 38, 15 
moment, 1, 47, 15 
project, 1, 39, 15 
holohan, 1, 45, 15 
ignatius, 1, 45, 15 
without, 1, 41, 15 
dublin, 1, 34, 15 
office, 1, 32, 15 
slowly, 1, 36, 15 
saying, 1, 38, 15 
children, 1, 45, 15 
freddy, 1, 36, 15 
better, 1, 33, 15 
friend, 1, 32, 15 
window, 1, 42, 15 
fellow, 0, 29, 11 
perhaps, 0, 42, 11 
ladies, 0, 30, 11 
morning, 0, 41, 11 
corner, 0, 32, 11 
behind, 0, 35, 11 
gentlemen, 0, 54, 11 
should, 0, 34, 11 
laughed, 0, 42, 11 
daughter, 0, 46, 11 
answered, 0, 49, 11 
between, 0, 44, 11 
mother, 0, 35, 11 
lenehan, 0, 42, 11 
standing, 0, 44, 11 
business, 0, 45, 11 
others, 0, 32, 11 
looking, 0, 37, 11 
everyone, 0, 47, 11 
continued, 0, 51, 11 
things, 0, 31, 11 
opened, 0, 39, 11 
silence, 0, 36, 11 
quickly, 0, 35, 11 
gutenberg, 0, 53, 11 
herself, 0, 35, 11 
beside, 0, 34, 11 
stairs, 0, 27, 11 
alleyne, 0, 37, 11 
wouldnt, 0, 40, 11 
school, 0, 33, 11 
anything, 0, 44, 11 
silent, 0, 27, 11 
minutes, 0, 40, 11 
person, 0, 35, 11 
theres, 0, 32, 11 
glanced, 0, 41, 11 
coming, 0, 36, 11 
enough, 0, 39, 11 
gretta, 0, 30, 11 
country, 0, 38, 11 
church, 0, 34, 11 
wanted, 0, 37, 11 
followed, 0, 42, 11 
nearly, 0, 31, 11 
across, 0, 33, 11 
really, 0, 27, 11 
husband, 0, 45, 11 
talking, 0, 34, 11 
though, 0, 36, 11 
company, 0, 46, 11 
couldnt, 0, 38, 11 
bottle, 0, 29, 11 
caught, 0, 35, 11 
mahony, 0, 40, 11 
answer, 0, 36, 11 
laughing, 0, 44, 11 
having, 0, 34, 11 
certain, 0, 35, 11 
walking, 0, 38, 11 
gentleman, 0, 54, 11 
bottles, 0, 35, 11 
sitting, 0, 31, 11 
moments, 0, 46, 11 
goodnight, 0, 52, 11 
sometimes, 0, 54, 11 
remember, 0, 50, 11 
closed, 0, 33, 11 
smiling, 0, 35, 11 
farrington, 0, 49, 11 
etexts, 0, 31, 11 
concert, 0, 38, 11 
waited, 0, 33, 11 
played, 0, 34, 11 
waiting, 0, 36, 11 
wished, 0, 35, 11 
laughter, 0, 42, 11 
whether, 0, 41, 11 
remembered, 0, 63, 11 
watched, 0, 43, 11 
seeing, 0, 34, 11 
crofton, 0, 36, 11 
conroy, 0, 34, 11 
figure, 0, 29, 11 
returned, 0, 43, 11 
moustache, 0, 56, 11 
please, 0, 34, 11 
stopped, 0, 42, 11 
glasses, 0, 39, 11 
mooney, 0, 40, 11 
conversation, 0, 65, 11 
beautiful, 0, 45, 11 
smiled, 0, 32, 11 
falling, 0, 31, 11 
filled, 0, 24, 11 
suddenly, 0, 46, 11 
memory, 0, 39, 11 
second, 0, 37, 11 
gabriels, 0, 40, 11 
fitzpatrick, 0, 49, 11 
london, 0, 35, 11 
matter, 0, 32, 11 
serious, 0, 37, 11 
expression, 0, 55, 11 
rather, 0, 30, 11 
surprised, 0, 47, 11 
understand, 0, 58, 11 
priest, 0, 28, 11 
question, 0, 44, 11 
houses, 0, 37, 11 
fogarty, 0, 36, 11 
listening, 0, 43, 11 
however, 0, 43, 11 
tonight, 0, 36, 11 
bartell, 0, 32, 11 
dinner, 0, 32, 11 
within, 0, 29, 11 
believe, 0, 37, 11 
repeated, 0, 46, 11 
streets, 0, 35, 11 
listened, 0, 40, 11 
neither, 0, 36, 11 
received, 0, 43, 11 
almost, 0, 33, 11 
shoulders, 0, 50, 11 
playing, 0, 37, 11 
entered, 0, 40, 11 
leaned, 0, 35, 11 
theyre, 0, 32, 11 
nodded, 0, 39, 11 
contract, 0, 41, 11 
singing, 0, 37, 11 
beginning, 0, 51, 11 
become, 0, 40, 11 
whisky, 0, 33, 11 
speech, 0, 37, 11 
raised, 0, 31, 11 
suppose, 0, 44, 11 
fellows, 0, 35, 11 
myself, 0, 32, 11 
reached, 0, 42, 11 
sister, 0, 27, 11 
square, 0, 35, 11 
whenever, 0, 49, 11 
committee, 0, 52, 11 
manner, 0, 38, 11 
papers, 0, 35, 11 
michael, 0, 39, 11 
trying, 0, 28, 11 
everything, 0, 53, 11 
 , -1, 4, 16 
little, 9, 127, 36 
gabriel, 6, 128, 27 
before, 4, 81, 20 
street, 3, 63, 17 
himself, 3, 79, 17 
seemed, 2, 64, 15 
kernan, 2, 57, 15 
looked, 2, 56, 15 
something, 2, 87, 15 
towards, 2, 66, 15 
cunningham, 2, 100, 15 
thought, 2, 64, 15 
nothing, 2, 63, 15 
friends, 2, 60, 15 
through, 2, 64, 15 
always, 2, 58, 15 
henchy, 1, 46, 11 
turned, 1, 42, 11 
father, 1, 39, 11 
kearney, 1, 51, 11 
people, 1, 44, 11 
gallaher, 1, 53, 11 
browne, 1, 46, 11 
together, 1, 55, 11 
corley, 1, 39, 11 
evening, 1, 51, 11 
oconnor, 1, 52, 11 
course, 1, 43, 11 
because, 1, 54, 11 
walked, 1, 44, 11 
brought, 1, 50, 11 
another, 1, 50, 11 
against, 1, 48, 11 
called, 1, 39, 11 
chandler, 1, 56, 11 
passed, 1, 46, 11 
malins, 1, 41, 11 
moment, 1, 49, 11 
project, 1, 45, 11 
holohan, 1, 52, 11 
ignatius, 1, 52, 11 
without, 1, 47, 11 
dublin, 1, 40, 11 
office, 1, 37, 11 
slowly, 1, 39, 11 
saying, 1, 42, 11 
children, 1, 52, 11 
freddy, 1, 41, 11 
better, 1, 39, 11 
friend, 1, 38, 11 
window, 1, 46, 11 
fellow, 0, 35, 10 
perhaps, 0, 47, 10 
ladies, 0, 36, 10 
morning, 0, 46, 10 
corner, 0, 38, 10 
behind, 0, 39, 10 
gentlemen, 0, 60, 10 
should, 0, 39, 10 
laughed, 0, 46, 10 
daughter, 0, 52, 10 
answered, 0, 55, 10 
between, 0, 48, 10 
mother, 0, 40, 10 
lenehan, 0, 46, 10 
standing, 0, 51, 10 
business, 0, 53, 10 
others, 0, 38, 10 
looking, 0, 43, 10 
everyone, 0, 54, 10 
continued, 0, 58, 10 
things, 0, 37, 10 
opened, 0, 42, 10 
silence, 0, 43, 10 
quickly, 0, 43, 10 
gutenberg, 0, 59, 10 
herself, 0, 42, 10 
beside, 0, 39, 10 
stairs, 0, 35, 10 
alleyne, 0, 43, 10 
wouldnt, 0, 45, 10 
school, 0, 39, 10 
anything, 0, 51, 10 
silent, 0, 34, 10 
minutes, 0, 46, 10 
person, 0, 40, 10 
theres, 0, 38, 10 
glanced, 0, 46, 10 
coming, 0, 41, 10 
enough, 0, 42, 10 
gretta, 0, 36, 10 
country, 0, 45, 10 
church, 0, 40, 10 
wanted, 0, 41, 10 
followed, 0, 49, 10 
nearly, 0, 37, 10 
across, 0, 40, 10 
really, 0, 34, 10 
husband, 0, 49, 10 
talking, 0, 41, 10 
though, 0, 40, 10 
company, 0, 51, 10 
couldnt, 0, 44, 10 
bottle, 0, 35, 10 
caught, 0, 40, 10 
mahony, 0, 44, 10 
answer, 0, 41, 10 
laughing, 0, 50, 10 
having, 0, 39, 10 
certain, 0, 42, 10 
walking, 0, 44, 10 
gentleman, 0, 60, 10 
bottles, 0, 42, 10 
sitting, 0, 39, 10 
moments, 0, 51, 10 
goodnight, 0, 58, 10 
sometimes, 0, 62, 10 
remember, 0, 56, 10 
closed, 0, 39, 10 
smiling, 0, 42, 10 
farrington, 0, 59, 10 
etexts, 0, 38, 10 
concert, 0, 45, 10 
waited, 0, 38, 10 
played, 0, 39, 10 
waiting, 0, 42, 10 
wished, 0, 40, 10 
laughter, 0, 49, 10 
whether, 0, 46, 10 
remembered, 0, 70, 10 
watched, 0, 48, 10 
seeing, 0, 39, 10 
crofton, 0, 43, 10 
conroy, 0, 40, 10 
figure, 0, 35, 10 
returned, 0, 50, 10 
moustache, 0, 63, 10 
please, 0, 39, 10 
stopped, 0, 47, 10 
glasses, 0, 46, 10 
mooney, 0, 44, 10 
conversation, 0, 77, 10 
beautiful, 0, 53, 10 
smiled, 0, 38, 10 
falling, 0, 38, 10 
filled, 0, 31, 10 
suddenly, 0, 53, 10 
memory, 0, 44, 10 
second, 0, 42, 10 
gabriels, 0, 48, 10 
fitzpatrick, 0, 63, 10 
london, 0, 39, 10 
matter, 0, 38, 10 
serious, 0, 44, 10 
expression, 0, 65, 10 
rather, 0, 36, 10 
surprised, 0, 56, 10 
understand, 0, 66, 10 
priest, 0, 35, 10 
question, 0, 51, 10 
houses, 0, 42, 10 
fogarty, 0, 43, 10 
listening, 0, 52, 10 
however, 0, 48, 10 
tonight, 0, 42, 10 
bartell, 0, 39, 10 
dinner, 0, 37, 10 
within, 0, 35, 10 
believe, 0, 43, 10 
repeated, 0, 52, 10 
streets, 0, 43, 10 
listened, 0, 48, 10 
neither, 0, 42, 10 
received, 0, 51, 10 
almost, 0, 39, 10 
shoulders, 0, 58, 10 
playing, 0, 43, 10 
entered, 0, 45, 10 
leaned, 0, 39, 10 
theyre, 0, 38, 10 
nodded, 0, 42, 10 
contract, 0, 50, 10 
singing, 0, 43, 10 
beginning, 0, 57, 10 
become, 0, 44, 10 
whisky, 0, 40, 10 
speech, 0, 42, 10 
raised, 0, 37, 10 
suppose, 0, 49, 10 
fellows, 0, 42, 10 
myself, 0, 39, 10 
reached, 0, 47, 10 
sister, 0, 35, 10 
square, 0, 40, 10 
whenever, 0, 55, 10 
committee, 0, 60, 10 
manner, 0, 42, 10 
papers, 0, 40, 10 
michael, 0, 45, 10 
trying, 0, 35, 10 
everything, 0, 63, 10 
 , -1, 4, 16 
little, 9, 58, 44 
gabriel, 6, 81, 33 
before, 4, 49, 25 
street, 3, 39, 22 
himself, 3, 49, 22 
seemed, 2, 48, 19 
kernan, 2, 40, 19 
looked, 2, 38, 19 
something, 2, 61, 19 
towards, 2, 46, 19 
cunningham, 2, 72, 19 
thought, 2, 42, 19 
nothing, 2, 41, 19 
friends, 2, 38, 19 
through, 2, 43, 19 
always, 2, 41, 19 
henchy, 1, 39, 16 
turned, 1, 34, 16 
father, 1, 30, 16 
kearney, 1, 43, 16 
people, 1, 36, 16 
gallaher, 1, 41, 16 
browne, 1, 40, 16 
together, 1, 43, 16 
corley, 1, 31, 16 
evening, 1, 42, 16 
oconnor, 1, 44, 16 
course, 1, 36, 16 
because, 1, 46, 16 
walked, 1, 37, 16 
brought, 1, 41, 16 
another, 1, 41, 16 
against, 1, 38, 16 
called, 1, 30, 16 
chandler, 1, 45, 16 
passed, 1, 39, 16 
malins, 1, 34, 16 
moment, 1, 45, 16 
project, 1, 35, 16 
holohan, 1, 43, 16 
ignatius, 1, 39, 16 
without, 1, 37, 16 
dublin, 1, 31, 16 
office, 1, 27, 16 
slowly, 1, 31, 16 
saying, 1, 34, 16 
children, 1, 40, 16 
freddy, 1, 33, 16 
better, 1, 30, 16 
friend, 1, 29, 16 
window, 1, 40, 16 
fellow, 0, 27, 14 
perhaps, 0, 39, 14 
ladies, 0, 28, 14 
morning, 0, 39, 14 
corner, 0, 30, 14 
behind, 0, 33, 14 
gentlemen, 0, 51, 14 
should, 0, 32, 14 
laughed, 0, 39, 14 
daughter, 0, 43, 14 
answered, 0, 48, 14 
between, 0, 41, 14 
mother, 0, 33, 14 
lenehan, 0, 39, 14 
standing, 0, 41, 14 
business, 0, 43, 14 
others, 0, 29, 14 
looking, 0, 34, 14 
everyone, 0, 45, 14 
continued, 0, 47, 14 
things, 0, 28, 14 
opened, 0, 37, 14 
silence, 0, 33, 14 
quickly, 0, 32, 14 
gutenberg, 0, 49, 14 
herself, 0, 31, 14 
beside, 0, 32, 14 
stairs, 0, 24, 14 
alleyne, 0, 34, 14 
wouldnt, 0, 37, 14 
school, 0, 31, 14 
anything, 0, 41, 14 
silent, 0, 24, 14 
minutes, 0, 37, 14 
person, 0, 33, 14 
theres, 0, 29, 14 
glanced, 0, 38, 14 
coming, 0, 35, 14 
enough, 0, 37, 14 
gretta, 0, 26, 14 
country, 0, 34, 14 
church, 0, 32, 14 
wanted, 0, 35, 14 
followed, 0, 40, 14 
nearly, 0, 29, 14 
across, 0, 31, 14 
really, 0, 25, 14 
husband, 0, 42, 14 
talking, 0, 30, 14 
though, 0, 33, 14 
company, 0, 44, 14 
couldnt, 0, 34, 14 
bottle, 0, 25, 14 
caught, 0, 32, 14 
mahony, 0, 39, 14 
answer, 0, 35, 14 
laughing, 0, 42, 14 
having, 0, 32, 14 
certain, 0, 31, 14 
walking, 0, 36, 14 
gentleman, 0, 51, 14 
bottles, 0, 30, 14 
sitting, 0, 26, 14 
moments, 0, 44, 14 
goodnight, 0, 48, 14 
sometimes, 0, 52, 14 
remember, 0, 50, 14 
closed, 0, 31, 14 
smiling, 0, 33, 14 
farrington, 0, 44, 14 
etexts, 0, 27, 14 
concert, 0, 34, 14 
waited, 0, 31, 14 
played, 0, 32, 14 
waiting, 0, 33, 14 
wished, 0, 34, 14 
laughter, 0, 39, 14 
whether, 0, 38, 14 
remembered, 0, 62, 14 
watched, 0, 40, 14 
seeing, 0, 32, 14 
crofton, 0, 31, 14 
conroy, 0, 32, 14 
figure, 0, 26, 14 
returned, 0, 40, 14 
moustache, 0, 53, 14 
please, 0, 32, 14 
stopped, 0, 38, 14 
glasses, 0, 36, 14 
mooney, 0, 39, 14 
conversation, 0, 60, 14 
beautiful, 0, 40, 14 
smiled, 0, 31, 14 
falling, 0, 27, 14 
filled, 0, 21, 14 
suddenly, 0, 44, 14 
memory, 0, 39, 14 
second, 0, 35, 14 
gabriels, 0, 38, 14 
fitzpatrick, 0, 42, 14 
london, 0, 33, 14 
matter, 0, 29, 14 
serious, 0, 34, 14 
expression, 0, 52, 14 
rather, 0, 27, 14 
surprised, 0, 44, 14 
understand, 0, 54, 14 
priest, 0, 25, 14 
question, 0, 41, 14 
houses, 0, 35, 14 
fogarty, 0, 31, 14 
listening, 0, 39, 14 
however, 0, 41, 14 
tonight, 0, 31, 14 
bartell, 0, 28, 14 
dinner, 0, 30, 14 
within, 0, 27, 14 
believe, 0, 34, 14 
repeated, 0, 43, 14 
streets, 0, 30, 14 
listened, 0, 37, 14 
neither, 0, 32, 14 
received, 0, 41, 14 
almost, 0, 31, 14 
shoulders, 0, 47, 14 
playing, 0, 34, 14 
entered, 0, 36, 14 
leaned, 0, 33, 14 
theyre, 0, 29, 14 
nodded, 0, 37, 14 
contract, 0, 37, 14 
singing, 0, 34, 14 
beginning, 0, 48, 14 
become, 0, 39, 14 
whisky, 0, 32, 14 
speech, 0, 35, 14 
raised, 0, 29, 14 
suppose, 0, 41, 14 
fellows, 0, 32, 14 
myself, 0, 30, 14 
reached, 0, 39, 14 
sister, 0, 24, 14 
square, 0, 33, 14 
whenever, 0, 48, 14 
committee, 0, 49, 14 
manner, 0, 37, 14 
papers, 0, 33, 14 
michael, 0, 37, 14 
trying, 0, 25, 14 
everything, 0, 49, 14 
 , -1, 4, 16 
