# tag, weight, width (pixels), height(pixels)
# last tag is white space (fake)
#after sentinel the data may be repeated for alt fonts
little, 9, 68, 38 
gabriel, 6, 84, 30 
before, 3, 51, 20 
street, 2, 39, 17 
himself, 2, 51, 17 
seemed, 1, 46, 15 
kernan, 1, 39, 15 
looked, 1, 38, 15 
something, 1, 60, 15 
towards, 1, 45, 15 
cunningham, 1, 70, 15 
thought, 1, 43, 15 
nothing, 1, 42, 15 
friends, 1, 39, 15 
through, 1, 43, 15 
always, 1, 40, 15 
henchy, 1, 42, 15 
turned, 0, 33, 11 
father, 0, 30, 11 
kearney, 0, 41, 11 
people, 0, 35, 11 
gallaher, 0, 41, 11 
browne, 0, 37, 11 
together, 0, 43, 11 
corley, 0, 30, 11 
evening, 0, 41, 11 
oconnor, 0, 42, 11 
course, 0, 34, 11 
because, 0, 44, 11 
walked, 0, 35, 11 
brought, 0, 40, 11 
another, 0, 40, 11 
against, 0, 38, 11 
called, 0, 30, 11 
chandler, 0, 44, 11 
passed, 0, 37, 11 
malins, 0, 32, 11 
moment, 0, 40, 11 
project, 0, 35, 11 
holohan, 0, 42, 11 
ignatius, 0, 40, 11 
without, 0, 37, 11 
dublin, 0, 31, 11 
office, 0, 28, 11 
slowly, 0, 30, 11 
saying, 0, 33, 11 
children, 0, 40, 11 
freddy, 0, 32, 11 
better, 0, 30, 11 
friend, 0, 29, 11 
window, 0, 37, 11 
 , -1, 4, 16 
little, 9, 127, 36 
gabriel, 6, 128, 27 
before, 3, 69, 17 
street, 2, 51, 15 
himself, 2, 63, 15 
seemed, 1, 49, 11 
kernan, 1, 44, 11 
looked, 1, 43, 11 
something, 1, 66, 11 
towards, 1, 50, 11 
cunningham, 1, 77, 11 
thought, 1, 50, 11 
nothing, 1, 49, 11 
friends, 1, 45, 11 
through, 1, 50, 11 
always, 1, 43, 11 
henchy, 1, 46, 11 
turned, 0, 38, 10 
father, 0, 36, 10 
kearney, 0, 47, 10 
people, 0, 39, 10 
gallaher, 0, 48, 10 
browne, 0, 41, 10 
together, 0, 50, 10 
corley, 0, 37, 10 
evening, 0, 46, 10 
oconnor, 0, 47, 10 
course, 0, 40, 10 
because, 0, 49, 10 
walked, 0, 40, 10 
brought, 0, 45, 10 
another, 0, 45, 10 
against, 0, 44, 10 
called, 0, 36, 10 
chandler, 0, 51, 10 
passed, 0, 42, 10 
malins, 0, 38, 10 
moment, 0, 44, 10 
project, 0, 42, 10 
holohan, 0, 46, 10 
ignatius, 0, 48, 10 
without, 0, 43, 10 
dublin, 0, 36, 10 
office, 0, 35, 10 
slowly, 0, 37, 10 
saying, 0, 39, 10 
children, 0, 48, 10 
freddy, 0, 38, 10 
better, 0, 36, 10 
friend, 0, 35, 10 
window, 0, 41, 10 
 , -1, 4, 16 
little, 9, 58, 44 
gabriel, 6, 81, 33 
before, 3, 45, 22 
street, 2, 32, 19 
himself, 2, 41, 19 
seemed, 1, 44, 16 
kernan, 1, 37, 16 
looked, 1, 35, 16 
something, 1, 55, 16 
towards, 1, 42, 16 
cunningham, 1, 66, 16 
thought, 1, 40, 16 
nothing, 1, 39, 16 
friends, 1, 35, 16 
through, 1, 41, 16 
always, 1, 36, 16 
henchy, 1, 39, 16 
turned, 0, 30, 14 
father, 0, 26, 14 
kearney, 0, 38, 14 
people, 0, 33, 14 
gallaher, 0, 39, 14 
browne, 0, 36, 14 
together, 0, 39, 14 
corley, 0, 28, 14 
evening, 0, 38, 14 
oconnor, 0, 39, 14 
course, 0, 32, 14 
because, 0, 41, 14 
walked, 0, 34, 14 
brought, 0, 36, 14 
another, 0, 36, 14 
against, 0, 34, 14 
called, 0, 28, 14 
chandler, 0, 42, 14 
passed, 0, 35, 14 
malins, 0, 31, 14 
moment, 0, 39, 14 
project, 0, 31, 14 
holohan, 0, 39, 14 
ignatius, 0, 37, 14 
without, 0, 33, 14 
dublin, 0, 29, 14 
office, 0, 24, 14 
slowly, 0, 29, 14 
saying, 0, 31, 14 
children, 0, 38, 14 
freddy, 0, 29, 14 
better, 0, 26, 14 
friend, 0, 26, 14 
window, 0, 37, 14 
 , -1, 4, 16 
