# tag, weight, width (pixels), height(pixels)
# last tag is white space (fake)
#after sentinel the data may be repeated for alt fonts
things, 9, 102, 38 
therefore, 6, 112, 30 
themselves, 4, 109, 23 
nature, 4, 61, 23 
should, 3, 53, 20 
himself, 3, 57, 20 
rather, 3, 47, 20 
little, 3, 32, 20 
persons, 2, 57, 17 
business, 2, 64, 17 
without, 2, 51, 17 
others, 2, 44, 17 
counsel, 1, 45, 15 
better, 1, 33, 15 
cannot, 1, 39, 15 
though, 1, 39, 15 
people, 0, 35, 11 
because, 0, 44, 11 
certainly, 0, 43, 11 
either, 0, 29, 11 
except, 0, 34, 11 
 , -1, 4, 16 
things, 9, 158, 36 
therefore, 6, 166, 27 
themselves, 4, 141, 20 
nature, 4, 81, 20 
should, 3, 72, 17 
himself, 3, 79, 17 
rather, 3, 65, 17 
little, 3, 53, 17 
persons, 2, 67, 15 
business, 2, 76, 15 
without, 2, 62, 15 
others, 2, 54, 15 
counsel, 1, 50, 11 
better, 1, 39, 11 
cannot, 1, 44, 11 
though, 1, 45, 11 
people, 0, 39, 10 
because, 0, 49, 10 
certainly, 0, 53, 10 
either, 0, 35, 10 
except, 0, 40, 10 
 , -1, 4, 16 
things, 9, 93, 44 
therefore, 6, 107, 33 
themselves, 4, 90, 25 
nature, 4, 49, 25 
should, 3, 46, 22 
himself, 3, 49, 22 
rather, 3, 41, 22 
little, 3, 23, 22 
persons, 2, 47, 19 
business, 2, 53, 19 
without, 2, 40, 19 
others, 2, 36, 19 
counsel, 1, 41, 16 
better, 1, 30, 16 
cannot, 1, 36, 16 
though, 1, 37, 16 
people, 0, 33, 14 
because, 0, 41, 14 
certainly, 0, 39, 14 
either, 0, 26, 14 
except, 0, 31, 14 
 , -1, 4, 16 
