# tag, weight, width (pixels), height(pixels)
# last tag is white space (fake)
#after sentinel the data may be repeated for alt fonts
things, 9, 102, 38 
therefore, 7, 126, 32 
themselves, 6, 139, 30 
nature, 5, 67, 27 
should, 5, 69, 27 
himself, 5, 75, 27 
rather, 5, 62, 27 
little, 5, 42, 27 
persons, 5, 84, 27 
business, 5, 93, 27 
without, 4, 68, 23 
others, 4, 60, 23 
counsel, 4, 75, 23 
better, 4, 55, 23 
cannot, 4, 65, 23 
though, 4, 66, 23 
people, 3, 54, 20 
because, 3, 68, 20 
certainly, 3, 67, 20 
either, 3, 45, 20 
except, 3, 53, 20 
another, 3, 61, 20 
princes, 3, 58, 20 
virtue, 2, 39, 17 
towards, 2, 56, 17 
before, 2, 45, 17 
certain, 2, 48, 17 
matter, 2, 44, 17 
commonly, 2, 73, 17 
sometimes, 2, 77, 17 
against, 2, 52, 17 
neither, 2, 49, 17 
likewise, 2, 58, 17 
between, 2, 61, 17 
maketh, 2, 52, 17 
speech, 1, 42, 15 
fortune, 1, 40, 15 
second, 1, 42, 15 
estate, 1, 36, 15 
ground, 1, 39, 15 
natural, 1, 39, 15 
person, 1, 39, 15 
children, 1, 45, 15 
project, 1, 39, 15 
matters, 1, 44, 15 
amongst, 1, 50, 15 
riches, 1, 35, 15 
religion, 1, 41, 15 
indeed, 1, 38, 15 
greatness, 1, 57, 15 
states, 1, 36, 15 
greatest, 1, 47, 15 
greater, 1, 40, 15 
custom, 1, 43, 15 
nothing, 1, 42, 15 
thought, 1, 43, 15 
judgment, 1, 53, 15 
friend, 1, 32, 15 
danger, 1, 39, 15 
wherein, 1, 44, 15 
number, 1, 43, 15 
especially, 1, 58, 15 
itself, 0, 24, 11 
secret, 0, 31, 11 
within, 0, 29, 11 
country, 0, 38, 11 
almost, 0, 33, 11 
cunning, 0, 41, 11 
england, 0, 42, 11 
generally, 0, 47, 11 
besides, 0, 40, 11 
opinion, 0, 38, 11 
ancient, 0, 38, 11 
public, 0, 30, 11 
somewhat, 0, 51, 11 
garden, 0, 36, 11 
common, 0, 42, 11 
whereof, 0, 41, 11 
whereas, 0, 43, 11 
caesar, 0, 34, 11 
whereby, 0, 43, 11 
natures, 0, 39, 11 
respect, 0, 38, 11 
wisdom, 0, 37, 11 
servants, 0, 43, 11 
general, 0, 39, 11 
concerning, 0, 56, 11 
particular, 0, 47, 11 
pleasure, 0, 44, 11 
reason, 0, 35, 11 
effect, 0, 29, 11 
friends, 0, 35, 11 
principal, 0, 43, 11 
plantation, 0, 51, 11 
motion, 0, 34, 11 
strength, 0, 42, 11 
manner, 0, 38, 11 
nobility, 0, 36, 11 
prince, 0, 31, 11 
authority, 0, 45, 11 
places, 0, 33, 11 
otherwise, 0, 49, 11 
thereof, 0, 37, 11 
gutenberg, 0, 53, 11 
strange, 0, 39, 11 
friendship, 0, 50, 11 
beware, 0, 37, 11 
surely, 0, 30, 11 
occasion, 0, 45, 11 
appear, 0, 36, 11 
church, 0, 34, 11 
alleys, 0, 29, 11 
empire, 0, 34, 11 
subject, 0, 37, 11 
factions, 0, 40, 11 
several, 0, 37, 11 
health, 0, 32, 11 
affairs, 0, 32, 11 
chiefly, 0, 33, 11 
examples, 0, 48, 11 
soldiers, 0, 39, 11 
ordinary, 0, 41, 11 
virtues, 0, 34, 11 
actions, 0, 37, 11 
beauty, 0, 35, 11 
necessity, 0, 48, 11 
flowers, 0, 36, 11 
excellent, 0, 46, 11 
thoughts, 0, 45, 11 
private, 0, 35, 11 
secrecy, 0, 39, 11 
judges, 0, 34, 11 
always, 0, 34, 11 
remedy, 0, 37, 11 
points, 0, 31, 11 
justice, 0, 33, 11 
present, 0, 39, 11 
politic, 0, 30, 11 
latter, 0, 26, 11 
dispatch, 0, 43, 11 
counsellors, 0, 58, 11 
choose, 0, 37, 11 
profit, 0, 26, 11 
hundred, 0, 43, 11 
course, 0, 34, 11 
solomon, 0, 43, 11 
faction, 0, 35, 11 
whatsoever, 0, 58, 11 
together, 0, 43, 11 
memory, 0, 39, 11 
extreme, 0, 41, 11 
desire, 0, 31, 11 
change, 0, 38, 11 
causes, 0, 36, 11 
through, 0, 40, 11 
troubles, 0, 41, 11 
seditions, 0, 46, 11 
higher, 0, 32, 11 
goodness, 0, 50, 11 
information, 0, 57, 11 
etexts, 0, 31, 11 
nevertheless, 0, 65, 11 
question, 0, 44, 11 
giveth, 0, 31, 11 
praise, 0, 31, 11 
perhaps, 0, 42, 11 
counsels, 0, 45, 11 
seemeth, 0, 44, 11 
revenge, 0, 42, 11 
government, 0, 60, 11 
atheism, 0, 40, 11 
rising, 0, 27, 11 
tacitus, 0, 34, 11 
errors, 0, 29, 11 
observation, 0, 60, 11 
reputation, 0, 52, 11 
hardly, 0, 31, 11 
discourse, 0, 49, 11 
spread, 0, 35, 11 
taking, 0, 31, 11 
further, 0, 34, 11 
called, 0, 30, 11 
scripture, 0, 44, 11 
boldness, 0, 46, 11 
exercise, 0, 42, 11 
return, 0, 30, 11 
affections, 0, 50, 11 
superstition, 0, 59, 11 
studies, 0, 37, 11 
seldom, 0, 36, 11 
understand, 0, 58, 11 
follow, 0, 29, 11 
cometh, 0, 37, 11 
received, 0, 43, 11 
france, 0, 32, 11 
corrupt, 0, 36, 11 
worthy, 0, 33, 11 
specially, 0, 44, 11 
become, 0, 40, 11 
lastly, 0, 26, 11 
former, 0, 32, 11 
 , -1, 4, 16 
things, 9, 158, 36 
therefore, 7, 184, 30 
themselves, 6, 199, 27 
nature, 5, 101, 23 
should, 5, 106, 23 
himself, 5, 117, 23 
rather, 5, 96, 23 
little, 5, 80, 23 
persons, 5, 125, 23 
business, 5, 141, 23 
without, 4, 92, 20 
others, 4, 80, 20 
counsel, 4, 97, 20 
better, 4, 76, 20 
cannot, 4, 84, 20 
though, 4, 85, 20 
people, 3, 73, 17 
because, 3, 89, 17 
certainly, 3, 96, 17 
either, 3, 64, 17 
except, 3, 71, 17 
another, 3, 82, 17 
princes, 3, 80, 17 
virtue, 2, 50, 15 
towards, 2, 66, 15 
before, 2, 54, 15 
certain, 2, 60, 15 
matter, 2, 55, 15 
commonly, 2, 84, 15 
sometimes, 2, 91, 15 
against, 2, 63, 15 
neither, 2, 60, 15 
likewise, 2, 70, 15 
between, 2, 69, 15 
maketh, 2, 61, 15 
speech, 1, 46, 11 
fortune, 1, 47, 11 
second, 1, 46, 11 
estate, 1, 41, 11 
ground, 1, 45, 11 
natural, 1, 46, 11 
person, 1, 44, 11 
children, 1, 52, 11 
project, 1, 45, 11 
matters, 1, 48, 11 
amongst, 1, 54, 11 
riches, 1, 39, 11 
religion, 1, 49, 11 
indeed, 1, 44, 11 
greatness, 1, 64, 11 
states, 1, 40, 11 
greatest, 1, 54, 11 
greater, 1, 47, 11 
custom, 1, 45, 11 
nothing, 1, 49, 11 
thought, 1, 50, 11 
judgment, 1, 59, 11 
friend, 1, 38, 11 
danger, 1, 45, 11 
wherein, 1, 50, 11 
number, 1, 47, 11 
especially, 1, 65, 11 
itself, 0, 32, 10 
secret, 0, 38, 10 
within, 0, 35, 10 
country, 0, 45, 10 
almost, 0, 39, 10 
cunning, 0, 46, 10 
england, 0, 46, 10 
generally, 0, 55, 10 
besides, 0, 46, 10 
opinion, 0, 43, 10 
ancient, 0, 44, 10 
public, 0, 36, 10 
somewhat, 0, 57, 10 
garden, 0, 40, 10 
common, 0, 46, 10 
whereof, 0, 46, 10 
whereas, 0, 48, 10 
caesar, 0, 40, 10 
whereby, 0, 48, 10 
natures, 0, 45, 10 
respect, 0, 45, 10 
wisdom, 0, 42, 10 
servants, 0, 52, 10 
general, 0, 44, 10 
concerning, 0, 65, 10 
particular, 0, 58, 10 
pleasure, 0, 51, 10 
reason, 0, 40, 10 
effect, 0, 36, 10 
friends, 0, 42, 10 
principal, 0, 52, 10 
plantation, 0, 60, 10 
motion, 0, 39, 10 
strength, 0, 50, 10 
manner, 0, 42, 10 
nobility, 0, 45, 10 
prince, 0, 37, 10 
authority, 0, 54, 10 
places, 0, 39, 10 
otherwise, 0, 57, 10 
thereof, 0, 43, 10 
gutenberg, 0, 59, 10 
strange, 0, 45, 10 
friendship, 0, 60, 10 
beware, 0, 41, 10 
surely, 0, 37, 10 
occasion, 0, 53, 10 
appear, 0, 40, 10 
church, 0, 40, 10 
alleys, 0, 36, 10 
empire, 0, 39, 10 
subject, 0, 44, 10 
factions, 0, 49, 10 
several, 0, 44, 10 
health, 0, 37, 10 
affairs, 0, 40, 10 
chiefly, 0, 41, 10 
examples, 0, 55, 10 
soldiers, 0, 48, 10 
ordinary, 0, 49, 10 
virtues, 0, 42, 10 
actions, 0, 44, 10 
beauty, 0, 40, 10 
necessity, 0, 58, 10 
flowers, 0, 43, 10 
excellent, 0, 55, 10 
thoughts, 0, 52, 10 
private, 0, 42, 10 
secrecy, 0, 47, 10 
judges, 0, 39, 10 
always, 0, 40, 10 
remedy, 0, 42, 10 
points, 0, 37, 10 
justice, 0, 41, 10 
present, 0, 45, 10 
politic, 0, 38, 10 
latter, 0, 33, 10 
dispatch, 0, 51, 10 
counsellors, 0, 69, 10 
choose, 0, 42, 10 
profit, 0, 33, 10 
hundred, 0, 47, 10 
course, 0, 40, 10 
solomon, 0, 48, 10 
faction, 0, 42, 10 
whatsoever, 0, 67, 10 
together, 0, 50, 10 
memory, 0, 44, 10 
extreme, 0, 47, 10 
desire, 0, 37, 10 
change, 0, 42, 10 
causes, 0, 42, 10 
through, 0, 45, 10 
troubles, 0, 49, 10 
seditions, 0, 55, 10 
higher, 0, 37, 10 
goodness, 0, 56, 10 
information, 0, 67, 10 
etexts, 0, 38, 10 
nevertheless, 0, 77, 10 
question, 0, 51, 10 
giveth, 0, 37, 10 
praise, 0, 37, 10 
perhaps, 0, 47, 10 
counsels, 0, 53, 10 
seemeth, 0, 49, 10 
revenge, 0, 47, 10 
government, 0, 68, 10 
atheism, 0, 46, 10 
rising, 0, 34, 10 
tacitus, 0, 42, 10 
errors, 0, 36, 10 
observation, 0, 70, 10 
reputation, 0, 61, 10 
hardly, 0, 37, 10 
discourse, 0, 58, 10 
spread, 0, 40, 10 
taking, 0, 37, 10 
further, 0, 41, 10 
called, 0, 36, 10 
scripture, 0, 54, 10 
boldness, 0, 53, 10 
exercise, 0, 51, 10 
return, 0, 36, 10 
affections, 0, 61, 10 
superstition, 0, 72, 10 
studies, 0, 44, 10 
seldom, 0, 41, 10 
understand, 0, 66, 10 
follow, 0, 35, 10 
cometh, 0, 42, 10 
received, 0, 51, 10 
france, 0, 38, 10 
corrupt, 0, 43, 10 
worthy, 0, 39, 10 
specially, 0, 54, 10 
become, 0, 44, 10 
lastly, 0, 34, 10 
former, 0, 38, 10 
 , -1, 4, 16 
things, 9, 93, 44 
therefore, 7, 119, 38 
themselves, 6, 137, 33 
nature, 5, 73, 31 
should, 5, 76, 31 
himself, 5, 79, 31 
rather, 5, 66, 31 
little, 5, 42, 31 
persons, 5, 91, 31 
business, 5, 101, 31 
without, 4, 55, 25 
others, 4, 48, 25 
counsel, 4, 61, 25 
better, 4, 43, 25 
cannot, 4, 53, 25 
though, 4, 54, 25 
people, 3, 47, 22 
because, 3, 61, 22 
certainly, 3, 56, 22 
either, 3, 38, 22 
except, 3, 47, 22 
another, 3, 54, 22 
princes, 3, 50, 22 
virtue, 2, 31, 19 
towards, 2, 46, 19 
before, 2, 36, 19 
certain, 2, 38, 19 
matter, 2, 37, 19 
commonly, 2, 63, 19 
sometimes, 2, 66, 19 
against, 2, 41, 19 
neither, 2, 38, 19 
likewise, 2, 46, 19 
between, 2, 49, 19 
maketh, 2, 44, 19 
speech, 1, 39, 16 
fortune, 1, 37, 16 
second, 1, 39, 16 
estate, 1, 32, 16 
ground, 1, 38, 16 
natural, 1, 36, 16 
person, 1, 37, 16 
children, 1, 40, 16 
project, 1, 35, 16 
matters, 1, 40, 16 
amongst, 1, 47, 16 
riches, 1, 31, 16 
religion, 1, 36, 16 
indeed, 1, 36, 16 
greatness, 1, 52, 16 
states, 1, 31, 16 
greatest, 1, 42, 16 
greater, 1, 38, 16 
custom, 1, 39, 16 
nothing, 1, 39, 16 
thought, 1, 40, 16 
judgment, 1, 49, 16 
friend, 1, 29, 16 
danger, 1, 38, 16 
wherein, 1, 42, 16 
number, 1, 42, 16 
especially, 1, 50, 16 
itself, 0, 20, 14 
secret, 0, 28, 14 
within, 0, 27, 14 
country, 0, 34, 14 
almost, 0, 31, 14 
cunning, 0, 38, 14 
england, 0, 39, 14 
generally, 0, 44, 14 
besides, 0, 37, 14 
opinion, 0, 35, 14 
ancient, 0, 34, 14 
public, 0, 28, 14 
somewhat, 0, 50, 14 
garden, 0, 34, 14 
common, 0, 42, 14 
whereof, 0, 38, 14 
whereas, 0, 41, 14 
caesar, 0, 32, 14 
whereby, 0, 41, 14 
natures, 0, 35, 14 
respect, 0, 34, 14 
wisdom, 0, 37, 14 
servants, 0, 40, 14 
general, 0, 36, 14 
concerning, 0, 53, 14 
particular, 0, 43, 14 
pleasure, 0, 42, 14 
reason, 0, 33, 14 
effect, 0, 24, 14 
friends, 0, 31, 14 
principal, 0, 40, 14 
plantation, 0, 46, 14 
motion, 0, 32, 14 
strength, 0, 38, 14 
manner, 0, 37, 14 
nobility, 0, 33, 14 
prince, 0, 29, 14 
authority, 0, 40, 14 
places, 0, 31, 14 
otherwise, 0, 46, 14 
thereof, 0, 32, 14 
gutenberg, 0, 49, 14 
strange, 0, 35, 14 
friendship, 0, 46, 14 
beware, 0, 36, 14 
surely, 0, 28, 14 
occasion, 0, 43, 14 
appear, 0, 34, 14 
church, 0, 32, 14 
alleys, 0, 27, 14 
empire, 0, 33, 14 
subject, 0, 33, 14 
factions, 0, 36, 14 
several, 0, 34, 14 
health, 0, 29, 14 
affairs, 0, 27, 14 
chiefly, 0, 29, 14 
examples, 0, 47, 14 
soldiers, 0, 37, 14 
ordinary, 0, 39, 14 
virtues, 0, 30, 14 
actions, 0, 33, 14 
beauty, 0, 32, 14 
necessity, 0, 44, 14 
flowers, 0, 33, 14 
excellent, 0, 42, 14 
thoughts, 0, 41, 14 
private, 0, 31, 14 
secrecy, 0, 36, 14 
judges, 0, 32, 14 
always, 0, 33, 14 
remedy, 0, 36, 14 
points, 0, 28, 14 
justice, 0, 29, 14 
present, 0, 35, 14 
politic, 0, 26, 14 
latter, 0, 22, 14 
dispatch, 0, 40, 14 
counsellors, 0, 54, 14 
choose, 0, 35, 14 
profit, 0, 22, 14 
hundred, 0, 40, 14 
course, 0, 32, 14 
solomon, 0, 41, 14 
faction, 0, 30, 14 
whatsoever, 0, 55, 14 
together, 0, 39, 14 
memory, 0, 39, 14 
extreme, 0, 38, 14 
desire, 0, 29, 14 
change, 0, 36, 14 
causes, 0, 34, 14 
through, 0, 36, 14 
troubles, 0, 38, 14 
seditions, 0, 42, 14 
higher, 0, 30, 14 
goodness, 0, 48, 14 
information, 0, 52, 14 
etexts, 0, 27, 14 
nevertheless, 0, 60, 14 
question, 0, 41, 14 
giveth, 0, 28, 14 
praise, 0, 29, 14 
perhaps, 0, 39, 14 
counsels, 0, 43, 14 
seemeth, 0, 41, 14 
revenge, 0, 39, 14 
government, 0, 57, 14 
atheism, 0, 37, 14 
rising, 0, 25, 14 
tacitus, 0, 29, 14 
errors, 0, 27, 14 
observation, 0, 55, 14 
reputation, 0, 47, 14 
hardly, 0, 29, 14 
discourse, 0, 46, 14 
spread, 0, 33, 14 
taking, 0, 28, 14 
further, 0, 29, 14 
called, 0, 28, 14 
scripture, 0, 40, 14 
boldness, 0, 44, 14 
exercise, 0, 40, 14 
return, 0, 27, 14 
affections, 0, 44, 14 
superstition, 0, 53, 14 
studies, 0, 33, 14 
seldom, 0, 35, 14 
understand, 0, 54, 14 
follow, 0, 27, 14 
cometh, 0, 35, 14 
received, 0, 41, 14 
france, 0, 29, 14 
corrupt, 0, 32, 14 
worthy, 0, 31, 14 
specially, 0, 41, 14 
become, 0, 39, 14 
lastly, 0, 23, 14 
former, 0, 30, 14 
 , -1, 4, 16 
