# tag, weight, width (pixels), height(pixels)
# last tag is white space (fake)
#after sentinel the data may be repeated for alt fonts
things, 9, 102, 38 
therefore, 6, 112, 30 
themselves, 5, 120, 27 
nature, 5, 67, 27 
should, 4, 64, 23 
himself, 4, 68, 23 
rather, 4, 56, 23 
little, 4, 39, 23 
persons, 4, 77, 23 
business, 4, 86, 23 
without, 4, 68, 23 
others, 4, 60, 23 
counsel, 3, 62, 20 
better, 3, 46, 20 
cannot, 3, 54, 20 
though, 3, 55, 20 
people, 2, 49, 17 
because, 2, 61, 17 
certainly, 2, 60, 17 
either, 2, 40, 17 
except, 1, 39, 15 
another, 1, 43, 15 
princes, 1, 42, 15 
virtue, 1, 32, 15 
towards, 1, 45, 15 
before, 1, 36, 15 
certain, 1, 39, 15 
matter, 1, 37, 15 
commonly, 1, 60, 15 
sometimes, 0, 54, 11 
against, 0, 38, 11 
neither, 0, 36, 11 
likewise, 0, 39, 11 
between, 0, 44, 11 
maketh, 0, 37, 11 
speech, 0, 37, 11 
fortune, 0, 37, 11 
second, 0, 37, 11 
estate, 0, 32, 11 
ground, 0, 36, 11 
natural, 0, 36, 11 
person, 0, 35, 11 
children, 0, 40, 11 
project, 0, 35, 11 
matters, 0, 38, 11 
amongst, 0, 44, 11 
riches, 0, 30, 11 
religion, 0, 37, 11 
indeed, 0, 35, 11 
greatness, 0, 51, 11 
states, 0, 31, 11 
 , -1, 4, 16 
things, 9, 158, 36 
therefore, 6, 166, 27 
themselves, 5, 177, 23 
nature, 5, 101, 23 
should, 4, 83, 20 
himself, 4, 92, 20 
rather, 4, 77, 20 
little, 4, 62, 20 
persons, 4, 99, 20 
business, 4, 111, 20 
without, 4, 92, 20 
others, 4, 80, 20 
counsel, 3, 84, 17 
better, 3, 64, 17 
cannot, 3, 72, 17 
though, 3, 73, 17 
people, 2, 56, 15 
because, 2, 70, 15 
certainly, 2, 76, 15 
either, 2, 50, 15 
except, 1, 43, 11 
another, 1, 50, 11 
princes, 1, 47, 11 
virtue, 1, 37, 11 
towards, 1, 50, 11 
before, 1, 42, 11 
certain, 1, 45, 11 
matter, 1, 41, 11 
commonly, 1, 62, 11 
sometimes, 0, 62, 10 
against, 0, 44, 10 
neither, 0, 42, 10 
likewise, 0, 48, 10 
between, 0, 48, 10 
maketh, 0, 42, 10 
speech, 0, 42, 10 
fortune, 0, 43, 10 
second, 0, 42, 10 
estate, 0, 38, 10 
ground, 0, 40, 10 
natural, 0, 42, 10 
person, 0, 40, 10 
children, 0, 48, 10 
project, 0, 42, 10 
matters, 0, 45, 10 
amongst, 0, 49, 10 
riches, 0, 37, 10 
religion, 0, 45, 10 
indeed, 0, 39, 10 
greatness, 0, 59, 10 
states, 0, 38, 10 
 , -1, 4, 16 
things, 9, 93, 44 
therefore, 6, 107, 33 
themselves, 5, 129, 31 
nature, 5, 73, 31 
should, 4, 52, 25 
himself, 4, 55, 25 
rather, 4, 44, 25 
little, 4, 27, 25 
persons, 4, 63, 25 
business, 4, 70, 25 
without, 4, 55, 25 
others, 4, 48, 25 
counsel, 3, 54, 22 
better, 3, 40, 22 
cannot, 3, 48, 22 
though, 3, 49, 22 
people, 2, 38, 19 
because, 2, 50, 19 
certainly, 2, 48, 19 
either, 2, 31, 19 
except, 1, 35, 16 
another, 1, 41, 16 
princes, 1, 38, 16 
virtue, 1, 28, 16 
towards, 1, 42, 16 
before, 1, 34, 16 
certain, 1, 35, 16 
matter, 1, 34, 16 
commonly, 1, 55, 16 
sometimes, 0, 52, 14 
against, 0, 34, 14 
neither, 0, 32, 14 
likewise, 0, 38, 14 
between, 0, 41, 14 
maketh, 0, 35, 14 
speech, 0, 35, 14 
fortune, 0, 32, 14 
second, 0, 35, 14 
estate, 0, 28, 14 
ground, 0, 34, 14 
natural, 0, 32, 14 
person, 0, 33, 14 
children, 0, 38, 14 
project, 0, 31, 14 
matters, 0, 34, 14 
amongst, 0, 41, 14 
riches, 0, 28, 14 
religion, 0, 35, 14 
indeed, 0, 33, 14 
greatness, 0, 47, 14 
states, 0, 27, 14 
 , -1, 4, 16 
