# tag, weight, width (pixels), height(pixels)
# last tag is white space (fake)
#after sentinel the data may be repeated for alt fonts
things, 9, 102, 38 
therefore, 7, 126, 32 
themselves, 5, 120, 27 
nature, 5, 67, 27 
should, 5, 69, 27 
himself, 5, 75, 27 
rather, 5, 62, 27 
little, 5, 42, 27 
persons, 4, 77, 23 
business, 4, 86, 23 
without, 4, 68, 23 
others, 4, 60, 23 
counsel, 4, 75, 23 
better, 4, 55, 23 
cannot, 4, 65, 23 
though, 3, 55, 20 
people, 3, 54, 20 
because, 3, 68, 20 
certainly, 2, 60, 17 
either, 2, 40, 17 
except, 2, 47, 17 
another, 2, 54, 17 
princes, 2, 52, 17 
virtue, 2, 39, 17 
towards, 2, 56, 17 
before, 2, 45, 17 
certain, 1, 39, 15 
matter, 1, 37, 15 
commonly, 1, 60, 15 
sometimes, 1, 64, 15 
against, 1, 42, 15 
neither, 1, 39, 15 
likewise, 1, 46, 15 
between, 1, 48, 15 
maketh, 1, 43, 15 
speech, 1, 42, 15 
fortune, 1, 40, 15 
second, 1, 42, 15 
estate, 1, 36, 15 
ground, 1, 39, 15 
natural, 1, 39, 15 
person, 1, 39, 15 
children, 1, 45, 15 
project, 1, 39, 15 
matters, 0, 38, 11 
amongst, 0, 44, 11 
riches, 0, 30, 11 
religion, 0, 37, 11 
indeed, 0, 35, 11 
greatness, 0, 51, 11 
states, 0, 31, 11 
greatest, 0, 42, 11 
greater, 0, 37, 11 
custom, 0, 36, 11 
nothing, 0, 39, 11 
thought, 0, 40, 11 
judgment, 0, 47, 11 
friend, 0, 29, 11 
danger, 0, 36, 11 
wherein, 0, 40, 11 
number, 0, 38, 11 
especially, 0, 50, 11 
itself, 0, 24, 11 
secret, 0, 31, 11 
within, 0, 29, 11 
country, 0, 38, 11 
almost, 0, 33, 11 
cunning, 0, 41, 11 
england, 0, 42, 11 
generally, 0, 47, 11 
besides, 0, 40, 11 
opinion, 0, 38, 11 
ancient, 0, 38, 11 
public, 0, 30, 11 
somewhat, 0, 51, 11 
garden, 0, 36, 11 
common, 0, 42, 11 
whereof, 0, 41, 11 
whereas, 0, 43, 11 
caesar, 0, 34, 11 
whereby, 0, 43, 11 
natures, 0, 39, 11 
respect, 0, 38, 11 
wisdom, 0, 37, 11 
servants, 0, 43, 11 
general, 0, 39, 11 
concerning, 0, 56, 11 
particular, 0, 47, 11 
pleasure, 0, 44, 11 
reason, 0, 35, 11 
effect, 0, 29, 11 
friends, 0, 35, 11 
principal, 0, 43, 11 
plantation, 0, 51, 11 
motion, 0, 34, 11 
strength, 0, 42, 11 
manner, 0, 38, 11 
nobility, 0, 36, 11 
prince, 0, 31, 11 
authority, 0, 45, 11 
places, 0, 33, 11 
 , -1, 4, 16 
things, 9, 158, 36 
therefore, 7, 184, 30 
themselves, 5, 177, 23 
nature, 5, 101, 23 
should, 5, 106, 23 
himself, 5, 117, 23 
rather, 5, 96, 23 
little, 5, 80, 23 
persons, 4, 99, 20 
business, 4, 111, 20 
without, 4, 92, 20 
others, 4, 80, 20 
counsel, 4, 97, 20 
better, 4, 76, 20 
cannot, 4, 84, 20 
though, 3, 73, 17 
people, 3, 73, 17 
because, 3, 89, 17 
certainly, 2, 76, 15 
either, 2, 50, 15 
except, 2, 57, 15 
another, 2, 64, 15 
princes, 2, 63, 15 
virtue, 2, 50, 15 
towards, 2, 66, 15 
before, 2, 54, 15 
certain, 1, 45, 11 
matter, 1, 41, 11 
commonly, 1, 62, 11 
sometimes, 1, 67, 11 
against, 1, 48, 11 
neither, 1, 46, 11 
likewise, 1, 51, 11 
between, 1, 54, 11 
maketh, 1, 46, 11 
speech, 1, 46, 11 
fortune, 1, 47, 11 
second, 1, 46, 11 
estate, 1, 41, 11 
ground, 1, 45, 11 
natural, 1, 46, 11 
person, 1, 44, 11 
children, 1, 52, 11 
project, 1, 45, 11 
matters, 0, 45, 10 
amongst, 0, 49, 10 
riches, 0, 37, 10 
religion, 0, 45, 10 
indeed, 0, 39, 10 
greatness, 0, 59, 10 
states, 0, 38, 10 
greatest, 0, 50, 10 
greater, 0, 43, 10 
custom, 0, 42, 10 
nothing, 0, 44, 10 
thought, 0, 45, 10 
judgment, 0, 53, 10 
friend, 0, 35, 10 
danger, 0, 40, 10 
wherein, 0, 45, 10 
number, 0, 42, 10 
especially, 0, 61, 10 
itself, 0, 32, 10 
secret, 0, 38, 10 
within, 0, 35, 10 
country, 0, 45, 10 
almost, 0, 39, 10 
cunning, 0, 46, 10 
england, 0, 46, 10 
generally, 0, 55, 10 
besides, 0, 46, 10 
opinion, 0, 43, 10 
ancient, 0, 44, 10 
public, 0, 36, 10 
somewhat, 0, 57, 10 
garden, 0, 40, 10 
common, 0, 46, 10 
whereof, 0, 46, 10 
whereas, 0, 48, 10 
caesar, 0, 40, 10 
whereby, 0, 48, 10 
natures, 0, 45, 10 
respect, 0, 45, 10 
wisdom, 0, 42, 10 
servants, 0, 52, 10 
general, 0, 44, 10 
concerning, 0, 65, 10 
particular, 0, 58, 10 
pleasure, 0, 51, 10 
reason, 0, 40, 10 
effect, 0, 36, 10 
friends, 0, 42, 10 
principal, 0, 52, 10 
plantation, 0, 60, 10 
motion, 0, 39, 10 
strength, 0, 50, 10 
manner, 0, 42, 10 
nobility, 0, 45, 10 
prince, 0, 37, 10 
authority, 0, 54, 10 
places, 0, 39, 10 
 , -1, 4, 16 
things, 9, 93, 44 
therefore, 7, 119, 38 
themselves, 5, 129, 31 
nature, 5, 73, 31 
should, 5, 76, 31 
himself, 5, 79, 31 
rather, 5, 66, 31 
little, 5, 42, 31 
persons, 4, 63, 25 
business, 4, 70, 25 
without, 4, 55, 25 
others, 4, 48, 25 
counsel, 4, 61, 25 
better, 4, 43, 25 
cannot, 4, 53, 25 
though, 3, 49, 22 
people, 3, 47, 22 
because, 3, 61, 22 
certainly, 2, 48, 19 
either, 2, 31, 19 
except, 2, 39, 19 
another, 2, 43, 19 
princes, 2, 42, 19 
virtue, 2, 31, 19 
towards, 2, 46, 19 
before, 2, 36, 19 
certain, 1, 35, 16 
matter, 1, 34, 16 
commonly, 1, 55, 16 
sometimes, 1, 58, 16 
against, 1, 38, 16 
neither, 1, 36, 16 
likewise, 1, 39, 16 
between, 1, 46, 16 
maketh, 1, 40, 16 
speech, 1, 39, 16 
fortune, 1, 37, 16 
second, 1, 39, 16 
estate, 1, 32, 16 
ground, 1, 38, 16 
natural, 1, 36, 16 
person, 1, 37, 16 
children, 1, 40, 16 
project, 1, 35, 16 
matters, 0, 34, 14 
amongst, 0, 41, 14 
riches, 0, 28, 14 
religion, 0, 35, 14 
indeed, 0, 33, 14 
greatness, 0, 47, 14 
states, 0, 27, 14 
greatest, 0, 38, 14 
greater, 0, 33, 14 
custom, 0, 34, 14 
nothing, 0, 35, 14 
thought, 0, 35, 14 
judgment, 0, 45, 14 
friend, 0, 26, 14 
danger, 0, 34, 14 
wherein, 0, 38, 14 
number, 0, 37, 14 
especially, 0, 47, 14 
itself, 0, 20, 14 
secret, 0, 28, 14 
within, 0, 27, 14 
country, 0, 34, 14 
almost, 0, 31, 14 
cunning, 0, 38, 14 
england, 0, 39, 14 
generally, 0, 44, 14 
besides, 0, 37, 14 
opinion, 0, 35, 14 
ancient, 0, 34, 14 
public, 0, 28, 14 
somewhat, 0, 50, 14 
garden, 0, 34, 14 
common, 0, 42, 14 
whereof, 0, 38, 14 
whereas, 0, 41, 14 
caesar, 0, 32, 14 
whereby, 0, 41, 14 
natures, 0, 35, 14 
respect, 0, 34, 14 
wisdom, 0, 37, 14 
servants, 0, 40, 14 
general, 0, 36, 14 
concerning, 0, 53, 14 
particular, 0, 43, 14 
pleasure, 0, 42, 14 
reason, 0, 33, 14 
effect, 0, 24, 14 
friends, 0, 31, 14 
principal, 0, 40, 14 
plantation, 0, 46, 14 
motion, 0, 32, 14 
strength, 0, 38, 14 
manner, 0, 37, 14 
nobility, 0, 33, 14 
prince, 0, 29, 14 
authority, 0, 40, 14 
places, 0, 31, 14 
 , -1, 4, 16 
