# tag, weight, width (pixels), height(pixels)
# last tag is white space (fake)
#after sentinel the data may be repeated for alt fonts
things, 9, 102, 38 
therefore, 9, 147, 38 
christ, 8, 88, 36 
because, 5, 89, 27 
should, 4, 64, 23 
before, 4, 61, 23 
spirit, 3, 38, 20 
chapter, 3, 60, 20 
joseph, 3, 53, 20 
without, 2, 51, 17 
people, 2, 49, 17 
brought, 2, 54, 17 
answered, 2, 70, 17 
others, 2, 44, 17 
wherefore, 2, 71, 17 
father, 2, 40, 17 
having, 2, 48, 17 
himself, 2, 51, 17 
according, 2, 70, 17 
through, 2, 54, 17 
called, 2, 43, 17 
received, 1, 49, 15 
saying, 1, 38, 15 
themselves, 1, 67, 15 
together, 1, 47, 15 
replied, 1, 38, 15 
concerning, 1, 63, 15 
against, 1, 42, 15 
building, 1, 44, 15 
thecla, 1, 35, 15 
another, 1, 43, 15 
receive, 1, 42, 15 
pilate, 1, 31, 15 
neither, 1, 39, 15 
commanded, 1, 71, 15 
blessed, 1, 45, 15 
temple, 1, 39, 15 
church, 1, 39, 15 
behold, 1, 38, 15 
stones, 1, 39, 15 
desire, 1, 35, 15 
delivered, 0, 47, 11 
manner, 0, 38, 11 
present, 0, 39, 11 
bishop, 0, 34, 11 
mother, 0, 35, 11 
seeing, 0, 34, 11 
israel, 0, 27, 11 
certain, 0, 35, 11 
nothing, 0, 39, 11 
children, 0, 40, 11 
written, 0, 34, 11 
repentance, 0, 58, 11 
repent, 0, 33, 11 
commands, 0, 54, 11 
virgin, 0, 27, 11 
little, 0, 21, 11 
worthy, 0, 33, 11 
believe, 0, 37, 11 
righteousness, 0, 72, 11 
heaven, 0, 38, 11 
virgins, 0, 33, 11 
wicked, 0, 34, 11 
charity, 0, 34, 11 
servants, 0, 43, 11 
servant, 0, 38, 11 
brethren, 0, 43, 11 
gospel, 0, 34, 11 
towards, 0, 40, 11 
righteous, 0, 48, 11 
indeed, 0, 35, 11 
suffer, 0, 29, 11 
governor, 0, 45, 11 
return, 0, 30, 11 
hearts, 0, 32, 11 
cannot, 0, 35, 11 
persons, 0, 41, 11 
person, 0, 35, 11 
command, 0, 49, 11 
understand, 0, 58, 11 
shepherd, 0, 48, 11 
continue, 0, 44, 11 
account, 0, 41, 11 
angels, 0, 34, 11 
though, 0, 36, 11 
within, 0, 29, 11 
thyself, 0, 34, 11 
priests, 0, 34, 11 
become, 0, 40, 11 
prince, 0, 31, 11 
depart, 0, 33, 11 
appointed, 0, 52, 11 
consider, 0, 43, 11 
prophet, 0, 40, 11 
beasts, 0, 34, 11 
beloved, 0, 41, 11 
always, 0, 34, 11 
commandments, 0, 79, 11 
presently, 0, 47, 11 
kingdom, 0, 43, 11 
whosoever, 0, 55, 11 
 , -1, 4, 16 
things, 9, 158, 36 
therefore, 9, 230, 36 
christ, 8, 133, 32 
because, 5, 128, 23 
should, 4, 83, 20 
before, 4, 81, 20 
spirit, 3, 58, 17 
chapter, 3, 81, 17 
joseph, 3, 72, 17 
without, 2, 62, 15 
people, 2, 56, 15 
brought, 2, 64, 15 
answered, 2, 79, 15 
others, 2, 54, 15 
wherefore, 2, 83, 15 
father, 2, 51, 15 
having, 2, 56, 15 
himself, 2, 63, 15 
according, 2, 83, 15 
through, 2, 64, 15 
called, 2, 52, 15 
received, 1, 55, 11 
saying, 1, 42, 11 
themselves, 1, 72, 11 
together, 1, 55, 11 
replied, 1, 45, 11 
concerning, 1, 71, 11 
against, 1, 48, 11 
building, 1, 52, 11 
thecla, 1, 40, 11 
another, 1, 50, 11 
receive, 1, 47, 11 
pilate, 1, 37, 11 
neither, 1, 46, 11 
commanded, 1, 75, 11 
blessed, 1, 50, 11 
temple, 1, 43, 11 
church, 1, 43, 11 
behold, 1, 44, 11 
stones, 1, 43, 11 
desire, 1, 40, 11 
delivered, 0, 55, 10 
manner, 0, 42, 10 
present, 0, 45, 10 
bishop, 0, 39, 10 
mother, 0, 40, 10 
seeing, 0, 39, 10 
israel, 0, 34, 10 
certain, 0, 42, 10 
nothing, 0, 44, 10 
children, 0, 48, 10 
written, 0, 41, 10 
repentance, 0, 66, 10 
repent, 0, 38, 10 
commands, 0, 60, 10 
virgin, 0, 34, 10 
little, 0, 29, 10 
worthy, 0, 39, 10 
believe, 0, 43, 10 
righteousness, 0, 84, 10 
heaven, 0, 42, 10 
virgins, 0, 41, 10 
wicked, 0, 40, 10 
charity, 0, 42, 10 
servants, 0, 52, 10 
servant, 0, 45, 10 
brethren, 0, 50, 10 
gospel, 0, 39, 10 
towards, 0, 46, 10 
righteous, 0, 56, 10 
indeed, 0, 39, 10 
suffer, 0, 36, 10 
governor, 0, 52, 10 
return, 0, 36, 10 
hearts, 0, 38, 10 
cannot, 0, 40, 10 
persons, 0, 47, 10 
person, 0, 40, 10 
command, 0, 53, 10 
understand, 0, 66, 10 
shepherd, 0, 54, 10 
continue, 0, 51, 10 
account, 0, 47, 10 
angels, 0, 39, 10 
though, 0, 40, 10 
within, 0, 35, 10 
thyself, 0, 42, 10 
priests, 0, 42, 10 
become, 0, 44, 10 
prince, 0, 37, 10 
depart, 0, 38, 10 
appointed, 0, 58, 10 
consider, 0, 51, 10 
prophet, 0, 45, 10 
beasts, 0, 40, 10 
beloved, 0, 46, 10 
always, 0, 40, 10 
commandments, 0, 88, 10 
presently, 0, 56, 10 
kingdom, 0, 48, 10 
whosoever, 0, 62, 10 
 , -1, 4, 16 
things, 9, 93, 44 
therefore, 9, 138, 44 
christ, 8, 77, 41 
because, 5, 98, 31 
should, 4, 52, 25 
before, 4, 49, 25 
spirit, 3, 30, 22 
chapter, 3, 53, 22 
joseph, 3, 46, 22 
without, 2, 40, 19 
people, 2, 38, 19 
brought, 2, 43, 19 
answered, 2, 58, 19 
others, 2, 36, 19 
wherefore, 2, 58, 19 
father, 2, 32, 19 
having, 2, 38, 19 
himself, 2, 41, 19 
according, 2, 57, 19 
through, 2, 43, 19 
called, 2, 33, 19 
received, 1, 44, 16 
saying, 1, 34, 16 
themselves, 1, 60, 16 
together, 1, 43, 16 
replied, 1, 35, 16 
concerning, 1, 58, 16 
against, 1, 38, 16 
building, 1, 39, 16 
thecla, 1, 31, 16 
another, 1, 41, 16 
receive, 1, 38, 16 
pilate, 1, 27, 16 
neither, 1, 36, 16 
commanded, 1, 68, 16 
blessed, 1, 41, 16 
temple, 1, 36, 16 
church, 1, 36, 16 
behold, 1, 36, 16 
stones, 1, 35, 16 
desire, 1, 32, 16 
delivered, 0, 44, 14 
manner, 0, 37, 14 
present, 0, 35, 14 
bishop, 0, 32, 14 
mother, 0, 33, 14 
seeing, 0, 32, 14 
israel, 0, 25, 14 
certain, 0, 31, 14 
nothing, 0, 35, 14 
children, 0, 38, 14 
written, 0, 30, 14 
repentance, 0, 54, 14 
repent, 0, 30, 14 
commands, 0, 54, 14 
virgin, 0, 25, 14 
little, 0, 17, 14 
worthy, 0, 31, 14 
believe, 0, 34, 14 
righteousness, 0, 67, 14 
heaven, 0, 36, 14 
virgins, 0, 30, 14 
wicked, 0, 33, 14 
charity, 0, 30, 14 
servants, 0, 40, 14 
servant, 0, 34, 14 
brethren, 0, 40, 14 
gospel, 0, 32, 14 
towards, 0, 37, 14 
righteous, 0, 44, 14 
indeed, 0, 33, 14 
suffer, 0, 25, 14 
governor, 0, 43, 14 
return, 0, 27, 14 
hearts, 0, 29, 14 
cannot, 0, 32, 14 
persons, 0, 38, 14 
person, 0, 33, 14 
command, 0, 48, 14 
understand, 0, 54, 14 
shepherd, 0, 46, 14 
continue, 0, 41, 14 
account, 0, 37, 14 
angels, 0, 32, 14 
though, 0, 33, 14 
within, 0, 27, 14 
thyself, 0, 29, 14 
priests, 0, 30, 14 
become, 0, 39, 14 
prince, 0, 29, 14 
depart, 0, 30, 14 
appointed, 0, 48, 14 
consider, 0, 41, 14 
prophet, 0, 36, 14 
beasts, 0, 31, 14 
beloved, 0, 38, 14 
always, 0, 33, 14 
commandments, 0, 77, 14 
presently, 0, 43, 14 
kingdom, 0, 41, 14 
whosoever, 0, 53, 14 
 , -1, 4, 16 
