# tag, weight, width (pixels), height(pixels)
# last tag is white space (fake)
#after sentinel the data may be repeated for alt fonts
things, 9, 102, 38 
therefore, 9, 147, 38 
christ, 8, 88, 36 
because, 5, 89, 27 
should, 5, 69, 27 
before, 4, 61, 23 
spirit, 3, 38, 20 
chapter, 3, 60, 20 
joseph, 3, 53, 20 
without, 3, 57, 20 
people, 2, 49, 17 
brought, 2, 54, 17 
answered, 2, 70, 17 
others, 2, 44, 17 
wherefore, 2, 71, 17 
father, 2, 40, 17 
having, 2, 48, 17 
himself, 2, 51, 17 
according, 2, 70, 17 
through, 2, 54, 17 
called, 2, 43, 17 
received, 2, 61, 17 
saying, 2, 47, 17 
themselves, 2, 81, 17 
together, 2, 58, 17 
replied, 1, 38, 15 
concerning, 1, 63, 15 
against, 1, 42, 15 
building, 1, 44, 15 
thecla, 1, 35, 15 
another, 1, 43, 15 
receive, 1, 42, 15 
pilate, 1, 31, 15 
neither, 1, 39, 15 
commanded, 1, 71, 15 
blessed, 1, 45, 15 
temple, 1, 39, 15 
church, 1, 39, 15 
behold, 1, 38, 15 
stones, 1, 39, 15 
desire, 1, 35, 15 
delivered, 1, 52, 15 
manner, 1, 43, 15 
present, 1, 43, 15 
bishop, 1, 38, 15 
mother, 1, 40, 15 
seeing, 1, 38, 15 
israel, 1, 31, 15 
certain, 1, 39, 15 
nothing, 1, 42, 15 
children, 1, 45, 15 
written, 1, 38, 15 
repentance, 1, 64, 15 
repent, 1, 36, 15 
commands, 1, 64, 15 
virgin, 1, 31, 15 
little, 1, 24, 15 
worthy, 1, 38, 15 
believe, 1, 41, 15 
righteousness, 1, 81, 15 
heaven, 0, 38, 11 
virgins, 0, 33, 11 
wicked, 0, 34, 11 
charity, 0, 34, 11 
servants, 0, 43, 11 
servant, 0, 38, 11 
brethren, 0, 43, 11 
gospel, 0, 34, 11 
towards, 0, 40, 11 
righteous, 0, 48, 11 
indeed, 0, 35, 11 
suffer, 0, 29, 11 
governor, 0, 45, 11 
return, 0, 30, 11 
hearts, 0, 32, 11 
cannot, 0, 35, 11 
persons, 0, 41, 11 
person, 0, 35, 11 
command, 0, 49, 11 
understand, 0, 58, 11 
shepherd, 0, 48, 11 
continue, 0, 44, 11 
account, 0, 41, 11 
angels, 0, 34, 11 
though, 0, 36, 11 
within, 0, 29, 11 
thyself, 0, 34, 11 
priests, 0, 34, 11 
become, 0, 40, 11 
prince, 0, 31, 11 
depart, 0, 33, 11 
appointed, 0, 52, 11 
consider, 0, 43, 11 
prophet, 0, 40, 11 
beasts, 0, 34, 11 
beloved, 0, 41, 11 
always, 0, 34, 11 
commandments, 0, 79, 11 
presently, 0, 47, 11 
kingdom, 0, 43, 11 
whosoever, 0, 55, 11 
believed, 0, 43, 11 
epistle, 0, 34, 11 
salvation, 0, 46, 11 
mountain, 0, 47, 11 
coming, 0, 36, 11 
reason, 0, 35, 11 
carried, 0, 35, 11 
thought, 0, 40, 11 
jerusalem, 0, 49, 11 
yourselves, 0, 54, 11 
subject, 0, 37, 11 
whether, 0, 41, 11 
former, 0, 32, 11 
project, 0, 35, 11 
saints, 0, 30, 11 
suffered, 0, 42, 11 
hearken, 0, 42, 11 
resurrection, 0, 60, 11 
placed, 0, 34, 11 
prayer, 0, 32, 11 
knowledge, 0, 55, 11 
daughter, 0, 46, 11 
honour, 0, 36, 11 
several, 0, 37, 11 
appeared, 0, 49, 11 
afraid, 0, 29, 11 
twelve, 0, 32, 11 
prayers, 0, 38, 11 
myself, 0, 32, 11 
anything, 0, 44, 11 
rather, 0, 30, 11 
reward, 0, 34, 11 
faithful, 0, 35, 11 
judgment, 0, 47, 11 
afterwards, 0, 53, 11 
country, 0, 38, 11 
perfect, 0, 36, 11 
appear, 0, 36, 11 
joachim, 0, 39, 11 
rejoice, 0, 34, 11 
prophets, 0, 45, 11 
messenger, 0, 56, 11 
spirits, 0, 30, 11 
highpriest, 0, 50, 11 
declare, 0, 38, 11 
manifest, 0, 43, 11 
immediately, 0, 60, 11 
fathers, 0, 36, 11 
departed, 0, 46, 11 
deliver, 0, 34, 11 
priest, 0, 28, 11 
pleasure, 0, 44, 11 
apostles, 0, 43, 11 
attain, 0, 29, 11 
wickedness, 0, 58, 11 
better, 0, 30, 11 
greatly, 0, 35, 11 
exceedingly, 0, 61, 11 
became, 0, 40, 11 
spoken, 0, 37, 11 
understanding, 0, 74, 11 
follow, 0, 29, 11 
respect, 0, 38, 11 
especially, 0, 50, 11 
glorious, 0, 40, 11 
whatsoever, 0, 58, 11 
excellent, 0, 46, 11 
taking, 0, 31, 11 
gutenberg, 0, 53, 11 
mayest, 0, 36, 11 
praise, 0, 31, 11 
whilst, 0, 28, 11 
knowing, 0, 42, 11 
speaking, 0, 46, 11 
desires, 0, 37, 11 
proper, 0, 33, 11 
vision, 0, 29, 11 
nicodemus, 0, 55, 11 
crucified, 0, 43, 11 
living, 0, 26, 11 
eternal, 0, 36, 11 
master, 0, 34, 11 
committed, 0, 52, 11 
saviour, 0, 37, 11 
nevertheless, 0, 65, 11 
returned, 0, 43, 11 
hearing, 0, 39, 11 
sadness, 0, 43, 11 
doubtful, 0, 42, 11 
scripture, 0, 44, 11 
multitude, 0, 47, 11 
mountains, 0, 53, 11 
fulfilled, 0, 37, 11 
hundred, 0, 43, 11 
family, 0, 29, 11 
salute, 0, 31, 11 
ignatius, 0, 40, 11 
ourselves, 0, 49, 11 
brother, 0, 37, 11 
continued, 0, 51, 11 
 , -1, 4, 16 
things, 9, 158, 36 
therefore, 9, 230, 36 
christ, 8, 133, 32 
because, 5, 128, 23 
should, 5, 106, 23 
before, 4, 81, 20 
spirit, 3, 58, 17 
chapter, 3, 81, 17 
joseph, 3, 72, 17 
without, 3, 79, 17 
people, 2, 56, 15 
brought, 2, 64, 15 
answered, 2, 79, 15 
others, 2, 54, 15 
wherefore, 2, 83, 15 
father, 2, 51, 15 
having, 2, 56, 15 
himself, 2, 63, 15 
according, 2, 83, 15 
through, 2, 64, 15 
called, 2, 52, 15 
received, 2, 73, 15 
saying, 2, 56, 15 
themselves, 2, 97, 15 
together, 2, 71, 15 
replied, 1, 45, 11 
concerning, 1, 71, 11 
against, 1, 48, 11 
building, 1, 52, 11 
thecla, 1, 40, 11 
another, 1, 50, 11 
receive, 1, 47, 11 
pilate, 1, 37, 11 
neither, 1, 46, 11 
commanded, 1, 75, 11 
blessed, 1, 50, 11 
temple, 1, 43, 11 
church, 1, 43, 11 
behold, 1, 44, 11 
stones, 1, 43, 11 
desire, 1, 40, 11 
delivered, 1, 60, 11 
manner, 1, 47, 11 
present, 1, 49, 11 
bishop, 1, 43, 11 
mother, 1, 44, 11 
seeing, 1, 43, 11 
israel, 1, 36, 11 
certain, 1, 45, 11 
nothing, 1, 49, 11 
children, 1, 52, 11 
written, 1, 44, 11 
repentance, 1, 73, 11 
repent, 1, 42, 11 
commands, 1, 66, 11 
virgin, 1, 36, 11 
little, 1, 30, 11 
worthy, 1, 42, 11 
believe, 1, 47, 11 
righteousness, 1, 91, 11 
heaven, 0, 42, 10 
virgins, 0, 41, 10 
wicked, 0, 40, 10 
charity, 0, 42, 10 
servants, 0, 52, 10 
servant, 0, 45, 10 
brethren, 0, 50, 10 
gospel, 0, 39, 10 
towards, 0, 46, 10 
righteous, 0, 56, 10 
indeed, 0, 39, 10 
suffer, 0, 36, 10 
governor, 0, 52, 10 
return, 0, 36, 10 
hearts, 0, 38, 10 
cannot, 0, 40, 10 
persons, 0, 47, 10 
person, 0, 40, 10 
command, 0, 53, 10 
understand, 0, 66, 10 
shepherd, 0, 54, 10 
continue, 0, 51, 10 
account, 0, 47, 10 
angels, 0, 39, 10 
though, 0, 40, 10 
within, 0, 35, 10 
thyself, 0, 42, 10 
priests, 0, 42, 10 
become, 0, 44, 10 
prince, 0, 37, 10 
depart, 0, 38, 10 
appointed, 0, 58, 10 
consider, 0, 51, 10 
prophet, 0, 45, 10 
beasts, 0, 40, 10 
beloved, 0, 46, 10 
always, 0, 40, 10 
commandments, 0, 88, 10 
presently, 0, 56, 10 
kingdom, 0, 48, 10 
whosoever, 0, 62, 10 
believed, 0, 50, 10 
epistle, 0, 41, 10 
salvation, 0, 55, 10 
mountain, 0, 53, 10 
coming, 0, 41, 10 
reason, 0, 40, 10 
carried, 0, 42, 10 
thought, 0, 45, 10 
jerusalem, 0, 57, 10 
yourselves, 0, 65, 10 
subject, 0, 44, 10 
whether, 0, 46, 10 
former, 0, 38, 10 
project, 0, 42, 10 
saints, 0, 37, 10 
suffered, 0, 50, 10 
hearken, 0, 47, 10 
resurrection, 0, 73, 10 
placed, 0, 39, 10 
prayer, 0, 38, 10 
knowledge, 0, 61, 10 
daughter, 0, 52, 10 
honour, 0, 40, 10 
several, 0, 44, 10 
appeared, 0, 54, 10 
afraid, 0, 35, 10 
twelve, 0, 38, 10 
prayers, 0, 45, 10 
myself, 0, 39, 10 
anything, 0, 51, 10 
rather, 0, 36, 10 
reward, 0, 39, 10 
faithful, 0, 44, 10 
judgment, 0, 53, 10 
afterwards, 0, 63, 10 
country, 0, 45, 10 
perfect, 0, 43, 10 
appear, 0, 40, 10 
joachim, 0, 45, 10 
rejoice, 0, 41, 10 
prophets, 0, 52, 10 
messenger, 0, 63, 10 
spirits, 0, 39, 10 
highpriest, 0, 60, 10 
declare, 0, 44, 10 
manifest, 0, 51, 10 
immediately, 0, 70, 10 
fathers, 0, 43, 10 
departed, 0, 52, 10 
deliver, 0, 41, 10 
priest, 0, 35, 10 
pleasure, 0, 51, 10 
apostles, 0, 51, 10 
attain, 0, 35, 10 
wickedness, 0, 68, 10 
better, 0, 36, 10 
greatly, 0, 42, 10 
exceedingly, 0, 71, 10 
became, 0, 44, 10 
spoken, 0, 42, 10 
understanding, 0, 84, 10 
follow, 0, 35, 10 
respect, 0, 45, 10 
especially, 0, 61, 10 
glorious, 0, 48, 10 
whatsoever, 0, 67, 10 
excellent, 0, 55, 10 
taking, 0, 37, 10 
gutenberg, 0, 59, 10 
mayest, 0, 42, 10 
praise, 0, 37, 10 
whilst, 0, 35, 10 
knowing, 0, 47, 10 
speaking, 0, 53, 10 
desires, 0, 44, 10 
proper, 0, 38, 10 
vision, 0, 36, 10 
nicodemus, 0, 62, 10 
crucified, 0, 53, 10 
living, 0, 33, 10 
eternal, 0, 42, 10 
master, 0, 40, 10 
committed, 0, 60, 10 
saviour, 0, 44, 10 
nevertheless, 0, 77, 10 
returned, 0, 50, 10 
hearing, 0, 44, 10 
sadness, 0, 49, 10 
doubtful, 0, 49, 10 
scripture, 0, 54, 10 
multitude, 0, 55, 10 
mountains, 0, 60, 10 
fulfilled, 0, 47, 10 
hundred, 0, 47, 10 
family, 0, 36, 10 
salute, 0, 37, 10 
ignatius, 0, 48, 10 
ourselves, 0, 58, 10 
brother, 0, 43, 10 
continued, 0, 58, 10 
 , -1, 4, 16 
things, 9, 93, 44 
therefore, 9, 138, 44 
christ, 8, 77, 41 
because, 5, 98, 31 
should, 5, 76, 31 
before, 4, 49, 25 
spirit, 3, 30, 22 
chapter, 3, 53, 22 
joseph, 3, 46, 22 
without, 3, 49, 22 
people, 2, 38, 19 
brought, 2, 43, 19 
answered, 2, 58, 19 
others, 2, 36, 19 
wherefore, 2, 58, 19 
father, 2, 32, 19 
having, 2, 38, 19 
himself, 2, 41, 19 
according, 2, 57, 19 
through, 2, 43, 19 
called, 2, 33, 19 
received, 2, 50, 19 
saying, 2, 38, 19 
themselves, 2, 68, 19 
together, 2, 47, 19 
replied, 1, 35, 16 
concerning, 1, 58, 16 
against, 1, 38, 16 
building, 1, 39, 16 
thecla, 1, 31, 16 
another, 1, 41, 16 
receive, 1, 38, 16 
pilate, 1, 27, 16 
neither, 1, 36, 16 
commanded, 1, 68, 16 
blessed, 1, 41, 16 
temple, 1, 36, 16 
church, 1, 36, 16 
behold, 1, 36, 16 
stones, 1, 35, 16 
desire, 1, 32, 16 
delivered, 1, 47, 16 
manner, 1, 42, 16 
present, 1, 40, 16 
bishop, 1, 35, 16 
mother, 1, 38, 16 
seeing, 1, 35, 16 
israel, 1, 27, 16 
certain, 1, 35, 16 
nothing, 1, 39, 16 
children, 1, 40, 16 
written, 1, 34, 16 
repentance, 1, 60, 16 
repent, 1, 34, 16 
commands, 1, 60, 16 
virgin, 1, 27, 16 
little, 1, 18, 16 
worthy, 1, 35, 16 
believe, 1, 37, 16 
righteousness, 1, 73, 16 
heaven, 0, 36, 14 
virgins, 0, 30, 14 
wicked, 0, 33, 14 
charity, 0, 30, 14 
servants, 0, 40, 14 
servant, 0, 34, 14 
brethren, 0, 40, 14 
gospel, 0, 32, 14 
towards, 0, 37, 14 
righteous, 0, 44, 14 
indeed, 0, 33, 14 
suffer, 0, 25, 14 
governor, 0, 43, 14 
return, 0, 27, 14 
hearts, 0, 29, 14 
cannot, 0, 32, 14 
persons, 0, 38, 14 
person, 0, 33, 14 
command, 0, 48, 14 
understand, 0, 54, 14 
shepherd, 0, 46, 14 
continue, 0, 41, 14 
account, 0, 37, 14 
angels, 0, 32, 14 
though, 0, 33, 14 
within, 0, 27, 14 
thyself, 0, 29, 14 
priests, 0, 30, 14 
become, 0, 39, 14 
prince, 0, 29, 14 
depart, 0, 30, 14 
appointed, 0, 48, 14 
consider, 0, 41, 14 
prophet, 0, 36, 14 
beasts, 0, 31, 14 
beloved, 0, 38, 14 
always, 0, 33, 14 
commandments, 0, 77, 14 
presently, 0, 43, 14 
kingdom, 0, 41, 14 
whosoever, 0, 53, 14 
believed, 0, 41, 14 
epistle, 0, 30, 14 
salvation, 0, 42, 14 
mountain, 0, 45, 14 
coming, 0, 35, 14 
reason, 0, 33, 14 
carried, 0, 32, 14 
thought, 0, 35, 14 
jerusalem, 0, 47, 14 
yourselves, 0, 51, 14 
subject, 0, 33, 14 
whether, 0, 38, 14 
former, 0, 30, 14 
project, 0, 31, 14 
saints, 0, 27, 14 
suffered, 0, 38, 14 
hearken, 0, 39, 14 
resurrection, 0, 55, 14 
placed, 0, 32, 14 
prayer, 0, 30, 14 
knowledge, 0, 53, 14 
daughter, 0, 43, 14 
honour, 0, 34, 14 
several, 0, 34, 14 
appeared, 0, 47, 14 
afraid, 0, 26, 14 
twelve, 0, 30, 14 
prayers, 0, 35, 14 
myself, 0, 30, 14 
anything, 0, 41, 14 
rather, 0, 27, 14 
reward, 0, 33, 14 
faithful, 0, 30, 14 
judgment, 0, 45, 14 
afterwards, 0, 49, 14 
country, 0, 34, 14 
perfect, 0, 31, 14 
appear, 0, 34, 14 
joachim, 0, 37, 14 
rejoice, 0, 31, 14 
prophets, 0, 42, 14 
messenger, 0, 54, 14 
spirits, 0, 26, 14 
highpriest, 0, 46, 14 
declare, 0, 35, 14 
manifest, 0, 40, 14 
immediately, 0, 57, 14 
fathers, 0, 31, 14 
departed, 0, 43, 14 
deliver, 0, 31, 14 
priest, 0, 25, 14 
pleasure, 0, 42, 14 
apostles, 0, 40, 14 
attain, 0, 25, 14 
wickedness, 0, 56, 14 
better, 0, 26, 14 
greatly, 0, 31, 14 
exceedingly, 0, 57, 14 
became, 0, 39, 14 
spoken, 0, 35, 14 
understanding, 0, 69, 14 
follow, 0, 27, 14 
respect, 0, 34, 14 
especially, 0, 47, 14 
glorious, 0, 38, 14 
whatsoever, 0, 55, 14 
excellent, 0, 42, 14 
taking, 0, 28, 14 
gutenberg, 0, 49, 14 
mayest, 0, 34, 14 
praise, 0, 29, 14 
whilst, 0, 26, 14 
knowing, 0, 40, 14 
speaking, 0, 44, 14 
desires, 0, 34, 14 
proper, 0, 31, 14 
vision, 0, 27, 14 
nicodemus, 0, 53, 14 
crucified, 0, 39, 14 
living, 0, 24, 14 
eternal, 0, 32, 14 
master, 0, 32, 14 
committed, 0, 49, 14 
saviour, 0, 34, 14 
nevertheless, 0, 60, 14 
returned, 0, 40, 14 
hearing, 0, 36, 14 
sadness, 0, 40, 14 
doubtful, 0, 38, 14 
scripture, 0, 40, 14 
multitude, 0, 43, 14 
mountains, 0, 50, 14 
fulfilled, 0, 32, 14 
hundred, 0, 40, 14 
family, 0, 27, 14 
salute, 0, 28, 14 
ignatius, 0, 37, 14 
ourselves, 0, 46, 14 
brother, 0, 33, 14 
continued, 0, 47, 14 
 , -1, 4, 16 
