# tag, weight, width (pixels), height(pixels)
# last tag is white space (fake)
#after sentinel the data may be repeated for alt fonts
things, 9, 102, 38 
therefore, 9, 147, 38 
christ, 8, 88, 36 
because, 4, 82, 23 
should, 4, 64, 23 
before, 3, 51, 20 
spirit, 2, 34, 17 
chapter, 2, 53, 17 
joseph, 2, 48, 17 
without, 2, 51, 17 
people, 1, 38, 15 
brought, 1, 43, 15 
answered, 1, 55, 15 
others, 1, 36, 15 
wherefore, 1, 56, 15 
father, 1, 33, 15 
having, 1, 38, 15 
himself, 1, 42, 15 
according, 1, 56, 15 
through, 1, 43, 15 
called, 1, 34, 15 
received, 1, 49, 15 
saying, 0, 33, 11 
themselves, 0, 57, 11 
together, 0, 43, 11 
replied, 0, 35, 11 
concerning, 0, 56, 11 
against, 0, 38, 11 
building, 0, 40, 11 
thecla, 0, 31, 11 
another, 0, 40, 11 
receive, 0, 37, 11 
pilate, 0, 28, 11 
neither, 0, 36, 11 
commanded, 0, 62, 11 
blessed, 0, 40, 11 
temple, 0, 34, 11 
church, 0, 34, 11 
behold, 0, 35, 11 
stones, 0, 34, 11 
desire, 0, 31, 11 
delivered, 0, 47, 11 
manner, 0, 38, 11 
present, 0, 39, 11 
bishop, 0, 34, 11 
mother, 0, 35, 11 
seeing, 0, 34, 11 
israel, 0, 27, 11 
certain, 0, 35, 11 
nothing, 0, 39, 11 
children, 0, 40, 11 
 , -1, 4, 16 
things, 9, 158, 36 
therefore, 9, 230, 36 
christ, 8, 133, 32 
because, 4, 103, 20 
should, 4, 83, 20 
before, 3, 69, 17 
spirit, 2, 46, 15 
chapter, 2, 64, 15 
joseph, 2, 56, 15 
without, 2, 62, 15 
people, 1, 44, 11 
brought, 1, 50, 11 
answered, 1, 61, 11 
others, 1, 41, 11 
wherefore, 1, 64, 11 
father, 1, 39, 11 
having, 1, 43, 11 
himself, 1, 46, 11 
according, 1, 63, 11 
through, 1, 50, 11 
called, 1, 39, 11 
received, 1, 55, 11 
saying, 0, 39, 10 
themselves, 0, 67, 10 
together, 0, 50, 10 
replied, 0, 41, 10 
concerning, 0, 65, 10 
against, 0, 44, 10 
building, 0, 47, 10 
thecla, 0, 37, 10 
another, 0, 45, 10 
receive, 0, 44, 10 
pilate, 0, 34, 10 
neither, 0, 42, 10 
commanded, 0, 67, 10 
blessed, 0, 46, 10 
temple, 0, 39, 10 
church, 0, 40, 10 
behold, 0, 39, 10 
stones, 0, 40, 10 
desire, 0, 37, 10 
delivered, 0, 55, 10 
manner, 0, 42, 10 
present, 0, 45, 10 
bishop, 0, 39, 10 
mother, 0, 40, 10 
seeing, 0, 39, 10 
israel, 0, 34, 10 
certain, 0, 42, 10 
nothing, 0, 44, 10 
children, 0, 48, 10 
 , -1, 4, 16 
things, 9, 93, 44 
therefore, 9, 138, 44 
christ, 8, 77, 41 
because, 4, 68, 25 
should, 4, 52, 25 
before, 3, 45, 22 
spirit, 2, 26, 19 
chapter, 2, 43, 19 
joseph, 2, 38, 19 
without, 2, 40, 19 
people, 1, 36, 16 
brought, 1, 41, 16 
answered, 1, 52, 16 
others, 1, 33, 16 
wherefore, 1, 53, 16 
father, 1, 30, 16 
having, 1, 35, 16 
himself, 1, 37, 16 
according, 1, 51, 16 
through, 1, 41, 16 
called, 1, 30, 16 
received, 1, 44, 16 
saying, 0, 31, 14 
themselves, 0, 54, 14 
together, 0, 39, 14 
replied, 0, 32, 14 
concerning, 0, 53, 14 
against, 0, 34, 14 
building, 0, 38, 14 
thecla, 0, 28, 14 
another, 0, 36, 14 
receive, 0, 34, 14 
pilate, 0, 25, 14 
neither, 0, 32, 14 
commanded, 0, 61, 14 
blessed, 0, 37, 14 
temple, 0, 32, 14 
church, 0, 32, 14 
behold, 0, 33, 14 
stones, 0, 31, 14 
desire, 0, 29, 14 
delivered, 0, 44, 14 
manner, 0, 37, 14 
present, 0, 35, 14 
bishop, 0, 32, 14 
mother, 0, 33, 14 
seeing, 0, 32, 14 
israel, 0, 25, 14 
certain, 0, 31, 14 
nothing, 0, 35, 14 
children, 0, 38, 14 
 , -1, 4, 16 
