# tag, weight, width (pixels), height(pixels)
# last tag is white space (fake)
#after sentinel the data may be repeated for alt fonts
things, 9, 102, 38 
therefore, 9, 147, 38 
christ, 8, 88, 36 
because, 3, 68, 20 
should, 3, 53, 20 
before, 2, 45, 17 
spirit, 1, 28, 15 
chapter, 1, 43, 15 
joseph, 1, 38, 15 
without, 0, 37, 11 
people, 0, 35, 11 
brought, 0, 40, 11 
answered, 0, 49, 11 
others, 0, 32, 11 
wherefore, 0, 51, 11 
father, 0, 30, 11 
having, 0, 34, 11 
himself, 0, 36, 11 
according, 0, 50, 11 
through, 0, 40, 11 
called, 0, 30, 11 
 , -1, 4, 16 
things, 9, 158, 36 
therefore, 9, 230, 36 
christ, 8, 133, 32 
because, 3, 89, 17 
should, 3, 72, 17 
before, 2, 54, 15 
spirit, 1, 33, 11 
chapter, 1, 49, 11 
joseph, 1, 43, 11 
without, 0, 43, 10 
people, 0, 39, 10 
brought, 0, 45, 10 
answered, 0, 55, 10 
others, 0, 38, 10 
wherefore, 0, 58, 10 
father, 0, 36, 10 
having, 0, 39, 10 
himself, 0, 43, 10 
according, 0, 58, 10 
through, 0, 45, 10 
called, 0, 36, 10 
 , -1, 4, 16 
things, 9, 93, 44 
therefore, 9, 138, 44 
christ, 8, 77, 41 
because, 3, 61, 22 
should, 3, 46, 22 
before, 2, 36, 19 
spirit, 1, 23, 16 
chapter, 1, 40, 16 
joseph, 1, 35, 16 
without, 0, 33, 14 
people, 0, 33, 14 
brought, 0, 36, 14 
answered, 0, 48, 14 
others, 0, 29, 14 
wherefore, 0, 48, 14 
father, 0, 26, 14 
having, 0, 32, 14 
himself, 0, 33, 14 
according, 0, 47, 14 
through, 0, 36, 14 
called, 0, 28, 14 
 , -1, 4, 16 
