# tag, weight, width (pixels), height(pixels)
# last tag is white space (fake)
#after sentinel the data may be repeated for alt fonts
ulrich, 9, 92, 38 
before, 4, 61, 23 
father, 4, 55, 23 
himself, 4, 68, 23 
little, 3, 32, 20 
artist, 2, 34, 17 
mother, 1, 40, 15 
through, 1, 43, 15 
thought, 1, 43, 15 
seemed, 1, 46, 15 
should, 1, 38, 15 
everything, 1, 60, 15 
without, 1, 41, 15 
nothing, 1, 42, 15 
master, 1, 40, 15 
looked, 1, 38, 15 
navarrete, 1, 54, 15 
beautiful, 1, 49, 15 
ulrichs, 1, 38, 15 
always, 1, 40, 15 
doctor, 1, 36, 15 
against, 0, 38, 11 
fortune, 0, 37, 11 
called, 0, 30, 11 
eletto, 0, 29, 11 
things, 0, 31, 11 
beside, 0, 34, 11 
longer, 0, 32, 11 
saying, 0, 33, 11 
latter, 0, 26, 11 
towards, 0, 40, 11 
remained, 0, 47, 11 
others, 0, 32, 11 
though, 0, 36, 11 
sophonisba, 0, 59, 11 
fellow, 0, 29, 11 
replied, 0, 35, 11 
appeared, 0, 49, 11 
zorrillo, 0, 33, 11 
coello, 0, 30, 11 
morning, 0, 41, 11 
studio, 0, 31, 11 
already, 0, 38, 11 
exclaimed, 0, 51, 11 
entered, 0, 40, 11 
forest, 0, 29, 11 
become, 0, 40, 11 
better, 0, 30, 11 
followed, 0, 42, 11 
answered, 0, 49, 11 
behind, 0, 35, 11 
around, 0, 36, 11 
people, 0, 35, 11 
another, 0, 40, 11 
herself, 0, 35, 11 
during, 0, 32, 11 
enough, 0, 39, 11 
spanish, 0, 40, 11 
isabella, 0, 39, 11 
project, 0, 35, 11 
artists, 0, 31, 11 
perhaps, 0, 42, 11 
something, 0, 53, 11 
permitted, 0, 48, 11 
tomorrow, 0, 46, 11 
eitelfritz, 0, 40, 11 
received, 0, 43, 11 
soldiers, 0, 39, 11 
pleasure, 0, 44, 11 
opened, 0, 39, 11 
became, 0, 40, 11 
friend, 0, 29, 11 
church, 0, 34, 11 
chapter, 0, 39, 11 
continued, 0, 51, 11 
breast, 0, 32, 11 
horses, 0, 34, 11 
scarcely, 0, 41, 11 
philip, 0, 27, 11 
pressed, 0, 41, 11 
raised, 0, 31, 11 
exclaiming, 0, 53, 11 
returned, 0, 43, 11 
madrid, 0, 34, 11 
reached, 0, 42, 11 
former, 0, 32, 11 
picture, 0, 35, 11 
person, 0, 35, 11 
between, 0, 44, 11 
children, 0, 40, 11 
glance, 0, 34, 11 
passed, 0, 37, 11 
fathers, 0, 36, 11 
sought, 0, 35, 11 
course, 0, 34, 11 
happiness, 0, 53, 11 
turned, 0, 33, 11 
learned, 0, 39, 11 
smiths, 0, 32, 11 
monastery, 0, 53, 11 
interrupted, 0, 56, 11 
brought, 0, 40, 11 
matter, 0, 32, 11 
christian, 0, 43, 11 
seized, 0, 33, 11 
handsome, 0, 53, 11 
whoever, 0, 43, 11 
soldier, 0, 34, 11 
citizens, 0, 38, 11 
german, 0, 38, 11 
antwerp, 0, 41, 11 
forward, 0, 38, 11 
suddenly, 0, 46, 11 
evening, 0, 41, 11 
gutenberg, 0, 53, 11 
portrait, 0, 36, 11 
neither, 0, 36, 11 
strange, 0, 39, 11 
jester, 0, 28, 11 
window, 0, 37, 11 
cannot, 0, 35, 11 
offered, 0, 37, 11 
florette, 0, 36, 11 
except, 0, 34, 11 
kindly, 0, 29, 11 
companion, 0, 56, 11 
joyous, 0, 33, 11 
rushed, 0, 35, 11 
features, 0, 42, 11 
cheeks, 0, 36, 11 
doctors, 0, 38, 11 
uttered, 0, 37, 11 
pellicanus, 0, 51, 11 
directly, 0, 36, 11 
several, 0, 37, 11 
pleased, 0, 41, 11 
command, 0, 49, 11 
hammer, 0, 40, 11 
needed, 0, 39, 11 
different, 0, 43, 11 
showed, 0, 39, 11 
answer, 0, 36, 11 
lansquenet, 0, 57, 11 
masters, 0, 40, 11 
remain, 0, 34, 11 
breath, 0, 33, 11 
expression, 0, 55, 11 
follow, 0, 29, 11 
pretty, 0, 29, 11 
clothes, 0, 37, 11 
surely, 0, 30, 11 
instantly, 0, 43, 11 
richtberg, 0, 45, 11 
started, 0, 36, 11 
companions, 0, 61, 11 
bright, 0, 29, 11 
shoulder, 0, 44, 11 
ground, 0, 36, 11 
instead, 0, 38, 11 
present, 0, 39, 11 
wounded, 0, 47, 11 
strength, 0, 42, 11 
spaniards, 0, 50, 11 
daughter, 0, 46, 11 
standing, 0, 44, 11 
touched, 0, 42, 11 
heaven, 0, 38, 11 
hastily, 0, 33, 11 
obtained, 0, 45, 11 
because, 0, 44, 11 
laughed, 0, 42, 11 
joyously, 0, 41, 11 
miserable, 0, 49, 11 
return, 0, 30, 11 
closely, 0, 35, 11 
higher, 0, 32, 11 
understand, 0, 58, 11 
loudly, 0, 30, 11 
shoulders, 0, 50, 11 
magistrate, 0, 53, 11 
happened, 0, 52, 11 
thousand, 0, 48, 11 
future, 0, 30, 11 
forehead, 0, 46, 11 
noticed, 0, 38, 11 
street, 0, 29, 11 
mutineers, 0, 50, 11 
choose, 0, 37, 11 
struck, 0, 30, 11 
ordered, 0, 40, 11 
figure, 0, 29, 11 
filled, 0, 24, 11 
whispered, 0, 52, 11 
palace, 0, 34, 11 
faithful, 0, 35, 11 
creature, 0, 42, 11 
approached, 0, 61, 11 
gazing, 0, 34, 11 
courage, 0, 42, 11 
sanchez, 0, 43, 11 
firmly, 0, 26, 11 
 , -1, 4, 16 
ulrich, 9, 148, 36 
before, 4, 81, 20 
father, 4, 76, 20 
himself, 4, 92, 20 
little, 3, 53, 17 
artist, 2, 47, 15 
mother, 1, 44, 11 
through, 1, 50, 11 
thought, 1, 50, 11 
seemed, 1, 49, 11 
should, 1, 43, 11 
everything, 1, 68, 11 
without, 1, 47, 11 
nothing, 1, 49, 11 
master, 1, 43, 11 
looked, 1, 43, 11 
navarrete, 1, 62, 11 
beautiful, 1, 58, 11 
ulrichs, 1, 43, 11 
always, 1, 43, 11 
doctor, 1, 41, 11 
against, 0, 44, 10 
fortune, 0, 43, 10 
called, 0, 36, 10 
eletto, 0, 35, 10 
things, 0, 37, 10 
beside, 0, 39, 10 
longer, 0, 37, 10 
saying, 0, 39, 10 
latter, 0, 33, 10 
towards, 0, 46, 10 
remained, 0, 53, 10 
others, 0, 38, 10 
though, 0, 40, 10 
sophonisba, 0, 67, 10 
fellow, 0, 35, 10 
replied, 0, 41, 10 
appeared, 0, 54, 10 
zorrillo, 0, 43, 10 
coello, 0, 36, 10 
morning, 0, 46, 10 
studio, 0, 37, 10 
already, 0, 44, 10 
exclaimed, 0, 59, 10 
entered, 0, 45, 10 
forest, 0, 36, 10 
become, 0, 44, 10 
better, 0, 36, 10 
followed, 0, 49, 10 
answered, 0, 55, 10 
behind, 0, 39, 10 
around, 0, 40, 10 
people, 0, 39, 10 
another, 0, 45, 10 
herself, 0, 42, 10 
during, 0, 37, 10 
enough, 0, 42, 10 
spanish, 0, 46, 10 
isabella, 0, 47, 10 
project, 0, 42, 10 
artists, 0, 40, 10 
perhaps, 0, 47, 10 
something, 0, 60, 10 
permitted, 0, 56, 10 
tomorrow, 0, 53, 10 
eitelfritz, 0, 53, 10 
received, 0, 51, 10 
soldiers, 0, 48, 10 
pleasure, 0, 51, 10 
opened, 0, 42, 10 
became, 0, 44, 10 
friend, 0, 35, 10 
church, 0, 40, 10 
chapter, 0, 45, 10 
continued, 0, 58, 10 
breast, 0, 38, 10 
horses, 0, 40, 10 
scarcely, 0, 51, 10 
philip, 0, 33, 10 
pressed, 0, 47, 10 
raised, 0, 37, 10 
exclaiming, 0, 63, 10 
returned, 0, 50, 10 
madrid, 0, 39, 10 
reached, 0, 47, 10 
former, 0, 38, 10 
picture, 0, 42, 10 
person, 0, 40, 10 
between, 0, 48, 10 
children, 0, 48, 10 
glance, 0, 39, 10 
passed, 0, 42, 10 
fathers, 0, 43, 10 
sought, 0, 40, 10 
course, 0, 40, 10 
happiness, 0, 60, 10 
turned, 0, 38, 10 
learned, 0, 44, 10 
smiths, 0, 39, 10 
monastery, 0, 61, 10 
interrupted, 0, 66, 10 
brought, 0, 45, 10 
matter, 0, 38, 10 
christian, 0, 53, 10 
seized, 0, 39, 10 
handsome, 0, 58, 10 
whoever, 0, 48, 10 
soldier, 0, 41, 10 
citizens, 0, 48, 10 
german, 0, 42, 10 
antwerp, 0, 46, 10 
forward, 0, 44, 10 
suddenly, 0, 53, 10 
evening, 0, 46, 10 
gutenberg, 0, 59, 10 
portrait, 0, 45, 10 
neither, 0, 42, 10 
strange, 0, 45, 10 
jester, 0, 35, 10 
window, 0, 41, 10 
cannot, 0, 40, 10 
offered, 0, 43, 10 
florette, 0, 45, 10 
except, 0, 40, 10 
kindly, 0, 36, 10 
companion, 0, 62, 10 
joyous, 0, 39, 10 
rushed, 0, 40, 10 
features, 0, 50, 10 
cheeks, 0, 42, 10 
doctors, 0, 45, 10 
uttered, 0, 43, 10 
pellicanus, 0, 61, 10 
directly, 0, 46, 10 
several, 0, 44, 10 
pleased, 0, 46, 10 
command, 0, 53, 10 
hammer, 0, 44, 10 
needed, 0, 42, 10 
different, 0, 52, 10 
showed, 0, 43, 10 
answer, 0, 41, 10 
lansquenet, 0, 65, 10 
masters, 0, 47, 10 
remain, 0, 39, 10 
breath, 0, 38, 10 
expression, 0, 65, 10 
follow, 0, 35, 10 
pretty, 0, 36, 10 
clothes, 0, 44, 10 
surely, 0, 37, 10 
instantly, 0, 53, 10 
richtberg, 0, 54, 10 
started, 0, 43, 10 
companions, 0, 69, 10 
bright, 0, 35, 10 
shoulder, 0, 51, 10 
ground, 0, 40, 10 
instead, 0, 44, 10 
present, 0, 45, 10 
wounded, 0, 50, 10 
strength, 0, 50, 10 
spaniards, 0, 58, 10 
daughter, 0, 52, 10 
standing, 0, 51, 10 
touched, 0, 47, 10 
heaven, 0, 42, 10 
hastily, 0, 41, 10 
obtained, 0, 51, 10 
because, 0, 49, 10 
laughed, 0, 46, 10 
joyously, 0, 50, 10 
miserable, 0, 57, 10 
return, 0, 36, 10 
closely, 0, 43, 10 
higher, 0, 37, 10 
understand, 0, 66, 10 
loudly, 0, 36, 10 
shoulders, 0, 58, 10 
magistrate, 0, 63, 10 
happened, 0, 56, 10 
thousand, 0, 54, 10 
future, 0, 36, 10 
forehead, 0, 52, 10 
noticed, 0, 44, 10 
street, 0, 36, 10 
mutineers, 0, 58, 10 
choose, 0, 42, 10 
struck, 0, 38, 10 
ordered, 0, 45, 10 
figure, 0, 35, 10 
filled, 0, 31, 10 
whispered, 0, 59, 10 
palace, 0, 39, 10 
faithful, 0, 44, 10 
creature, 0, 50, 10 
approached, 0, 68, 10 
gazing, 0, 39, 10 
courage, 0, 47, 10 
sanchez, 0, 49, 10 
firmly, 0, 34, 10 
 , -1, 4, 16 
ulrich, 9, 82, 44 
before, 4, 49, 25 
father, 4, 43, 25 
himself, 4, 55, 25 
little, 3, 23, 22 
artist, 2, 27, 19 
mother, 1, 38, 16 
through, 1, 41, 16 
thought, 1, 40, 16 
seemed, 1, 44, 16 
should, 1, 35, 16 
everything, 1, 54, 16 
without, 1, 37, 16 
nothing, 1, 39, 16 
master, 1, 37, 16 
looked, 1, 35, 16 
navarrete, 1, 50, 16 
beautiful, 1, 43, 16 
ulrichs, 1, 33, 16 
always, 1, 36, 16 
doctor, 1, 33, 16 
against, 0, 34, 14 
fortune, 0, 32, 14 
called, 0, 28, 14 
eletto, 0, 25, 14 
things, 0, 28, 14 
beside, 0, 32, 14 
longer, 0, 30, 14 
saying, 0, 31, 14 
latter, 0, 22, 14 
towards, 0, 37, 14 
remained, 0, 46, 14 
others, 0, 29, 14 
though, 0, 33, 14 
sophonisba, 0, 56, 14 
fellow, 0, 27, 14 
replied, 0, 32, 14 
appeared, 0, 47, 14 
zorrillo, 0, 31, 14 
coello, 0, 28, 14 
morning, 0, 39, 14 
studio, 0, 28, 14 
already, 0, 35, 14 
exclaimed, 0, 49, 14 
entered, 0, 36, 14 
forest, 0, 25, 14 
become, 0, 39, 14 
better, 0, 26, 14 
followed, 0, 40, 14 
answered, 0, 48, 14 
behind, 0, 33, 14 
around, 0, 34, 14 
people, 0, 33, 14 
another, 0, 36, 14 
herself, 0, 31, 14 
during, 0, 30, 14 
enough, 0, 37, 14 
spanish, 0, 37, 14 
isabella, 0, 37, 14 
project, 0, 31, 14 
artists, 0, 26, 14 
perhaps, 0, 39, 14 
something, 0, 50, 14 
permitted, 0, 44, 14 
tomorrow, 0, 45, 14 
eitelfritz, 0, 34, 14 
received, 0, 41, 14 
soldiers, 0, 37, 14 
pleasure, 0, 42, 14 
opened, 0, 37, 14 
became, 0, 39, 14 
friend, 0, 26, 14 
church, 0, 32, 14 
chapter, 0, 35, 14 
continued, 0, 47, 14 
breast, 0, 29, 14 
horses, 0, 32, 14 
scarcely, 0, 39, 14 
philip, 0, 25, 14 
pressed, 0, 38, 14 
raised, 0, 29, 14 
exclaiming, 0, 51, 14 
returned, 0, 40, 14 
madrid, 0, 33, 14 
reached, 0, 39, 14 
former, 0, 30, 14 
picture, 0, 31, 14 
person, 0, 33, 14 
between, 0, 41, 14 
children, 0, 38, 14 
glance, 0, 32, 14 
passed, 0, 35, 14 
fathers, 0, 31, 14 
sought, 0, 32, 14 
course, 0, 32, 14 
happiness, 0, 50, 14 
turned, 0, 30, 14 
learned, 0, 36, 14 
smiths, 0, 30, 14 
monastery, 0, 50, 14 
interrupted, 0, 50, 14 
brought, 0, 36, 14 
matter, 0, 29, 14 
christian, 0, 39, 14 
seized, 0, 31, 14 
handsome, 0, 52, 14 
whoever, 0, 41, 14 
soldier, 0, 31, 14 
citizens, 0, 35, 14 
german, 0, 37, 14 
antwerp, 0, 38, 14 
forward, 0, 35, 14 
suddenly, 0, 44, 14 
evening, 0, 38, 14 
gutenberg, 0, 49, 14 
portrait, 0, 32, 14 
neither, 0, 32, 14 
strange, 0, 35, 14 
jester, 0, 25, 14 
window, 0, 37, 14 
cannot, 0, 32, 14 
offered, 0, 32, 14 
florette, 0, 31, 14 
except, 0, 31, 14 
kindly, 0, 27, 14 
companion, 0, 54, 14 
joyous, 0, 31, 14 
rushed, 0, 33, 14 
features, 0, 38, 14 
cheeks, 0, 34, 14 
doctors, 0, 34, 14 
uttered, 0, 32, 14 
pellicanus, 0, 48, 14 
directly, 0, 33, 14 
several, 0, 34, 14 
pleased, 0, 38, 14 
command, 0, 48, 14 
hammer, 0, 40, 14 
needed, 0, 37, 14 
different, 0, 37, 14 
showed, 0, 38, 14 
answer, 0, 35, 14 
lansquenet, 0, 53, 14 
masters, 0, 37, 14 
remain, 0, 33, 14 
breath, 0, 30, 14 
expression, 0, 52, 14 
follow, 0, 27, 14 
pretty, 0, 25, 14 
clothes, 0, 33, 14 
surely, 0, 28, 14 
instantly, 0, 38, 14 
richtberg, 0, 41, 14 
started, 0, 31, 14 
companions, 0, 59, 14 
bright, 0, 26, 14 
shoulder, 0, 42, 14 
ground, 0, 34, 14 
instead, 0, 34, 14 
present, 0, 35, 14 
wounded, 0, 45, 14 
strength, 0, 38, 14 
spaniards, 0, 47, 14 
daughter, 0, 43, 14 
standing, 0, 41, 14 
touched, 0, 38, 14 
heaven, 0, 36, 14 
hastily, 0, 29, 14 
obtained, 0, 42, 14 
because, 0, 41, 14 
laughed, 0, 39, 14 
joyously, 0, 39, 14 
miserable, 0, 47, 14 
return, 0, 27, 14 
closely, 0, 32, 14 
higher, 0, 30, 14 
understand, 0, 54, 14 
loudly, 0, 28, 14 
shoulders, 0, 47, 14 
magistrate, 0, 49, 14 
happened, 0, 50, 14 
thousand, 0, 45, 14 
future, 0, 26, 14 
forehead, 0, 43, 14 
noticed, 0, 34, 14 
street, 0, 25, 14 
mutineers, 0, 47, 14 
choose, 0, 35, 14 
struck, 0, 27, 14 
ordered, 0, 37, 14 
figure, 0, 26, 14 
filled, 0, 21, 14 
whispered, 0, 50, 14 
palace, 0, 32, 14 
faithful, 0, 30, 14 
creature, 0, 39, 14 
approached, 0, 58, 14 
gazing, 0, 32, 14 
courage, 0, 39, 14 
sanchez, 0, 40, 14 
firmly, 0, 24, 14 
 , -1, 4, 16 
