# tag, weight, width (pixels), height(pixels)
# last tag is white space (fake)
#after sentinel the data may be repeated for alt fonts
ulrich, 9, 92, 38 
before, 4, 61, 23 
father, 4, 55, 23 
himself, 3, 57, 20 
little, 2, 29, 17 
artist, 2, 34, 17 
mother, 1, 40, 15 
through, 1, 43, 15 
thought, 1, 43, 15 
seemed, 1, 46, 15 
should, 1, 38, 15 
everything, 1, 60, 15 
without, 1, 41, 15 
nothing, 1, 42, 15 
master, 1, 40, 15 
looked, 1, 38, 15 
navarrete, 0, 49, 11 
beautiful, 0, 45, 11 
ulrichs, 0, 33, 11 
always, 0, 34, 11 
doctor, 0, 32, 11 
against, 0, 38, 11 
fortune, 0, 37, 11 
called, 0, 30, 11 
eletto, 0, 29, 11 
things, 0, 31, 11 
beside, 0, 34, 11 
longer, 0, 32, 11 
saying, 0, 33, 11 
latter, 0, 26, 11 
towards, 0, 40, 11 
remained, 0, 47, 11 
others, 0, 32, 11 
though, 0, 36, 11 
sophonisba, 0, 59, 11 
fellow, 0, 29, 11 
replied, 0, 35, 11 
appeared, 0, 49, 11 
zorrillo, 0, 33, 11 
coello, 0, 30, 11 
morning, 0, 41, 11 
studio, 0, 31, 11 
already, 0, 38, 11 
exclaimed, 0, 51, 11 
entered, 0, 40, 11 
forest, 0, 29, 11 
become, 0, 40, 11 
better, 0, 30, 11 
followed, 0, 42, 11 
answered, 0, 49, 11 
behind, 0, 35, 11 
around, 0, 36, 11 
people, 0, 35, 11 
another, 0, 40, 11 
herself, 0, 35, 11 
during, 0, 32, 11 
enough, 0, 39, 11 
spanish, 0, 40, 11 
isabella, 0, 39, 11 
project, 0, 35, 11 
artists, 0, 31, 11 
perhaps, 0, 42, 11 
something, 0, 53, 11 
permitted, 0, 48, 11 
tomorrow, 0, 46, 11 
eitelfritz, 0, 40, 11 
received, 0, 43, 11 
soldiers, 0, 39, 11 
pleasure, 0, 44, 11 
opened, 0, 39, 11 
became, 0, 40, 11 
friend, 0, 29, 11 
church, 0, 34, 11 
chapter, 0, 39, 11 
continued, 0, 51, 11 
breast, 0, 32, 11 
horses, 0, 34, 11 
scarcely, 0, 41, 11 
philip, 0, 27, 11 
pressed, 0, 41, 11 
raised, 0, 31, 11 
exclaiming, 0, 53, 11 
returned, 0, 43, 11 
madrid, 0, 34, 11 
reached, 0, 42, 11 
former, 0, 32, 11 
picture, 0, 35, 11 
person, 0, 35, 11 
between, 0, 44, 11 
children, 0, 40, 11 
glance, 0, 34, 11 
passed, 0, 37, 11 
fathers, 0, 36, 11 
sought, 0, 35, 11 
course, 0, 34, 11 
happiness, 0, 53, 11 
turned, 0, 33, 11 
learned, 0, 39, 11 
smiths, 0, 32, 11 
monastery, 0, 53, 11 
interrupted, 0, 56, 11 
 , -1, 4, 16 
ulrich, 9, 148, 36 
before, 4, 81, 20 
father, 4, 76, 20 
himself, 3, 79, 17 
little, 2, 42, 15 
artist, 2, 47, 15 
mother, 1, 44, 11 
through, 1, 50, 11 
thought, 1, 50, 11 
seemed, 1, 49, 11 
should, 1, 43, 11 
everything, 1, 68, 11 
without, 1, 47, 11 
nothing, 1, 49, 11 
master, 1, 43, 11 
looked, 1, 43, 11 
navarrete, 0, 57, 10 
beautiful, 0, 53, 10 
ulrichs, 0, 41, 10 
always, 0, 40, 10 
doctor, 0, 38, 10 
against, 0, 44, 10 
fortune, 0, 43, 10 
called, 0, 36, 10 
eletto, 0, 35, 10 
things, 0, 37, 10 
beside, 0, 39, 10 
longer, 0, 37, 10 
saying, 0, 39, 10 
latter, 0, 33, 10 
towards, 0, 46, 10 
remained, 0, 53, 10 
others, 0, 38, 10 
though, 0, 40, 10 
sophonisba, 0, 67, 10 
fellow, 0, 35, 10 
replied, 0, 41, 10 
appeared, 0, 54, 10 
zorrillo, 0, 43, 10 
coello, 0, 36, 10 
morning, 0, 46, 10 
studio, 0, 37, 10 
already, 0, 44, 10 
exclaimed, 0, 59, 10 
entered, 0, 45, 10 
forest, 0, 36, 10 
become, 0, 44, 10 
better, 0, 36, 10 
followed, 0, 49, 10 
answered, 0, 55, 10 
behind, 0, 39, 10 
around, 0, 40, 10 
people, 0, 39, 10 
another, 0, 45, 10 
herself, 0, 42, 10 
during, 0, 37, 10 
enough, 0, 42, 10 
spanish, 0, 46, 10 
isabella, 0, 47, 10 
project, 0, 42, 10 
artists, 0, 40, 10 
perhaps, 0, 47, 10 
something, 0, 60, 10 
permitted, 0, 56, 10 
tomorrow, 0, 53, 10 
eitelfritz, 0, 53, 10 
received, 0, 51, 10 
soldiers, 0, 48, 10 
pleasure, 0, 51, 10 
opened, 0, 42, 10 
became, 0, 44, 10 
friend, 0, 35, 10 
church, 0, 40, 10 
chapter, 0, 45, 10 
continued, 0, 58, 10 
breast, 0, 38, 10 
horses, 0, 40, 10 
scarcely, 0, 51, 10 
philip, 0, 33, 10 
pressed, 0, 47, 10 
raised, 0, 37, 10 
exclaiming, 0, 63, 10 
returned, 0, 50, 10 
madrid, 0, 39, 10 
reached, 0, 47, 10 
former, 0, 38, 10 
picture, 0, 42, 10 
person, 0, 40, 10 
between, 0, 48, 10 
children, 0, 48, 10 
glance, 0, 39, 10 
passed, 0, 42, 10 
fathers, 0, 43, 10 
sought, 0, 40, 10 
course, 0, 40, 10 
happiness, 0, 60, 10 
turned, 0, 38, 10 
learned, 0, 44, 10 
smiths, 0, 39, 10 
monastery, 0, 61, 10 
interrupted, 0, 66, 10 
 , -1, 4, 16 
ulrich, 9, 82, 44 
before, 4, 49, 25 
father, 4, 43, 25 
himself, 3, 49, 22 
little, 2, 20, 19 
artist, 2, 27, 19 
mother, 1, 38, 16 
through, 1, 41, 16 
thought, 1, 40, 16 
seemed, 1, 44, 16 
should, 1, 35, 16 
everything, 1, 54, 16 
without, 1, 37, 16 
nothing, 1, 39, 16 
master, 1, 37, 16 
looked, 1, 35, 16 
navarrete, 0, 45, 14 
beautiful, 0, 40, 14 
ulrichs, 0, 30, 14 
always, 0, 33, 14 
doctor, 0, 29, 14 
against, 0, 34, 14 
fortune, 0, 32, 14 
called, 0, 28, 14 
eletto, 0, 25, 14 
things, 0, 28, 14 
beside, 0, 32, 14 
longer, 0, 30, 14 
saying, 0, 31, 14 
latter, 0, 22, 14 
towards, 0, 37, 14 
remained, 0, 46, 14 
others, 0, 29, 14 
though, 0, 33, 14 
sophonisba, 0, 56, 14 
fellow, 0, 27, 14 
replied, 0, 32, 14 
appeared, 0, 47, 14 
zorrillo, 0, 31, 14 
coello, 0, 28, 14 
morning, 0, 39, 14 
studio, 0, 28, 14 
already, 0, 35, 14 
exclaimed, 0, 49, 14 
entered, 0, 36, 14 
forest, 0, 25, 14 
become, 0, 39, 14 
better, 0, 26, 14 
followed, 0, 40, 14 
answered, 0, 48, 14 
behind, 0, 33, 14 
around, 0, 34, 14 
people, 0, 33, 14 
another, 0, 36, 14 
herself, 0, 31, 14 
during, 0, 30, 14 
enough, 0, 37, 14 
spanish, 0, 37, 14 
isabella, 0, 37, 14 
project, 0, 31, 14 
artists, 0, 26, 14 
perhaps, 0, 39, 14 
something, 0, 50, 14 
permitted, 0, 44, 14 
tomorrow, 0, 45, 14 
eitelfritz, 0, 34, 14 
received, 0, 41, 14 
soldiers, 0, 37, 14 
pleasure, 0, 42, 14 
opened, 0, 37, 14 
became, 0, 39, 14 
friend, 0, 26, 14 
church, 0, 32, 14 
chapter, 0, 35, 14 
continued, 0, 47, 14 
breast, 0, 29, 14 
horses, 0, 32, 14 
scarcely, 0, 39, 14 
philip, 0, 25, 14 
pressed, 0, 38, 14 
raised, 0, 29, 14 
exclaiming, 0, 51, 14 
returned, 0, 40, 14 
madrid, 0, 33, 14 
reached, 0, 39, 14 
former, 0, 30, 14 
picture, 0, 31, 14 
person, 0, 33, 14 
between, 0, 41, 14 
children, 0, 38, 14 
glance, 0, 32, 14 
passed, 0, 35, 14 
fathers, 0, 31, 14 
sought, 0, 32, 14 
course, 0, 32, 14 
happiness, 0, 50, 14 
turned, 0, 30, 14 
learned, 0, 36, 14 
smiths, 0, 30, 14 
monastery, 0, 50, 14 
interrupted, 0, 50, 14 
 , -1, 4, 16 
