# tag, weight, width (pixels), height(pixels)
# last tag is white space (fake)
#after sentinel the data may be repeated for alt fonts
ulrich, 9, 92, 38 
before, 4, 61, 23 
father, 3, 46, 20 
himself, 3, 57, 20 
little, 2, 29, 17 
artist, 1, 29, 15 
mother, 1, 40, 15 
through, 1, 43, 15 
thought, 1, 43, 15 
seemed, 1, 46, 15 
should, 1, 38, 15 
everything, 0, 53, 11 
without, 0, 37, 11 
nothing, 0, 39, 11 
master, 0, 34, 11 
looked, 0, 34, 11 
navarrete, 0, 49, 11 
beautiful, 0, 45, 11 
ulrichs, 0, 33, 11 
always, 0, 34, 11 
doctor, 0, 32, 11 
against, 0, 38, 11 
fortune, 0, 37, 11 
called, 0, 30, 11 
eletto, 0, 29, 11 
things, 0, 31, 11 
beside, 0, 34, 11 
longer, 0, 32, 11 
saying, 0, 33, 11 
latter, 0, 26, 11 
towards, 0, 40, 11 
remained, 0, 47, 11 
others, 0, 32, 11 
though, 0, 36, 11 
sophonisba, 0, 59, 11 
fellow, 0, 29, 11 
replied, 0, 35, 11 
appeared, 0, 49, 11 
zorrillo, 0, 33, 11 
coello, 0, 30, 11 
morning, 0, 41, 11 
studio, 0, 31, 11 
already, 0, 38, 11 
exclaimed, 0, 51, 11 
entered, 0, 40, 11 
forest, 0, 29, 11 
become, 0, 40, 11 
better, 0, 30, 11 
followed, 0, 42, 11 
answered, 0, 49, 11 
behind, 0, 35, 11 
 , -1, 4, 16 
ulrich, 9, 148, 36 
before, 4, 81, 20 
father, 3, 64, 17 
himself, 3, 79, 17 
little, 2, 42, 15 
artist, 1, 34, 11 
mother, 1, 44, 11 
through, 1, 50, 11 
thought, 1, 50, 11 
seemed, 1, 49, 11 
should, 1, 43, 11 
everything, 0, 63, 10 
without, 0, 43, 10 
nothing, 0, 44, 10 
master, 0, 40, 10 
looked, 0, 39, 10 
navarrete, 0, 57, 10 
beautiful, 0, 53, 10 
ulrichs, 0, 41, 10 
always, 0, 40, 10 
doctor, 0, 38, 10 
against, 0, 44, 10 
fortune, 0, 43, 10 
called, 0, 36, 10 
eletto, 0, 35, 10 
things, 0, 37, 10 
beside, 0, 39, 10 
longer, 0, 37, 10 
saying, 0, 39, 10 
latter, 0, 33, 10 
towards, 0, 46, 10 
remained, 0, 53, 10 
others, 0, 38, 10 
though, 0, 40, 10 
sophonisba, 0, 67, 10 
fellow, 0, 35, 10 
replied, 0, 41, 10 
appeared, 0, 54, 10 
zorrillo, 0, 43, 10 
coello, 0, 36, 10 
morning, 0, 46, 10 
studio, 0, 37, 10 
already, 0, 44, 10 
exclaimed, 0, 59, 10 
entered, 0, 45, 10 
forest, 0, 36, 10 
become, 0, 44, 10 
better, 0, 36, 10 
followed, 0, 49, 10 
answered, 0, 55, 10 
behind, 0, 39, 10 
 , -1, 4, 16 
ulrich, 9, 82, 44 
before, 4, 49, 25 
father, 3, 40, 22 
himself, 3, 49, 22 
little, 2, 20, 19 
artist, 1, 24, 16 
mother, 1, 38, 16 
through, 1, 41, 16 
thought, 1, 40, 16 
seemed, 1, 44, 16 
should, 1, 35, 16 
everything, 0, 49, 14 
without, 0, 33, 14 
nothing, 0, 35, 14 
master, 0, 32, 14 
looked, 0, 32, 14 
navarrete, 0, 45, 14 
beautiful, 0, 40, 14 
ulrichs, 0, 30, 14 
always, 0, 33, 14 
doctor, 0, 29, 14 
against, 0, 34, 14 
fortune, 0, 32, 14 
called, 0, 28, 14 
eletto, 0, 25, 14 
things, 0, 28, 14 
beside, 0, 32, 14 
longer, 0, 30, 14 
saying, 0, 31, 14 
latter, 0, 22, 14 
towards, 0, 37, 14 
remained, 0, 46, 14 
others, 0, 29, 14 
though, 0, 33, 14 
sophonisba, 0, 56, 14 
fellow, 0, 27, 14 
replied, 0, 32, 14 
appeared, 0, 47, 14 
zorrillo, 0, 31, 14 
coello, 0, 28, 14 
morning, 0, 39, 14 
studio, 0, 28, 14 
already, 0, 35, 14 
exclaimed, 0, 49, 14 
entered, 0, 36, 14 
forest, 0, 25, 14 
become, 0, 39, 14 
better, 0, 26, 14 
followed, 0, 40, 14 
answered, 0, 48, 14 
behind, 0, 33, 14 
 , -1, 4, 16 
