# tag, weight, width (pixels), height(pixels)
# last tag is white space (fake)
#after sentinel the data may be repeated for alt fonts
ulrich, 9, 92, 38 
before, 4, 61, 23 
father, 3, 46, 20 
himself, 3, 57, 20 
little, 2, 29, 17 
artist, 1, 29, 15 
mother, 0, 35, 11 
through, 0, 40, 11 
thought, 0, 40, 11 
seemed, 0, 40, 11 
should, 0, 34, 11 
everything, 0, 53, 11 
without, 0, 37, 11 
nothing, 0, 39, 11 
master, 0, 34, 11 
looked, 0, 34, 11 
navarrete, 0, 49, 11 
beautiful, 0, 45, 11 
ulrichs, 0, 33, 11 
always, 0, 34, 11 
doctor, 0, 32, 11 
 , -1, 4, 16 
ulrich, 9, 148, 36 
before, 4, 81, 20 
father, 3, 64, 17 
himself, 3, 79, 17 
little, 2, 42, 15 
artist, 1, 34, 11 
mother, 0, 40, 10 
through, 0, 45, 10 
thought, 0, 45, 10 
seemed, 0, 44, 10 
should, 0, 39, 10 
everything, 0, 63, 10 
without, 0, 43, 10 
nothing, 0, 44, 10 
master, 0, 40, 10 
looked, 0, 39, 10 
navarrete, 0, 57, 10 
beautiful, 0, 53, 10 
ulrichs, 0, 41, 10 
always, 0, 40, 10 
doctor, 0, 38, 10 
 , -1, 4, 16 
ulrich, 9, 82, 44 
before, 4, 49, 25 
father, 3, 40, 22 
himself, 3, 49, 22 
little, 2, 20, 19 
artist, 1, 24, 16 
mother, 0, 33, 14 
through, 0, 36, 14 
thought, 0, 35, 14 
seemed, 0, 39, 14 
should, 0, 32, 14 
everything, 0, 49, 14 
without, 0, 33, 14 
nothing, 0, 35, 14 
master, 0, 32, 14 
looked, 0, 32, 14 
navarrete, 0, 45, 14 
beautiful, 0, 40, 14 
ulrichs, 0, 30, 14 
always, 0, 33, 14 
doctor, 0, 29, 14 
 , -1, 4, 16 
