# tag, weight, width (pixels), height(pixels)
# last tag is white space (fake)
#after sentinel the data may be repeated for alt fonts
catharine, 9, 151, 38 
before, 5, 67, 27 
douglas, 4, 76, 23 
heywood, 3, 72, 20 
seymour, 3, 69, 20 
himself, 3, 57, 20 
because, 2, 61, 17 
father, 2, 40, 17 
thomas, 2, 52, 17 
elizabeth, 2, 65, 17 
howard, 2, 53, 17 
gardiner, 2, 59, 17 
therefore, 1, 51, 15 
already, 1, 42, 15 
husband, 1, 49, 15 
herself, 1, 39, 15 
should, 1, 38, 15 
without, 1, 41, 15 
through, 1, 43, 15 
surrey, 1, 36, 15 
church, 1, 39, 15 
longer, 1, 35, 15 
princess, 1, 49, 15 
little, 1, 24, 15 
nothing, 0, 39, 11 
always, 0, 34, 11 
moment, 0, 40, 11 
happiness, 0, 53, 11 
thought, 0, 40, 11 
against, 0, 38, 11 
geraldine, 0, 48, 11 
looked, 0, 34, 11 
become, 0, 40, 11 
yourself, 0, 40, 11 
duchess, 0, 43, 11 
secret, 0, 31, 11 
queens, 0, 38, 11 
beautiful, 0, 45, 11 
behind, 0, 35, 11 
friend, 0, 29, 11 
england, 0, 42, 11 
countenance, 0, 67, 11 
daughter, 0, 46, 11 
believe, 0, 37, 11 
cranmer, 0, 41, 11 
whether, 0, 41, 11 
though, 0, 36, 11 
scaffold, 0, 40, 11 
perhaps, 0, 42, 11 
majesty, 0, 39, 11 
people, 0, 35, 11 
 , -1, 4, 16 
catharine, 9, 234, 36 
before, 5, 101, 23 
douglas, 4, 98, 20 
heywood, 3, 93, 17 
seymour, 3, 89, 17 
himself, 3, 79, 17 
because, 2, 70, 15 
father, 2, 51, 15 
thomas, 2, 61, 15 
elizabeth, 2, 79, 15 
howard, 2, 59, 15 
gardiner, 2, 70, 15 
therefore, 1, 60, 11 
already, 1, 48, 11 
husband, 1, 55, 11 
herself, 1, 45, 11 
should, 1, 43, 11 
without, 1, 47, 11 
through, 1, 50, 11 
surrey, 1, 40, 11 
church, 1, 43, 11 
longer, 1, 41, 11 
princess, 1, 54, 11 
little, 1, 30, 11 
nothing, 0, 44, 10 
always, 0, 40, 10 
moment, 0, 44, 10 
happiness, 0, 60, 10 
thought, 0, 45, 10 
against, 0, 44, 10 
geraldine, 0, 55, 10 
looked, 0, 39, 10 
become, 0, 44, 10 
yourself, 0, 49, 10 
duchess, 0, 49, 10 
secret, 0, 38, 10 
queens, 0, 42, 10 
beautiful, 0, 53, 10 
behind, 0, 39, 10 
friend, 0, 35, 10 
england, 0, 46, 10 
countenance, 0, 75, 10 
daughter, 0, 52, 10 
believe, 0, 43, 10 
cranmer, 0, 47, 10 
whether, 0, 46, 10 
though, 0, 40, 10 
scaffold, 0, 49, 10 
perhaps, 0, 47, 10 
majesty, 0, 46, 10 
people, 0, 39, 10 
 , -1, 4, 16 
catharine, 9, 143, 44 
before, 5, 73, 31 
douglas, 4, 62, 25 
heywood, 3, 65, 22 
seymour, 3, 63, 22 
himself, 3, 49, 22 
because, 2, 50, 19 
father, 2, 32, 19 
thomas, 2, 44, 19 
elizabeth, 2, 51, 19 
howard, 2, 43, 19 
gardiner, 2, 47, 19 
therefore, 1, 47, 16 
already, 1, 39, 16 
husband, 1, 47, 16 
herself, 1, 35, 16 
should, 1, 35, 16 
without, 1, 37, 16 
through, 1, 41, 16 
surrey, 1, 33, 16 
church, 1, 36, 16 
longer, 1, 33, 16 
princess, 1, 43, 16 
little, 1, 18, 16 
nothing, 0, 35, 14 
always, 0, 33, 14 
moment, 0, 39, 14 
happiness, 0, 50, 14 
thought, 0, 35, 14 
against, 0, 34, 14 
geraldine, 0, 45, 14 
looked, 0, 32, 14 
become, 0, 39, 14 
yourself, 0, 37, 14 
duchess, 0, 40, 14 
secret, 0, 28, 14 
queens, 0, 36, 14 
beautiful, 0, 40, 14 
behind, 0, 33, 14 
friend, 0, 26, 14 
england, 0, 39, 14 
countenance, 0, 62, 14 
daughter, 0, 43, 14 
believe, 0, 34, 14 
cranmer, 0, 39, 14 
whether, 0, 38, 14 
though, 0, 33, 14 
scaffold, 0, 36, 14 
perhaps, 0, 39, 14 
majesty, 0, 36, 14 
people, 0, 33, 14 
 , -1, 4, 16 
