# tag, weight, width (pixels), height(pixels)
# last tag is white space (fake)
#after sentinel the data may be repeated for alt fonts
catharine, 9, 151, 38 
before, 4, 61, 23 
douglas, 3, 63, 20 
heywood, 2, 65, 17 
seymour, 2, 61, 17 
himself, 2, 51, 17 
because, 1, 49, 15 
father, 1, 33, 15 
thomas, 1, 43, 15 
elizabeth, 1, 52, 15 
howard, 0, 37, 11 
gardiner, 0, 42, 11 
therefore, 0, 47, 11 
already, 0, 38, 11 
husband, 0, 45, 11 
herself, 0, 35, 11 
should, 0, 34, 11 
without, 0, 37, 11 
through, 0, 40, 11 
surrey, 0, 31, 11 
church, 0, 34, 11 
 , -1, 4, 16 
catharine, 9, 234, 36 
before, 4, 81, 20 
douglas, 3, 85, 17 
heywood, 2, 72, 15 
seymour, 2, 71, 15 
himself, 2, 63, 15 
because, 1, 54, 11 
father, 1, 39, 11 
thomas, 1, 46, 11 
elizabeth, 1, 60, 11 
howard, 0, 41, 10 
gardiner, 0, 49, 10 
therefore, 0, 55, 10 
already, 0, 44, 10 
husband, 0, 49, 10 
herself, 0, 42, 10 
should, 0, 39, 10 
without, 0, 43, 10 
through, 0, 45, 10 
surrey, 0, 38, 10 
church, 0, 40, 10 
 , -1, 4, 16 
catharine, 9, 143, 44 
before, 4, 49, 25 
douglas, 3, 55, 22 
heywood, 2, 53, 19 
seymour, 2, 52, 19 
himself, 2, 41, 19 
because, 1, 46, 16 
father, 1, 30, 16 
thomas, 1, 40, 16 
elizabeth, 1, 46, 16 
howard, 0, 36, 14 
gardiner, 0, 40, 14 
therefore, 0, 42, 14 
already, 0, 35, 14 
husband, 0, 42, 14 
herself, 0, 31, 14 
should, 0, 32, 14 
without, 0, 33, 14 
through, 0, 36, 14 
surrey, 0, 29, 14 
church, 0, 32, 14 
 , -1, 4, 16 
