# tag, weight, width (pixels), height(pixels)
# last tag is white space (fake)
#after sentinel the data may be repeated for alt fonts
catharine, 9, 151, 38 
before, 5, 67, 27 
douglas, 4, 76, 23 
heywood, 4, 86, 23 
seymour, 3, 69, 20 
himself, 3, 57, 20 
because, 3, 68, 20 
father, 3, 46, 20 
thomas, 2, 52, 17 
elizabeth, 2, 65, 17 
howard, 2, 53, 17 
gardiner, 2, 59, 17 
therefore, 2, 63, 17 
already, 2, 53, 17 
husband, 2, 62, 17 
herself, 2, 48, 17 
should, 2, 48, 17 
without, 2, 51, 17 
through, 2, 54, 17 
surrey, 1, 36, 15 
church, 1, 39, 15 
longer, 1, 35, 15 
princess, 1, 49, 15 
little, 1, 24, 15 
nothing, 1, 42, 15 
always, 1, 40, 15 
moment, 1, 47, 15 
happiness, 1, 59, 15 
thought, 1, 43, 15 
against, 1, 42, 15 
geraldine, 1, 52, 15 
looked, 1, 38, 15 
become, 1, 46, 15 
yourself, 1, 46, 15 
duchess, 1, 49, 15 
secret, 1, 36, 15 
queens, 1, 42, 15 
beautiful, 1, 49, 15 
behind, 0, 35, 11 
friend, 0, 29, 11 
england, 0, 42, 11 
countenance, 0, 67, 11 
daughter, 0, 46, 11 
believe, 0, 37, 11 
cranmer, 0, 41, 11 
whether, 0, 41, 11 
though, 0, 36, 11 
scaffold, 0, 40, 11 
perhaps, 0, 42, 11 
majesty, 0, 39, 11 
people, 0, 35, 11 
mother, 0, 35, 11 
master, 0, 34, 11 
myself, 0, 32, 11 
expression, 0, 55, 11 
enough, 0, 39, 11 
however, 0, 43, 11 
wanted, 0, 37, 11 
throne, 0, 33, 11 
turned, 0, 33, 11 
silence, 0, 36, 11 
cannot, 0, 35, 11 
indeed, 0, 35, 11 
exclaimed, 0, 51, 11 
length, 0, 32, 11 
ladies, 0, 30, 11 
smiling, 0, 35, 11 
whispered, 0, 52, 11 
seemed, 0, 40, 11 
toward, 0, 34, 11 
thoughts, 0, 45, 11 
opened, 0, 39, 11 
trembling, 0, 47, 11 
howards, 0, 43, 11 
everything, 0, 53, 11 
bishop, 0, 34, 11 
brother, 0, 37, 11 
suddenly, 0, 46, 11 
presence, 0, 47, 11 
beloved, 0, 41, 11 
future, 0, 30, 11 
breast, 0, 32, 11 
raised, 0, 31, 11 
present, 0, 39, 11 
sister, 0, 27, 11 
muttered, 0, 45, 11 
footnote, 0, 43, 11 
called, 0, 30, 11 
tender, 0, 33, 11 
almost, 0, 33, 11 
seymours, 0, 48, 11 
courage, 0, 42, 11 
danger, 0, 36, 11 
palace, 0, 34, 11 
henrys, 0, 34, 11 
around, 0, 36, 11 
rosette, 0, 36, 11 
catharines, 0, 53, 11 
wholly, 0, 31, 11 
solemnly, 0, 44, 11 
smiled, 0, 32, 11 
 , -1, 4, 16 
catharine, 9, 234, 36 
before, 5, 101, 23 
douglas, 4, 98, 20 
heywood, 4, 107, 20 
seymour, 3, 89, 17 
himself, 3, 79, 17 
because, 3, 89, 17 
father, 3, 64, 17 
thomas, 2, 61, 15 
elizabeth, 2, 79, 15 
howard, 2, 59, 15 
gardiner, 2, 70, 15 
therefore, 2, 78, 15 
already, 2, 63, 15 
husband, 2, 70, 15 
herself, 2, 60, 15 
should, 2, 56, 15 
without, 2, 62, 15 
through, 2, 64, 15 
surrey, 1, 40, 11 
church, 1, 43, 11 
longer, 1, 41, 11 
princess, 1, 54, 11 
little, 1, 30, 11 
nothing, 1, 49, 11 
always, 1, 43, 11 
moment, 1, 49, 11 
happiness, 1, 66, 11 
thought, 1, 50, 11 
against, 1, 48, 11 
geraldine, 1, 61, 11 
looked, 1, 43, 11 
become, 1, 49, 11 
yourself, 1, 52, 11 
duchess, 1, 53, 11 
secret, 1, 40, 11 
queens, 1, 47, 11 
beautiful, 1, 58, 11 
behind, 0, 39, 10 
friend, 0, 35, 10 
england, 0, 46, 10 
countenance, 0, 75, 10 
daughter, 0, 52, 10 
believe, 0, 43, 10 
cranmer, 0, 47, 10 
whether, 0, 46, 10 
though, 0, 40, 10 
scaffold, 0, 49, 10 
perhaps, 0, 47, 10 
majesty, 0, 46, 10 
people, 0, 39, 10 
mother, 0, 40, 10 
master, 0, 40, 10 
myself, 0, 39, 10 
expression, 0, 65, 10 
enough, 0, 42, 10 
however, 0, 48, 10 
wanted, 0, 41, 10 
throne, 0, 38, 10 
turned, 0, 38, 10 
silence, 0, 43, 10 
cannot, 0, 40, 10 
indeed, 0, 39, 10 
exclaimed, 0, 59, 10 
length, 0, 37, 10 
ladies, 0, 36, 10 
smiling, 0, 42, 10 
whispered, 0, 59, 10 
seemed, 0, 44, 10 
toward, 0, 39, 10 
thoughts, 0, 52, 10 
opened, 0, 42, 10 
trembling, 0, 55, 10 
howards, 0, 48, 10 
everything, 0, 63, 10 
bishop, 0, 39, 10 
brother, 0, 43, 10 
suddenly, 0, 53, 10 
presence, 0, 54, 10 
beloved, 0, 46, 10 
future, 0, 36, 10 
breast, 0, 38, 10 
raised, 0, 37, 10 
present, 0, 45, 10 
sister, 0, 35, 10 
muttered, 0, 52, 10 
footnote, 0, 50, 10 
called, 0, 36, 10 
tender, 0, 38, 10 
almost, 0, 39, 10 
seymours, 0, 56, 10 
courage, 0, 47, 10 
danger, 0, 40, 10 
palace, 0, 39, 10 
henrys, 0, 40, 10 
around, 0, 40, 10 
rosette, 0, 43, 10 
catharines, 0, 63, 10 
wholly, 0, 37, 10 
solemnly, 0, 52, 10 
smiled, 0, 38, 10 
 , -1, 4, 16 
catharine, 9, 143, 44 
before, 5, 73, 31 
douglas, 4, 62, 25 
heywood, 4, 73, 25 
seymour, 3, 63, 22 
himself, 3, 49, 22 
because, 3, 61, 22 
father, 3, 40, 22 
thomas, 2, 44, 19 
elizabeth, 2, 51, 19 
howard, 2, 43, 19 
gardiner, 2, 47, 19 
therefore, 2, 51, 19 
already, 2, 42, 19 
husband, 2, 50, 19 
herself, 2, 38, 19 
should, 2, 38, 19 
without, 2, 40, 19 
through, 2, 43, 19 
surrey, 1, 33, 16 
church, 1, 36, 16 
longer, 1, 33, 16 
princess, 1, 43, 16 
little, 1, 18, 16 
nothing, 1, 39, 16 
always, 1, 36, 16 
moment, 1, 45, 16 
happiness, 1, 54, 16 
thought, 1, 40, 16 
against, 1, 38, 16 
geraldine, 1, 48, 16 
looked, 1, 35, 16 
become, 1, 44, 16 
yourself, 1, 40, 16 
duchess, 1, 45, 16 
secret, 1, 32, 16 
queens, 1, 40, 16 
beautiful, 1, 43, 16 
behind, 0, 33, 14 
friend, 0, 26, 14 
england, 0, 39, 14 
countenance, 0, 62, 14 
daughter, 0, 43, 14 
believe, 0, 34, 14 
cranmer, 0, 39, 14 
whether, 0, 38, 14 
though, 0, 33, 14 
scaffold, 0, 36, 14 
perhaps, 0, 39, 14 
majesty, 0, 36, 14 
people, 0, 33, 14 
mother, 0, 33, 14 
master, 0, 32, 14 
myself, 0, 30, 14 
expression, 0, 52, 14 
enough, 0, 37, 14 
however, 0, 41, 14 
wanted, 0, 35, 14 
throne, 0, 30, 14 
turned, 0, 30, 14 
silence, 0, 33, 14 
cannot, 0, 32, 14 
indeed, 0, 33, 14 
exclaimed, 0, 49, 14 
length, 0, 29, 14 
ladies, 0, 28, 14 
smiling, 0, 33, 14 
whispered, 0, 50, 14 
seemed, 0, 39, 14 
toward, 0, 32, 14 
thoughts, 0, 41, 14 
opened, 0, 37, 14 
trembling, 0, 44, 14 
howards, 0, 41, 14 
everything, 0, 49, 14 
bishop, 0, 32, 14 
brother, 0, 33, 14 
suddenly, 0, 44, 14 
presence, 0, 45, 14 
beloved, 0, 38, 14 
future, 0, 26, 14 
breast, 0, 29, 14 
raised, 0, 29, 14 
present, 0, 35, 14 
sister, 0, 24, 14 
muttered, 0, 42, 14 
footnote, 0, 38, 14 
called, 0, 28, 14 
tender, 0, 30, 14 
almost, 0, 31, 14 
seymours, 0, 47, 14 
courage, 0, 39, 14 
danger, 0, 34, 14 
palace, 0, 32, 14 
henrys, 0, 32, 14 
around, 0, 34, 14 
rosette, 0, 31, 14 
catharines, 0, 49, 14 
wholly, 0, 30, 14 
solemnly, 0, 43, 14 
smiled, 0, 31, 14 
 , -1, 4, 16 
