# tag, weight, width (pixels), height(pixels)
# last tag is white space (fake)
#after sentinel the data may be repeated for alt fonts
catharine, 9, 151, 38 
before, 6, 79, 30 
douglas, 5, 82, 27 
heywood, 4, 86, 23 
seymour, 4, 82, 23 
himself, 3, 57, 20 
because, 3, 68, 20 
father, 3, 46, 20 
thomas, 3, 59, 20 
elizabeth, 3, 72, 20 
howard, 3, 59, 20 
gardiner, 3, 66, 20 
therefore, 2, 63, 17 
already, 2, 53, 17 
husband, 2, 62, 17 
herself, 2, 48, 17 
should, 2, 48, 17 
without, 2, 51, 17 
through, 2, 54, 17 
surrey, 2, 44, 17 
church, 2, 48, 17 
longer, 2, 45, 17 
princess, 2, 60, 17 
little, 2, 29, 17 
nothing, 1, 42, 15 
always, 1, 40, 15 
moment, 1, 47, 15 
happiness, 1, 59, 15 
thought, 1, 43, 15 
against, 1, 42, 15 
geraldine, 1, 52, 15 
looked, 1, 38, 15 
become, 1, 46, 15 
yourself, 1, 46, 15 
duchess, 1, 49, 15 
secret, 1, 36, 15 
queens, 1, 42, 15 
beautiful, 1, 49, 15 
behind, 1, 38, 15 
friend, 1, 32, 15 
england, 1, 45, 15 
countenance, 1, 74, 15 
daughter, 1, 50, 15 
believe, 1, 41, 15 
cranmer, 1, 47, 15 
whether, 1, 45, 15 
though, 1, 39, 15 
scaffold, 1, 46, 15 
perhaps, 1, 46, 15 
majesty, 1, 46, 15 
people, 1, 38, 15 
mother, 1, 40, 15 
master, 1, 40, 15 
myself, 1, 39, 15 
expression, 1, 63, 15 
enough, 0, 39, 11 
however, 0, 43, 11 
wanted, 0, 37, 11 
throne, 0, 33, 11 
turned, 0, 33, 11 
silence, 0, 36, 11 
cannot, 0, 35, 11 
indeed, 0, 35, 11 
exclaimed, 0, 51, 11 
length, 0, 32, 11 
ladies, 0, 30, 11 
smiling, 0, 35, 11 
whispered, 0, 52, 11 
seemed, 0, 40, 11 
toward, 0, 34, 11 
thoughts, 0, 45, 11 
opened, 0, 39, 11 
trembling, 0, 47, 11 
howards, 0, 43, 11 
everything, 0, 53, 11 
bishop, 0, 34, 11 
brother, 0, 37, 11 
suddenly, 0, 46, 11 
presence, 0, 47, 11 
beloved, 0, 41, 11 
future, 0, 30, 11 
breast, 0, 32, 11 
raised, 0, 31, 11 
present, 0, 39, 11 
sister, 0, 27, 11 
muttered, 0, 45, 11 
footnote, 0, 43, 11 
called, 0, 30, 11 
tender, 0, 33, 11 
almost, 0, 33, 11 
seymours, 0, 48, 11 
courage, 0, 42, 11 
danger, 0, 36, 11 
palace, 0, 34, 11 
henrys, 0, 34, 11 
around, 0, 36, 11 
rosette, 0, 36, 11 
catharines, 0, 53, 11 
wholly, 0, 31, 11 
solemnly, 0, 44, 11 
smiled, 0, 32, 11 
servant, 0, 38, 11 
dangerous, 0, 55, 11 
condemned, 0, 60, 11 
return, 0, 30, 11 
project, 0, 35, 11 
really, 0, 27, 11 
accused, 0, 43, 11 
silent, 0, 27, 11 
entered, 0, 40, 11 
faithful, 0, 35, 11 
shoulder, 0, 44, 11 
delight, 0, 35, 11 
murmured, 0, 50, 11 
chapter, 0, 39, 11 
innocent, 0, 44, 11 
enemies, 0, 43, 11 
nobody, 0, 38, 11 
priest, 0, 28, 11 
richmond, 0, 46, 11 
friends, 0, 35, 11 
another, 0, 40, 11 
gammer, 0, 40, 11 
pressed, 0, 41, 11 
breath, 0, 33, 11 
continued, 0, 51, 11 
cheeks, 0, 36, 11 
standing, 0, 44, 11 
chamber, 0, 44, 11 
haughty, 0, 42, 11 
eighth, 0, 32, 11 
command, 0, 49, 11 
pardon, 0, 36, 11 
follow, 0, 29, 11 
consort, 0, 38, 11 
receive, 0, 37, 11 
bright, 0, 29, 11 
account, 0, 41, 11 
powerful, 0, 43, 11 
accuse, 0, 36, 11 
wished, 0, 35, 11 
heretics, 0, 40, 11 
archbishop, 0, 56, 11 
heaven, 0, 38, 11 
justice, 0, 33, 11 
repeated, 0, 46, 11 
trembled, 0, 44, 11 
themselves, 0, 57, 11 
traitor, 0, 30, 11 
laughed, 0, 42, 11 
norfolk, 0, 35, 11 
boleyn, 0, 34, 11 
sacred, 0, 34, 11 
pleasure, 0, 44, 11 
things, 0, 31, 11 
person, 0, 35, 11 
apartments, 0, 57, 11 
perfectly, 0, 44, 11 
remain, 0, 34, 11 
understand, 0, 58, 11 
passed, 0, 37, 11 
obliged, 0, 38, 11 
crimson, 0, 39, 11 
anguish, 0, 41, 11 
observed, 0, 47, 11 
softly, 0, 27, 11 
certain, 0, 35, 11 
gracious, 0, 43, 11 
thereby, 0, 39, 11 
charming, 0, 46, 11 
received, 0, 43, 11 
nevertheless, 0, 65, 11 
uttered, 0, 37, 11 
punish, 0, 34, 11 
forgive, 0, 35, 11 
disgrace, 0, 43, 11 
letter, 0, 26, 11 
service, 0, 36, 11 
passionate, 0, 56, 11 
brought, 0, 40, 11 
courtiers, 0, 44, 11 
virtue, 0, 28, 11 
marriage, 0, 44, 11 
scarcely, 0, 41, 11 
sacrifice, 0, 42, 11 
tremble, 0, 38, 11 
exalted, 0, 38, 11 
hearts, 0, 32, 11 
guilty, 0, 27, 11 
either, 0, 29, 11 
remained, 0, 47, 11 
gutenberg, 0, 53, 11 
concealed, 0, 53, 11 
besides, 0, 40, 11 
having, 0, 34, 11 
filled, 0, 24, 11 
rapture, 0, 37, 11 
compassion, 0, 60, 11 
flashing, 0, 40, 11 
brilliant, 0, 37, 11 
forward, 0, 38, 11 
 , -1, 4, 16 
catharine, 9, 234, 36 
before, 6, 115, 27 
douglas, 5, 124, 23 
heywood, 4, 107, 20 
seymour, 4, 104, 20 
himself, 3, 79, 17 
because, 3, 89, 17 
father, 3, 64, 17 
thomas, 3, 76, 17 
elizabeth, 3, 101, 17 
howard, 3, 77, 17 
gardiner, 3, 91, 17 
therefore, 2, 78, 15 
already, 2, 63, 15 
husband, 2, 70, 15 
herself, 2, 60, 15 
should, 2, 56, 15 
without, 2, 62, 15 
through, 2, 64, 15 
surrey, 2, 54, 15 
church, 2, 57, 15 
longer, 2, 53, 15 
princess, 2, 73, 15 
little, 2, 42, 15 
nothing, 1, 49, 11 
always, 1, 43, 11 
moment, 1, 49, 11 
happiness, 1, 66, 11 
thought, 1, 50, 11 
against, 1, 48, 11 
geraldine, 1, 61, 11 
looked, 1, 43, 11 
become, 1, 49, 11 
yourself, 1, 52, 11 
duchess, 1, 53, 11 
secret, 1, 40, 11 
queens, 1, 47, 11 
beautiful, 1, 58, 11 
behind, 1, 44, 11 
friend, 1, 38, 11 
england, 1, 52, 11 
countenance, 1, 83, 11 
daughter, 1, 58, 11 
believe, 1, 47, 11 
cranmer, 1, 51, 11 
whether, 1, 51, 11 
though, 1, 45, 11 
scaffold, 1, 52, 11 
perhaps, 1, 52, 11 
majesty, 1, 49, 11 
people, 1, 44, 11 
mother, 1, 44, 11 
master, 1, 43, 11 
myself, 1, 41, 11 
expression, 1, 70, 11 
enough, 0, 42, 10 
however, 0, 48, 10 
wanted, 0, 41, 10 
throne, 0, 38, 10 
turned, 0, 38, 10 
silence, 0, 43, 10 
cannot, 0, 40, 10 
indeed, 0, 39, 10 
exclaimed, 0, 59, 10 
length, 0, 37, 10 
ladies, 0, 36, 10 
smiling, 0, 42, 10 
whispered, 0, 59, 10 
seemed, 0, 44, 10 
toward, 0, 39, 10 
thoughts, 0, 52, 10 
opened, 0, 42, 10 
trembling, 0, 55, 10 
howards, 0, 48, 10 
everything, 0, 63, 10 
bishop, 0, 39, 10 
brother, 0, 43, 10 
suddenly, 0, 53, 10 
presence, 0, 54, 10 
beloved, 0, 46, 10 
future, 0, 36, 10 
breast, 0, 38, 10 
raised, 0, 37, 10 
present, 0, 45, 10 
sister, 0, 35, 10 
muttered, 0, 52, 10 
footnote, 0, 50, 10 
called, 0, 36, 10 
tender, 0, 38, 10 
almost, 0, 39, 10 
seymours, 0, 56, 10 
courage, 0, 47, 10 
danger, 0, 40, 10 
palace, 0, 39, 10 
henrys, 0, 40, 10 
around, 0, 40, 10 
rosette, 0, 43, 10 
catharines, 0, 63, 10 
wholly, 0, 37, 10 
solemnly, 0, 52, 10 
smiled, 0, 38, 10 
servant, 0, 45, 10 
dangerous, 0, 61, 10 
condemned, 0, 65, 10 
return, 0, 36, 10 
project, 0, 42, 10 
really, 0, 34, 10 
accused, 0, 49, 10 
silent, 0, 34, 10 
entered, 0, 45, 10 
faithful, 0, 44, 10 
shoulder, 0, 51, 10 
delight, 0, 41, 10 
murmured, 0, 56, 10 
chapter, 0, 45, 10 
innocent, 0, 51, 10 
enemies, 0, 48, 10 
nobody, 0, 42, 10 
priest, 0, 35, 10 
richmond, 0, 53, 10 
friends, 0, 42, 10 
another, 0, 45, 10 
gammer, 0, 44, 10 
pressed, 0, 47, 10 
breath, 0, 38, 10 
continued, 0, 58, 10 
cheeks, 0, 42, 10 
standing, 0, 51, 10 
chamber, 0, 49, 10 
haughty, 0, 47, 10 
eighth, 0, 37, 10 
command, 0, 53, 10 
pardon, 0, 40, 10 
follow, 0, 35, 10 
consort, 0, 45, 10 
receive, 0, 44, 10 
bright, 0, 35, 10 
account, 0, 47, 10 
powerful, 0, 50, 10 
accuse, 0, 42, 10 
wished, 0, 40, 10 
heretics, 0, 49, 10 
archbishop, 0, 65, 10 
heaven, 0, 42, 10 
justice, 0, 41, 10 
repeated, 0, 52, 10 
trembled, 0, 51, 10 
themselves, 0, 67, 10 
traitor, 0, 38, 10 
laughed, 0, 46, 10 
norfolk, 0, 42, 10 
boleyn, 0, 39, 10 
sacred, 0, 40, 10 
pleasure, 0, 51, 10 
things, 0, 37, 10 
person, 0, 40, 10 
apartments, 0, 66, 10 
perfectly, 0, 54, 10 
remain, 0, 39, 10 
understand, 0, 66, 10 
passed, 0, 42, 10 
obliged, 0, 43, 10 
crimson, 0, 46, 10 
anguish, 0, 46, 10 
observed, 0, 54, 10 
softly, 0, 35, 10 
certain, 0, 42, 10 
gracious, 0, 51, 10 
thereby, 0, 45, 10 
charming, 0, 53, 10 
received, 0, 51, 10 
nevertheless, 0, 77, 10 
uttered, 0, 43, 10 
punish, 0, 39, 10 
forgive, 0, 42, 10 
disgrace, 0, 51, 10 
letter, 0, 33, 10 
service, 0, 44, 10 
passionate, 0, 65, 10 
brought, 0, 45, 10 
courtiers, 0, 54, 10 
virtue, 0, 35, 10 
marriage, 0, 51, 10 
scarcely, 0, 51, 10 
sacrifice, 0, 53, 10 
tremble, 0, 44, 10 
exalted, 0, 44, 10 
hearts, 0, 38, 10 
guilty, 0, 34, 10 
either, 0, 35, 10 
remained, 0, 53, 10 
gutenberg, 0, 59, 10 
concealed, 0, 60, 10 
besides, 0, 46, 10 
having, 0, 39, 10 
filled, 0, 31, 10 
rapture, 0, 43, 10 
compassion, 0, 69, 10 
flashing, 0, 48, 10 
brilliant, 0, 47, 10 
forward, 0, 44, 10 
 , -1, 4, 16 
catharine, 9, 143, 44 
before, 6, 76, 33 
douglas, 5, 90, 31 
heywood, 4, 73, 25 
seymour, 4, 69, 25 
himself, 3, 49, 22 
because, 3, 61, 22 
father, 3, 40, 22 
thomas, 3, 54, 22 
elizabeth, 3, 61, 22 
howard, 3, 53, 22 
gardiner, 3, 57, 22 
therefore, 2, 51, 19 
already, 2, 42, 19 
husband, 2, 50, 19 
herself, 2, 38, 19 
should, 2, 38, 19 
without, 2, 40, 19 
through, 2, 43, 19 
surrey, 2, 37, 19 
church, 2, 40, 19 
longer, 2, 35, 19 
princess, 2, 50, 19 
little, 2, 20, 19 
nothing, 1, 39, 16 
always, 1, 36, 16 
moment, 1, 45, 16 
happiness, 1, 54, 16 
thought, 1, 40, 16 
against, 1, 38, 16 
geraldine, 1, 48, 16 
looked, 1, 35, 16 
become, 1, 44, 16 
yourself, 1, 40, 16 
duchess, 1, 45, 16 
secret, 1, 32, 16 
queens, 1, 40, 16 
beautiful, 1, 43, 16 
behind, 1, 36, 16 
friend, 1, 29, 16 
england, 1, 43, 16 
countenance, 1, 69, 16 
daughter, 1, 47, 16 
believe, 1, 37, 16 
cranmer, 1, 45, 16 
whether, 1, 43, 16 
though, 1, 37, 16 
scaffold, 1, 39, 16 
perhaps, 1, 44, 16 
majesty, 1, 41, 16 
people, 1, 36, 16 
mother, 1, 38, 16 
master, 1, 37, 16 
myself, 1, 34, 16 
expression, 1, 57, 16 
enough, 0, 37, 14 
however, 0, 41, 14 
wanted, 0, 35, 14 
throne, 0, 30, 14 
turned, 0, 30, 14 
silence, 0, 33, 14 
cannot, 0, 32, 14 
indeed, 0, 33, 14 
exclaimed, 0, 49, 14 
length, 0, 29, 14 
ladies, 0, 28, 14 
smiling, 0, 33, 14 
whispered, 0, 50, 14 
seemed, 0, 39, 14 
toward, 0, 32, 14 
thoughts, 0, 41, 14 
opened, 0, 37, 14 
trembling, 0, 44, 14 
howards, 0, 41, 14 
everything, 0, 49, 14 
bishop, 0, 32, 14 
brother, 0, 33, 14 
suddenly, 0, 44, 14 
presence, 0, 45, 14 
beloved, 0, 38, 14 
future, 0, 26, 14 
breast, 0, 29, 14 
raised, 0, 29, 14 
present, 0, 35, 14 
sister, 0, 24, 14 
muttered, 0, 42, 14 
footnote, 0, 38, 14 
called, 0, 28, 14 
tender, 0, 30, 14 
almost, 0, 31, 14 
seymours, 0, 47, 14 
courage, 0, 39, 14 
danger, 0, 34, 14 
palace, 0, 32, 14 
henrys, 0, 32, 14 
around, 0, 34, 14 
rosette, 0, 31, 14 
catharines, 0, 49, 14 
wholly, 0, 30, 14 
solemnly, 0, 43, 14 
smiled, 0, 31, 14 
servant, 0, 34, 14 
dangerous, 0, 52, 14 
condemned, 0, 58, 14 
return, 0, 27, 14 
project, 0, 31, 14 
really, 0, 25, 14 
accused, 0, 40, 14 
silent, 0, 24, 14 
entered, 0, 36, 14 
faithful, 0, 30, 14 
shoulder, 0, 42, 14 
delight, 0, 31, 14 
murmured, 0, 50, 14 
chapter, 0, 35, 14 
innocent, 0, 41, 14 
enemies, 0, 41, 14 
nobody, 0, 36, 14 
priest, 0, 25, 14 
richmond, 0, 45, 14 
friends, 0, 31, 14 
another, 0, 36, 14 
gammer, 0, 40, 14 
pressed, 0, 38, 14 
breath, 0, 30, 14 
continued, 0, 47, 14 
cheeks, 0, 34, 14 
standing, 0, 41, 14 
chamber, 0, 42, 14 
haughty, 0, 38, 14 
eighth, 0, 29, 14 
command, 0, 48, 14 
pardon, 0, 34, 14 
follow, 0, 27, 14 
consort, 0, 34, 14 
receive, 0, 34, 14 
bright, 0, 26, 14 
account, 0, 37, 14 
powerful, 0, 41, 14 
accuse, 0, 34, 14 
wished, 0, 34, 14 
heretics, 0, 37, 14 
archbishop, 0, 53, 14 
heaven, 0, 36, 14 
justice, 0, 29, 14 
repeated, 0, 43, 14 
trembled, 0, 42, 14 
themselves, 0, 54, 14 
traitor, 0, 25, 14 
laughed, 0, 39, 14 
norfolk, 0, 31, 14 
boleyn, 0, 32, 14 
sacred, 0, 32, 14 
pleasure, 0, 42, 14 
things, 0, 28, 14 
person, 0, 33, 14 
apartments, 0, 53, 14 
perfectly, 0, 39, 14 
remain, 0, 33, 14 
understand, 0, 54, 14 
passed, 0, 35, 14 
obliged, 0, 35, 14 
crimson, 0, 37, 14 
anguish, 0, 38, 14 
observed, 0, 45, 14 
softly, 0, 23, 14 
certain, 0, 31, 14 
gracious, 0, 41, 14 
thereby, 0, 35, 14 
charming, 0, 45, 14 
received, 0, 41, 14 
nevertheless, 0, 60, 14 
uttered, 0, 32, 14 
punish, 0, 32, 14 
forgive, 0, 31, 14 
disgrace, 0, 41, 14 
letter, 0, 22, 14 
service, 0, 33, 14 
passionate, 0, 52, 14 
brought, 0, 36, 14 
courtiers, 0, 40, 14 
virtue, 0, 25, 14 
marriage, 0, 43, 14 
scarcely, 0, 39, 14 
sacrifice, 0, 38, 14 
tremble, 0, 35, 14 
exalted, 0, 34, 14 
hearts, 0, 29, 14 
guilty, 0, 24, 14 
either, 0, 26, 14 
remained, 0, 46, 14 
gutenberg, 0, 49, 14 
concealed, 0, 50, 14 
besides, 0, 37, 14 
having, 0, 32, 14 
filled, 0, 21, 14 
rapture, 0, 33, 14 
compassion, 0, 58, 14 
flashing, 0, 37, 14 
brilliant, 0, 33, 14 
forward, 0, 35, 14 
 , -1, 4, 16 
