# tag, weight, width (pixels), height(pixels)
# last tag is white space (fake)
#after sentinel the data may be repeated for alt fonts
before, 9, 104, 38 
little, 9, 68, 38 
seemed, 9, 127, 38 
through, 8, 123, 36 
sylvestre, 6, 110, 30 
without, 6, 93, 30 
another, 5, 80, 27 
paimpol, 5, 82, 27 
iceland, 5, 74, 27 
things, 4, 58, 23 
almost, 4, 63, 23 
sailors, 4, 63, 23 
nothing, 3, 59, 20 
always, 3, 55, 20 
looked, 3, 53, 20 
remained, 3, 75, 20 
together, 2, 58, 17 
thought, 2, 53, 17 
chapter, 2, 53, 17 
others, 2, 44, 17 
towards, 2, 56, 17 
return, 1, 33, 15 
against, 1, 42, 15 
between, 1, 48, 15 
around, 1, 39, 15 
herself, 1, 39, 15 
evening, 1, 45, 15 
passed, 1, 42, 15 
already, 1, 42, 15 
morning, 1, 46, 15 
appeared, 1, 53, 15 
rather, 1, 33, 15 
granny, 1, 39, 15 
father, 1, 33, 15 
having, 1, 38, 15 
suddenly, 1, 52, 15 
country, 0, 38, 11 
returned, 0, 43, 11 
though, 0, 36, 11 
become, 0, 40, 11 
project, 0, 35, 11 
himself, 0, 36, 11 
ploubazlanec, 0, 68, 11 
behind, 0, 35, 11 
turned, 0, 33, 11 
moment, 0, 40, 11 
feeling, 0, 35, 11 
because, 0, 44, 11 
slowly, 0, 30, 11 
looking, 0, 37, 11 
distance, 0, 43, 11 
 , -1, 4, 16 
before, 9, 159, 36 
little, 9, 127, 36 
seemed, 9, 180, 36 
through, 8, 174, 32 
sylvestre, 6, 165, 27 
without, 6, 136, 27 
another, 5, 120, 23 
paimpol, 5, 124, 23 
iceland, 5, 116, 23 
things, 4, 78, 20 
almost, 4, 83, 20 
sailors, 4, 87, 20 
nothing, 3, 81, 17 
always, 3, 74, 17 
looked, 3, 72, 17 
remained, 3, 99, 17 
together, 2, 71, 15 
thought, 2, 64, 15 
chapter, 2, 64, 15 
others, 2, 54, 15 
towards, 2, 66, 15 
return, 1, 39, 11 
against, 1, 48, 11 
between, 1, 54, 11 
around, 1, 45, 11 
herself, 1, 45, 11 
evening, 1, 51, 11 
passed, 1, 46, 11 
already, 1, 48, 11 
morning, 1, 51, 11 
appeared, 1, 61, 11 
rather, 1, 39, 11 
granny, 1, 44, 11 
father, 1, 39, 11 
having, 1, 43, 11 
suddenly, 1, 58, 11 
country, 0, 45, 10 
returned, 0, 50, 10 
though, 0, 40, 10 
become, 0, 44, 10 
project, 0, 42, 10 
himself, 0, 43, 10 
ploubazlanec, 0, 78, 10 
behind, 0, 39, 10 
turned, 0, 38, 10 
moment, 0, 44, 10 
feeling, 0, 41, 10 
because, 0, 49, 10 
slowly, 0, 37, 10 
looking, 0, 43, 10 
distance, 0, 51, 10 
 , -1, 4, 16 
before, 9, 99, 44 
little, 9, 58, 44 
seemed, 9, 128, 44 
through, 8, 113, 41 
sylvestre, 6, 105, 33 
without, 6, 85, 33 
another, 5, 87, 31 
paimpol, 5, 89, 31 
iceland, 5, 80, 31 
things, 4, 46, 25 
almost, 4, 52, 25 
sailors, 4, 49, 25 
nothing, 3, 51, 22 
always, 3, 48, 22 
looked, 3, 46, 22 
remained, 3, 67, 22 
together, 2, 47, 19 
thought, 2, 42, 19 
chapter, 2, 43, 19 
others, 2, 36, 19 
towards, 2, 46, 19 
return, 1, 31, 16 
against, 1, 38, 16 
between, 1, 46, 16 
around, 1, 38, 16 
herself, 1, 35, 16 
evening, 1, 42, 16 
passed, 1, 39, 16 
already, 1, 39, 16 
morning, 1, 44, 16 
appeared, 1, 51, 16 
rather, 1, 31, 16 
granny, 1, 37, 16 
father, 1, 30, 16 
having, 1, 35, 16 
suddenly, 1, 47, 16 
country, 0, 34, 14 
returned, 0, 40, 14 
though, 0, 33, 14 
become, 0, 39, 14 
project, 0, 31, 14 
himself, 0, 33, 14 
ploubazlanec, 0, 64, 14 
behind, 0, 33, 14 
turned, 0, 30, 14 
moment, 0, 39, 14 
feeling, 0, 31, 14 
because, 0, 41, 14 
slowly, 0, 29, 14 
looking, 0, 34, 14 
distance, 0, 40, 14 
 , -1, 4, 16 
