# tag, weight, width (pixels), height(pixels)
# last tag is white space (fake)
#after sentinel the data may be repeated for alt fonts
before, 9, 104, 38 
little, 9, 68, 38 
seemed, 9, 127, 38 
through, 7, 111, 32 
sylvestre, 5, 94, 27 
without, 4, 68, 23 
another, 4, 73, 23 
paimpol, 3, 63, 20 
iceland, 3, 57, 20 
things, 2, 43, 17 
almost, 1, 39, 15 
sailors, 1, 38, 15 
nothing, 1, 42, 15 
always, 1, 40, 15 
looked, 0, 34, 11 
remained, 0, 47, 11 
together, 0, 43, 11 
thought, 0, 40, 11 
chapter, 0, 39, 11 
others, 0, 32, 11 
-1towards, 0, 50, 11 
 , -1, 4, 16 
before, 9, 159, 36 
little, 9, 127, 36 
seemed, 9, 180, 36 
through, 7, 155, 30 
sylvestre, 5, 147, 23 
without, 4, 92, 20 
another, 4, 96, 20 
paimpol, 3, 85, 17 
iceland, 3, 80, 17 
things, 2, 53, 15 
almost, 1, 42, 11 
sailors, 1, 43, 11 
nothing, 1, 49, 11 
always, 1, 43, 11 
looked, 0, 39, 10 
remained, 0, 53, 10 
together, 0, 50, 10 
thought, 0, 45, 10 
chapter, 0, 45, 10 
others, 0, 38, 10 
-1towards, 0, 58, 10 
 , -1, 4, 16 
before, 9, 99, 44 
little, 9, 58, 44 
seemed, 9, 128, 44 
through, 7, 102, 38 
sylvestre, 5, 98, 31 
without, 4, 55, 25 
another, 4, 59, 25 
paimpol, 3, 55, 22 
iceland, 3, 48, 22 
things, 2, 34, 19 
almost, 1, 35, 16 
sailors, 1, 33, 16 
nothing, 1, 39, 16 
always, 1, 36, 16 
looked, 0, 32, 14 
remained, 0, 46, 14 
together, 0, 39, 14 
thought, 0, 35, 14 
chapter, 0, 35, 14 
others, 0, 29, 14 
-1towards, 0, 47, 14 
 , -1, 4, 16 
