# tag, weight, width (pixels), height(pixels)
# last tag is white space (fake)
#after sentinel the data may be repeated for alt fonts
before, 9, 104, 38 
little, 9, 68, 38 
seemed, 9, 127, 38 
through, 8, 123, 36 
sylvestre, 7, 125, 32 
without, 6, 93, 30 
another, 6, 95, 30 
paimpol, 5, 82, 27 
iceland, 5, 74, 27 
things, 5, 63, 27 
almost, 4, 63, 23 
sailors, 4, 63, 23 
nothing, 4, 71, 23 
always, 4, 66, 23 
looked, 3, 53, 20 
remained, 3, 75, 20 
together, 3, 66, 20 
thought, 3, 60, 20 
chapter, 3, 60, 20 
others, 3, 50, 20 
towards, 2, 56, 17 
return, 2, 41, 17 
against, 2, 52, 17 
between, 2, 61, 17 
around, 2, 50, 17 
herself, 2, 48, 17 
evening, 2, 57, 17 
passed, 2, 52, 17 
already, 2, 53, 17 
morning, 2, 58, 17 
appeared, 2, 68, 17 
rather, 2, 41, 17 
granny, 2, 49, 17 
father, 2, 40, 17 
having, 2, 48, 17 
suddenly, 2, 65, 17 
country, 1, 43, 15 
returned, 1, 47, 15 
though, 1, 39, 15 
become, 1, 46, 15 
project, 1, 39, 15 
himself, 1, 42, 15 
ploubazlanec, 1, 76, 15 
behind, 1, 38, 15 
turned, 1, 36, 15 
moment, 1, 47, 15 
feeling, 1, 38, 15 
because, 1, 49, 15 
slowly, 0, 30, 11 
looking, 0, 37, 11 
distance, 0, 43, 11 
icelanders, 0, 52, 11 
became, 0, 40, 11 
fishing, 0, 34, 11 
during, 0, 32, 11 
horizon, 0, 38, 11 
themselves, 0, 57, 11 
perhaps, 0, 42, 11 
present, 0, 39, 11 
weather, 0, 41, 11 
enough, 0, 39, 11 
something, 0, 53, 11 
strength, 0, 42, 11 
course, 0, 34, 11 
fishers, 0, 34, 11 
falling, 0, 31, 11 
brought, 0, 40, 11 
people, 0, 35, 11 
wedding, 0, 43, 11 
letters, 0, 32, 11 
french, 0, 32, 11 
nature, 0, 33, 11 
longer, 0, 32, 11 
simple, 0, 32, 11 
winter, 0, 30, 11 
everything, 0, 53, 11 
called, 0, 30, 11 
porseven, 0, 47, 11 
gutenberg, 0, 53, 11 
understand, 0, 58, 11 
beautiful, 0, 45, 11 
itself, 0, 24, 11 
granite, 0, 36, 11 
brittany, 0, 38, 11 
really, 0, 27, 11 
sailor, 0, 27, 11 
sometimes, 0, 54, 11 
strong, 0, 32, 11 
carried, 0, 35, 11 
although, 0, 45, 11 
summer, 0, 39, 11 
breton, 0, 33, 11 
window, 0, 37, 11 
continued, 0, 51, 11 
yvonne, 0, 37, 11 
straight, 0, 38, 11 
outside, 0, 38, 11 
waters, 0, 33, 11 
silence, 0, 36, 11 
quickly, 0, 35, 11 
leopoldine, 0, 53, 11 
 , -1, 4, 16 
before, 9, 159, 36 
little, 9, 127, 36 
seemed, 9, 180, 36 
through, 8, 174, 32 
sylvestre, 7, 182, 30 
without, 6, 136, 27 
another, 6, 137, 27 
paimpol, 5, 124, 23 
iceland, 5, 116, 23 
things, 5, 100, 23 
almost, 4, 83, 20 
sailors, 4, 87, 20 
nothing, 4, 94, 20 
always, 4, 85, 20 
looked, 3, 72, 17 
remained, 3, 99, 17 
together, 3, 90, 17 
thought, 3, 81, 17 
chapter, 3, 81, 17 
others, 3, 68, 17 
towards, 2, 66, 15 
return, 2, 51, 15 
against, 2, 63, 15 
between, 2, 69, 15 
around, 2, 57, 15 
herself, 2, 60, 15 
evening, 2, 66, 15 
passed, 2, 60, 15 
already, 2, 63, 15 
morning, 2, 67, 15 
appeared, 2, 77, 15 
rather, 2, 51, 15 
granny, 2, 57, 15 
father, 2, 51, 15 
having, 2, 56, 15 
suddenly, 2, 76, 15 
country, 1, 48, 11 
returned, 1, 55, 11 
though, 1, 45, 11 
become, 1, 49, 11 
project, 1, 45, 11 
himself, 1, 46, 11 
ploubazlanec, 1, 86, 11 
behind, 1, 44, 11 
turned, 1, 42, 11 
moment, 1, 49, 11 
feeling, 1, 45, 11 
because, 1, 54, 11 
slowly, 0, 37, 10 
looking, 0, 43, 10 
distance, 0, 51, 10 
icelanders, 0, 62, 10 
became, 0, 44, 10 
fishing, 0, 41, 10 
during, 0, 37, 10 
horizon, 0, 44, 10 
themselves, 0, 67, 10 
perhaps, 0, 47, 10 
present, 0, 45, 10 
weather, 0, 46, 10 
enough, 0, 42, 10 
something, 0, 60, 10 
strength, 0, 50, 10 
course, 0, 40, 10 
fishers, 0, 42, 10 
falling, 0, 38, 10 
brought, 0, 45, 10 
people, 0, 39, 10 
wedding, 0, 47, 10 
letters, 0, 40, 10 
french, 0, 38, 10 
nature, 0, 38, 10 
longer, 0, 37, 10 
simple, 0, 38, 10 
winter, 0, 36, 10 
everything, 0, 63, 10 
called, 0, 36, 10 
porseven, 0, 54, 10 
gutenberg, 0, 59, 10 
understand, 0, 66, 10 
beautiful, 0, 53, 10 
itself, 0, 32, 10 
granite, 0, 42, 10 
brittany, 0, 47, 10 
really, 0, 34, 10 
sailor, 0, 34, 10 
sometimes, 0, 62, 10 
strong, 0, 38, 10 
carried, 0, 42, 10 
although, 0, 51, 10 
summer, 0, 44, 10 
breton, 0, 38, 10 
window, 0, 41, 10 
continued, 0, 58, 10 
yvonne, 0, 42, 10 
straight, 0, 47, 10 
outside, 0, 44, 10 
waters, 0, 39, 10 
silence, 0, 43, 10 
quickly, 0, 43, 10 
leopoldine, 0, 61, 10 
 , -1, 4, 16 
before, 9, 99, 44 
little, 9, 58, 44 
seemed, 9, 128, 44 
through, 8, 113, 41 
sylvestre, 7, 118, 38 
without, 6, 85, 33 
another, 6, 92, 33 
paimpol, 5, 89, 31 
iceland, 5, 80, 31 
things, 5, 68, 31 
almost, 4, 52, 25 
sailors, 4, 49, 25 
nothing, 4, 57, 25 
always, 4, 55, 25 
looked, 3, 46, 22 
remained, 3, 67, 22 
together, 3, 58, 22 
thought, 3, 53, 22 
chapter, 3, 53, 22 
others, 3, 44, 22 
towards, 2, 46, 19 
return, 2, 33, 19 
against, 2, 41, 19 
between, 2, 49, 19 
around, 2, 40, 19 
herself, 2, 38, 19 
evening, 2, 45, 19 
passed, 2, 43, 19 
already, 2, 42, 19 
morning, 2, 47, 19 
appeared, 2, 55, 19 
rather, 2, 33, 19 
granny, 2, 40, 19 
father, 2, 32, 19 
having, 2, 38, 19 
suddenly, 2, 53, 19 
country, 1, 39, 16 
returned, 1, 44, 16 
though, 1, 37, 16 
become, 1, 44, 16 
project, 1, 35, 16 
himself, 1, 37, 16 
ploubazlanec, 1, 70, 16 
behind, 1, 36, 16 
turned, 1, 34, 16 
moment, 1, 45, 16 
feeling, 1, 34, 16 
because, 1, 46, 16 
slowly, 0, 29, 14 
looking, 0, 34, 14 
distance, 0, 40, 14 
icelanders, 0, 49, 14 
became, 0, 39, 14 
fishing, 0, 30, 14 
during, 0, 30, 14 
horizon, 0, 35, 14 
themselves, 0, 54, 14 
perhaps, 0, 39, 14 
present, 0, 35, 14 
weather, 0, 38, 14 
enough, 0, 37, 14 
something, 0, 50, 14 
strength, 0, 38, 14 
course, 0, 32, 14 
fishers, 0, 30, 14 
falling, 0, 27, 14 
brought, 0, 36, 14 
people, 0, 33, 14 
wedding, 0, 41, 14 
letters, 0, 27, 14 
french, 0, 29, 14 
nature, 0, 30, 14 
longer, 0, 30, 14 
simple, 0, 31, 14 
winter, 0, 28, 14 
everything, 0, 49, 14 
called, 0, 28, 14 
porseven, 0, 45, 14 
gutenberg, 0, 49, 14 
understand, 0, 54, 14 
beautiful, 0, 40, 14 
itself, 0, 20, 14 
granite, 0, 32, 14 
brittany, 0, 34, 14 
really, 0, 25, 14 
sailor, 0, 25, 14 
sometimes, 0, 52, 14 
strong, 0, 29, 14 
carried, 0, 32, 14 
although, 0, 42, 14 
summer, 0, 39, 14 
breton, 0, 30, 14 
window, 0, 37, 14 
continued, 0, 47, 14 
yvonne, 0, 35, 14 
straight, 0, 34, 14 
outside, 0, 34, 14 
waters, 0, 31, 14 
silence, 0, 33, 14 
quickly, 0, 32, 14 
leopoldine, 0, 50, 14 
 , -1, 4, 16 
