# tag, weight, width (pixels), height(pixels)
# last tag is white space (fake)
#after sentinel the data may be repeated for alt fonts
before, 9, 104, 38 
little, 9, 68, 38 
seemed, 9, 127, 38 
through, 8, 123, 36 
sylvestre, 7, 125, 32 
without, 6, 93, 30 
another, 6, 95, 30 
paimpol, 6, 99, 30 
iceland, 6, 88, 30 
things, 5, 63, 27 
almost, 5, 70, 27 
sailors, 5, 68, 27 
nothing, 4, 71, 23 
always, 4, 66, 23 
looked, 4, 64, 23 
remained, 4, 89, 23 
together, 4, 79, 23 
thought, 4, 72, 23 
chapter, 4, 72, 23 
others, 4, 60, 23 
towards, 3, 63, 20 
return, 3, 47, 20 
against, 3, 58, 20 
between, 2, 61, 17 
around, 2, 50, 17 
herself, 2, 48, 17 
evening, 2, 57, 17 
passed, 2, 52, 17 
already, 2, 53, 17 
morning, 2, 58, 17 
appeared, 2, 68, 17 
rather, 2, 41, 17 
granny, 2, 49, 17 
father, 2, 40, 17 
having, 2, 48, 17 
suddenly, 2, 65, 17 
country, 2, 52, 17 
returned, 2, 59, 17 
though, 2, 49, 17 
become, 2, 57, 17 
project, 2, 48, 17 
himself, 1, 42, 15 
ploubazlanec, 1, 76, 15 
behind, 1, 38, 15 
turned, 1, 36, 15 
moment, 1, 47, 15 
feeling, 1, 38, 15 
because, 1, 49, 15 
slowly, 1, 36, 15 
looking, 1, 41, 15 
distance, 1, 49, 15 
icelanders, 1, 59, 15 
became, 1, 46, 15 
fishing, 1, 38, 15 
during, 1, 35, 15 
horizon, 1, 42, 15 
themselves, 1, 67, 15 
perhaps, 1, 46, 15 
present, 1, 43, 15 
weather, 1, 45, 15 
enough, 1, 42, 15 
something, 1, 60, 15 
strength, 1, 47, 15 
course, 1, 39, 15 
fishers, 1, 39, 15 
falling, 1, 34, 15 
brought, 1, 43, 15 
people, 0, 35, 11 
wedding, 0, 43, 11 
letters, 0, 32, 11 
french, 0, 32, 11 
nature, 0, 33, 11 
longer, 0, 32, 11 
simple, 0, 32, 11 
winter, 0, 30, 11 
everything, 0, 53, 11 
called, 0, 30, 11 
porseven, 0, 47, 11 
gutenberg, 0, 53, 11 
understand, 0, 58, 11 
beautiful, 0, 45, 11 
itself, 0, 24, 11 
granite, 0, 36, 11 
brittany, 0, 38, 11 
really, 0, 27, 11 
sailor, 0, 27, 11 
sometimes, 0, 54, 11 
strong, 0, 32, 11 
carried, 0, 35, 11 
although, 0, 45, 11 
summer, 0, 39, 11 
breton, 0, 33, 11 
window, 0, 37, 11 
continued, 0, 51, 11 
yvonne, 0, 37, 11 
straight, 0, 38, 11 
outside, 0, 38, 11 
waters, 0, 33, 11 
silence, 0, 36, 11 
quickly, 0, 35, 11 
leopoldine, 0, 53, 11 
monsieur, 0, 46, 11 
brother, 0, 37, 11 
particular, 0, 47, 11 
impression, 0, 54, 11 
letter, 0, 26, 11 
second, 0, 37, 11 
pierre, 0, 29, 11 
anything, 0, 44, 11 
yellow, 0, 31, 11 
pretty, 0, 29, 11 
making, 0, 36, 11 
etexts, 0, 31, 11 
received, 0, 43, 11 
cottage, 0, 39, 11 
chinese, 0, 40, 11 
placed, 0, 34, 11 
rising, 0, 27, 11 
fisherman, 0, 50, 11 
family, 0, 29, 11 
thinking, 0, 40, 11 
indeed, 0, 35, 11 
grandmother, 0, 65, 11 
evenings, 0, 46, 11 
seeing, 0, 34, 11 
saying, 0, 33, 11 
season, 0, 37, 11 
cheeks, 0, 36, 11 
struck, 0, 30, 11 
notwithstanding, 0, 81, 11 
strange, 0, 39, 11 
fallen, 0, 28, 11 
clouds, 0, 33, 11 
flowers, 0, 36, 11 
remembered, 0, 63, 11 
beyond, 0, 38, 11 
smiled, 0, 32, 11 
narrow, 0, 34, 11 
tender, 0, 33, 11 
entered, 0, 40, 11 
filled, 0, 24, 11 
waiting, 0, 36, 11 
mademoiselle, 0, 69, 11 
spread, 0, 35, 11 
better, 0, 30, 11 
gloomy, 0, 36, 11 
marriage, 0, 44, 11 
mysterious, 0, 54, 11 
scarcely, 0, 41, 11 
chapel, 0, 34, 11 
passing, 0, 40, 11 
oclock, 0, 32, 11 
different, 0, 43, 11 
coming, 0, 36, 11 
midnight, 0, 43, 11 
lonely, 0, 30, 11 
answered, 0, 49, 11 
wished, 0, 35, 11 
breeze, 0, 35, 11 
thousand, 0, 48, 11 
stopped, 0, 42, 11 
sylvestres, 0, 50, 11 
children, 0, 40, 11 
covered, 0, 41, 11 
rushed, 0, 35, 11 
immense, 0, 45, 11 
walked, 0, 35, 11 
giving, 0, 30, 11 
depths, 0, 35, 11 
expression, 0, 55, 11 
thrown, 0, 34, 11 
grandson, 0, 48, 11 
august, 0, 35, 11 
shoulders, 0, 50, 11 
respect, 0, 38, 11 
besides, 0, 40, 11 
closed, 0, 33, 11 
distant, 0, 35, 11 
autumn, 0, 38, 11 
thoughts, 0, 45, 11 
movement, 0, 52, 11 
direction, 0, 44, 11 
written, 0, 34, 11 
mother, 0, 35, 11 
gaoses, 0, 37, 11 
beneath, 0, 43, 11 
sweetheart, 0, 56, 11 
virgin, 0, 27, 11 
arrived, 0, 35, 11 
fishermen, 0, 50, 11 
appear, 0, 36, 11 
listened, 0, 40, 11 
sitting, 0, 31, 11 
length, 0, 32, 11 
returning, 0, 46, 11 
captain, 0, 38, 11 
peculiar, 0, 40, 11 
rapidly, 0, 34, 11 
france, 0, 32, 11 
followed, 0, 42, 11 
standing, 0, 44, 11 
 , -1, 4, 16 
before, 9, 159, 36 
little, 9, 127, 36 
seemed, 9, 180, 36 
through, 8, 174, 32 
sylvestre, 7, 182, 30 
without, 6, 136, 27 
another, 6, 137, 27 
paimpol, 6, 142, 27 
iceland, 6, 132, 27 
things, 5, 100, 23 
almost, 5, 105, 23 
sailors, 5, 111, 23 
nothing, 4, 94, 20 
always, 4, 85, 20 
looked, 4, 83, 20 
remained, 4, 115, 20 
together, 4, 106, 20 
thought, 4, 95, 20 
chapter, 4, 95, 20 
others, 4, 80, 20 
towards, 3, 84, 17 
return, 3, 65, 17 
against, 3, 80, 17 
between, 2, 69, 15 
around, 2, 57, 15 
herself, 2, 60, 15 
evening, 2, 66, 15 
passed, 2, 60, 15 
already, 2, 63, 15 
morning, 2, 67, 15 
appeared, 2, 77, 15 
rather, 2, 51, 15 
granny, 2, 57, 15 
father, 2, 51, 15 
having, 2, 56, 15 
suddenly, 2, 76, 15 
country, 2, 64, 15 
returned, 2, 71, 15 
though, 2, 57, 15 
become, 2, 64, 15 
project, 2, 60, 15 
himself, 1, 46, 11 
ploubazlanec, 1, 86, 11 
behind, 1, 44, 11 
turned, 1, 42, 11 
moment, 1, 49, 11 
feeling, 1, 45, 11 
because, 1, 54, 11 
slowly, 1, 39, 11 
looking, 1, 47, 11 
distance, 1, 55, 11 
icelanders, 1, 67, 11 
became, 1, 49, 11 
fishing, 1, 44, 11 
during, 1, 41, 11 
horizon, 1, 48, 11 
themselves, 1, 72, 11 
perhaps, 1, 52, 11 
present, 1, 49, 11 
weather, 1, 51, 11 
enough, 1, 48, 11 
something, 1, 66, 11 
strength, 1, 54, 11 
course, 1, 43, 11 
fishers, 1, 44, 11 
falling, 1, 41, 11 
brought, 1, 50, 11 
people, 0, 39, 10 
wedding, 0, 47, 10 
letters, 0, 40, 10 
french, 0, 38, 10 
nature, 0, 38, 10 
longer, 0, 37, 10 
simple, 0, 38, 10 
winter, 0, 36, 10 
everything, 0, 63, 10 
called, 0, 36, 10 
porseven, 0, 54, 10 
gutenberg, 0, 59, 10 
understand, 0, 66, 10 
beautiful, 0, 53, 10 
itself, 0, 32, 10 
granite, 0, 42, 10 
brittany, 0, 47, 10 
really, 0, 34, 10 
sailor, 0, 34, 10 
sometimes, 0, 62, 10 
strong, 0, 38, 10 
carried, 0, 42, 10 
although, 0, 51, 10 
summer, 0, 44, 10 
breton, 0, 38, 10 
window, 0, 41, 10 
continued, 0, 58, 10 
yvonne, 0, 42, 10 
straight, 0, 47, 10 
outside, 0, 44, 10 
waters, 0, 39, 10 
silence, 0, 43, 10 
quickly, 0, 43, 10 
leopoldine, 0, 61, 10 
monsieur, 0, 53, 10 
brother, 0, 43, 10 
particular, 0, 58, 10 
impression, 0, 64, 10 
letter, 0, 33, 10 
second, 0, 42, 10 
pierre, 0, 35, 10 
anything, 0, 51, 10 
yellow, 0, 37, 10 
pretty, 0, 36, 10 
making, 0, 41, 10 
etexts, 0, 38, 10 
received, 0, 51, 10 
cottage, 0, 45, 10 
chinese, 0, 46, 10 
placed, 0, 39, 10 
rising, 0, 34, 10 
fisherman, 0, 58, 10 
family, 0, 36, 10 
thinking, 0, 48, 10 
indeed, 0, 39, 10 
grandmother, 0, 73, 10 
evenings, 0, 53, 10 
seeing, 0, 39, 10 
saying, 0, 39, 10 
season, 0, 42, 10 
cheeks, 0, 42, 10 
struck, 0, 38, 10 
notwithstanding, 0, 94, 10 
strange, 0, 45, 10 
fallen, 0, 34, 10 
clouds, 0, 39, 10 
flowers, 0, 43, 10 
remembered, 0, 70, 10 
beyond, 0, 42, 10 
smiled, 0, 38, 10 
narrow, 0, 39, 10 
tender, 0, 38, 10 
entered, 0, 45, 10 
filled, 0, 31, 10 
waiting, 0, 42, 10 
mademoiselle, 0, 79, 10 
spread, 0, 40, 10 
better, 0, 36, 10 
gloomy, 0, 41, 10 
marriage, 0, 51, 10 
mysterious, 0, 65, 10 
scarcely, 0, 51, 10 
chapel, 0, 39, 10 
passing, 0, 46, 10 
oclock, 0, 39, 10 
different, 0, 52, 10 
coming, 0, 41, 10 
midnight, 0, 50, 10 
lonely, 0, 36, 10 
answered, 0, 55, 10 
wished, 0, 40, 10 
breeze, 0, 40, 10 
thousand, 0, 54, 10 
stopped, 0, 47, 10 
sylvestres, 0, 63, 10 
children, 0, 48, 10 
covered, 0, 47, 10 
rushed, 0, 40, 10 
immense, 0, 50, 10 
walked, 0, 40, 10 
giving, 0, 36, 10 
depths, 0, 40, 10 
expression, 0, 65, 10 
thrown, 0, 39, 10 
grandson, 0, 54, 10 
august, 0, 40, 10 
shoulders, 0, 58, 10 
respect, 0, 45, 10 
besides, 0, 46, 10 
closed, 0, 39, 10 
distant, 0, 42, 10 
autumn, 0, 42, 10 
thoughts, 0, 52, 10 
movement, 0, 58, 10 
direction, 0, 53, 10 
written, 0, 41, 10 
mother, 0, 40, 10 
gaoses, 0, 42, 10 
beneath, 0, 47, 10 
sweetheart, 0, 65, 10 
virgin, 0, 34, 10 
arrived, 0, 42, 10 
fishermen, 0, 58, 10 
appear, 0, 40, 10 
listened, 0, 48, 10 
sitting, 0, 39, 10 
length, 0, 37, 10 
returning, 0, 54, 10 
captain, 0, 44, 10 
peculiar, 0, 48, 10 
rapidly, 0, 41, 10 
france, 0, 38, 10 
followed, 0, 49, 10 
standing, 0, 51, 10 
 , -1, 4, 16 
before, 9, 99, 44 
little, 9, 58, 44 
seemed, 9, 128, 44 
through, 8, 113, 41 
sylvestre, 7, 118, 38 
without, 6, 85, 33 
another, 6, 92, 33 
paimpol, 6, 96, 33 
iceland, 6, 86, 33 
things, 5, 68, 31 
almost, 5, 75, 31 
sailors, 5, 71, 31 
nothing, 4, 57, 25 
always, 4, 55, 25 
looked, 4, 52, 25 
remained, 4, 74, 25 
together, 4, 63, 25 
thought, 4, 58, 25 
chapter, 4, 58, 25 
others, 4, 48, 25 
towards, 3, 56, 22 
return, 3, 41, 22 
against, 3, 50, 22 
between, 2, 49, 19 
around, 2, 40, 19 
herself, 2, 38, 19 
evening, 2, 45, 19 
passed, 2, 43, 19 
already, 2, 42, 19 
morning, 2, 47, 19 
appeared, 2, 55, 19 
rather, 2, 33, 19 
granny, 2, 40, 19 
father, 2, 32, 19 
having, 2, 38, 19 
suddenly, 2, 53, 19 
country, 2, 43, 19 
returned, 2, 48, 19 
though, 2, 39, 19 
become, 2, 48, 19 
project, 2, 38, 19 
himself, 1, 37, 16 
ploubazlanec, 1, 70, 16 
behind, 1, 36, 16 
turned, 1, 34, 16 
moment, 1, 45, 16 
feeling, 1, 34, 16 
because, 1, 46, 16 
slowly, 1, 31, 16 
looking, 1, 37, 16 
distance, 1, 43, 16 
icelanders, 1, 53, 16 
became, 1, 44, 16 
fishing, 1, 33, 16 
during, 1, 33, 16 
horizon, 1, 39, 16 
themselves, 1, 60, 16 
perhaps, 1, 44, 16 
present, 1, 40, 16 
weather, 1, 43, 16 
enough, 1, 41, 16 
something, 1, 55, 16 
strength, 1, 42, 16 
course, 1, 36, 16 
fishers, 1, 34, 16 
falling, 1, 29, 16 
brought, 1, 41, 16 
people, 0, 33, 14 
wedding, 0, 41, 14 
letters, 0, 27, 14 
french, 0, 29, 14 
nature, 0, 30, 14 
longer, 0, 30, 14 
simple, 0, 31, 14 
winter, 0, 28, 14 
everything, 0, 49, 14 
called, 0, 28, 14 
porseven, 0, 45, 14 
gutenberg, 0, 49, 14 
understand, 0, 54, 14 
beautiful, 0, 40, 14 
itself, 0, 20, 14 
granite, 0, 32, 14 
brittany, 0, 34, 14 
really, 0, 25, 14 
sailor, 0, 25, 14 
sometimes, 0, 52, 14 
strong, 0, 29, 14 
carried, 0, 32, 14 
although, 0, 42, 14 
summer, 0, 39, 14 
breton, 0, 30, 14 
window, 0, 37, 14 
continued, 0, 47, 14 
yvonne, 0, 35, 14 
straight, 0, 34, 14 
outside, 0, 34, 14 
waters, 0, 31, 14 
silence, 0, 33, 14 
quickly, 0, 32, 14 
leopoldine, 0, 50, 14 
monsieur, 0, 45, 14 
brother, 0, 33, 14 
particular, 0, 43, 14 
impression, 0, 52, 14 
letter, 0, 22, 14 
second, 0, 35, 14 
pierre, 0, 27, 14 
anything, 0, 41, 14 
yellow, 0, 30, 14 
pretty, 0, 25, 14 
making, 0, 35, 14 
etexts, 0, 27, 14 
received, 0, 41, 14 
cottage, 0, 34, 14 
chinese, 0, 37, 14 
placed, 0, 32, 14 
rising, 0, 25, 14 
fisherman, 0, 47, 14 
family, 0, 27, 14 
thinking, 0, 37, 14 
indeed, 0, 33, 14 
grandmother, 0, 61, 14 
evenings, 0, 44, 14 
seeing, 0, 32, 14 
saying, 0, 31, 14 
season, 0, 35, 14 
cheeks, 0, 34, 14 
struck, 0, 27, 14 
notwithstanding, 0, 74, 14 
strange, 0, 35, 14 
fallen, 0, 25, 14 
clouds, 0, 31, 14 
flowers, 0, 33, 14 
remembered, 0, 62, 14 
beyond, 0, 36, 14 
smiled, 0, 31, 14 
narrow, 0, 33, 14 
tender, 0, 30, 14 
entered, 0, 36, 14 
filled, 0, 21, 14 
waiting, 0, 33, 14 
mademoiselle, 0, 67, 14 
spread, 0, 33, 14 
better, 0, 26, 14 
gloomy, 0, 35, 14 
marriage, 0, 43, 14 
mysterious, 0, 51, 14 
scarcely, 0, 39, 14 
chapel, 0, 32, 14 
passing, 0, 37, 14 
oclock, 0, 30, 14 
different, 0, 37, 14 
coming, 0, 35, 14 
midnight, 0, 41, 14 
lonely, 0, 28, 14 
answered, 0, 48, 14 
wished, 0, 34, 14 
breeze, 0, 33, 14 
thousand, 0, 45, 14 
stopped, 0, 38, 14 
sylvestres, 0, 46, 14 
children, 0, 38, 14 
covered, 0, 38, 14 
rushed, 0, 33, 14 
immense, 0, 44, 14 
walked, 0, 34, 14 
giving, 0, 28, 14 
depths, 0, 32, 14 
expression, 0, 52, 14 
thrown, 0, 32, 14 
grandson, 0, 46, 14 
august, 0, 32, 14 
shoulders, 0, 47, 14 
respect, 0, 34, 14 
besides, 0, 37, 14 
closed, 0, 31, 14 
distant, 0, 30, 14 
autumn, 0, 36, 14 
thoughts, 0, 41, 14 
movement, 0, 51, 14 
direction, 0, 40, 14 
written, 0, 30, 14 
mother, 0, 33, 14 
gaoses, 0, 35, 14 
beneath, 0, 39, 14 
sweetheart, 0, 52, 14 
virgin, 0, 25, 14 
arrived, 0, 32, 14 
fishermen, 0, 47, 14 
appear, 0, 34, 14 
listened, 0, 37, 14 
sitting, 0, 26, 14 
length, 0, 29, 14 
returning, 0, 42, 14 
captain, 0, 34, 14 
peculiar, 0, 38, 14 
rapidly, 0, 31, 14 
france, 0, 29, 14 
followed, 0, 40, 14 
standing, 0, 41, 14 
 , -1, 4, 16 
