# tag, weight, width (pixels), height(pixels)
# last tag is white space (fake)
#after sentinel the data may be repeated for alt fonts
president, 9, 153, 38 
states, 8, 94, 36 
american, 8, 141, 36 
united, 6, 78, 30 
jefferson, 5, 91, 27 
british, 5, 63, 27 
madison, 2, 61, 17 
government, 2, 84, 17 
should, 2, 48, 17 
congress, 1, 53, 15 
spanish, 1, 45, 15 
monroe, 1, 43, 15 
louisiana, 1, 51, 15 
england, 0, 42, 11 
administration, 0, 71, 11 
gallatin, 0, 37, 11 
florida, 0, 32, 11 
without, 0, 37, 11 
france, 0, 32, 11 
secretary, 0, 47, 11 
himself, 0, 36, 11 
 , -1, 4, 16 
president, 9, 236, 36 
states, 8, 138, 32 
american, 8, 199, 32 
united, 6, 115, 27 
jefferson, 5, 144, 23 
british, 5, 107, 23 
madison, 2, 70, 15 
government, 2, 98, 15 
should, 2, 56, 15 
congress, 1, 58, 11 
spanish, 1, 50, 11 
monroe, 1, 47, 11 
louisiana, 1, 59, 11 
england, 0, 46, 10 
administration, 0, 85, 10 
gallatin, 0, 45, 10 
florida, 0, 39, 10 
without, 0, 43, 10 
france, 0, 38, 10 
secretary, 0, 57, 10 
himself, 0, 43, 10 
 , -1, 4, 16 
president, 9, 143, 44 
states, 8, 88, 41 
american, 8, 138, 41 
united, 6, 73, 33 
jefferson, 5, 96, 31 
british, 5, 65, 31 
madison, 2, 50, 19 
government, 2, 70, 19 
should, 2, 38, 19 
congress, 1, 48, 16 
spanish, 1, 41, 16 
monroe, 1, 42, 16 
louisiana, 1, 45, 16 
england, 0, 39, 14 
administration, 0, 66, 14 
gallatin, 0, 34, 14 
florida, 0, 28, 14 
without, 0, 33, 14 
france, 0, 29, 14 
secretary, 0, 43, 14 
himself, 0, 33, 14 
 , -1, 4, 16 
