# tag, weight, width (pixels), height(pixels)
# last tag is white space (fake)
#after sentinel the data may be repeated for alt fonts
president, 9, 153, 38 
states, 9, 98, 38 
american, 8, 141, 36 
united, 7, 88, 32 
jefferson, 6, 109, 30 
british, 5, 63, 27 
madison, 3, 68, 20 
government, 3, 95, 20 
should, 3, 53, 20 
congress, 2, 65, 17 
spanish, 2, 56, 17 
monroe, 2, 54, 17 
louisiana, 2, 65, 17 
england, 1, 45, 15 
administration, 1, 81, 15 
gallatin, 1, 41, 15 
florida, 1, 35, 15 
without, 1, 41, 15 
france, 1, 36, 15 
secretary, 1, 54, 15 
himself, 1, 42, 15 
against, 1, 42, 15 
general, 0, 39, 11 
country, 0, 38, 11 
french, 0, 32, 11 
treaty, 0, 29, 11 
little, 0, 21, 11 
history, 0, 34, 11 
policy, 0, 29, 11 
territory, 0, 39, 11 
washington, 0, 58, 11 
public, 0, 30, 11 
mississippi, 0, 54, 11 
indeed, 0, 35, 11 
people, 0, 35, 11 
britain, 0, 32, 11 
political, 0, 39, 11 
before, 0, 33, 11 
another, 0, 40, 11 
between, 0, 44, 11 
seemed, 0, 40, 11 
through, 0, 40, 11 
presidents, 0, 53, 11 
however, 0, 43, 11 
minister, 0, 39, 11 
europe, 0, 36, 11 
foreign, 0, 36, 11 
message, 0, 46, 11 
floridas, 0, 37, 11 
project, 0, 35, 11 
americans, 0, 52, 11 
 , -1, 4, 16 
president, 9, 236, 36 
states, 9, 154, 36 
american, 8, 199, 32 
united, 7, 126, 30 
jefferson, 6, 164, 27 
british, 5, 107, 23 
madison, 3, 89, 17 
government, 3, 124, 17 
should, 3, 72, 17 
congress, 2, 77, 15 
spanish, 2, 66, 15 
monroe, 2, 61, 15 
louisiana, 2, 78, 15 
england, 1, 52, 11 
administration, 1, 92, 11 
gallatin, 1, 49, 11 
florida, 1, 42, 11 
without, 1, 47, 11 
france, 1, 41, 11 
secretary, 1, 60, 11 
himself, 1, 46, 11 
against, 1, 48, 11 
general, 0, 44, 10 
country, 0, 45, 10 
french, 0, 38, 10 
treaty, 0, 36, 10 
little, 0, 29, 10 
history, 0, 42, 10 
policy, 0, 36, 10 
territory, 0, 50, 10 
washington, 0, 66, 10 
public, 0, 36, 10 
mississippi, 0, 67, 10 
indeed, 0, 39, 10 
people, 0, 39, 10 
britain, 0, 39, 10 
political, 0, 49, 10 
before, 0, 38, 10 
another, 0, 45, 10 
between, 0, 48, 10 
seemed, 0, 44, 10 
through, 0, 45, 10 
presidents, 0, 63, 10 
however, 0, 48, 10 
minister, 0, 48, 10 
europe, 0, 40, 10 
foreign, 0, 42, 10 
message, 0, 51, 10 
floridas, 0, 46, 10 
project, 0, 42, 10 
americans, 0, 60, 10 
 , -1, 4, 16 
president, 9, 143, 44 
states, 9, 93, 44 
american, 8, 138, 41 
united, 7, 82, 38 
jefferson, 6, 102, 33 
british, 5, 65, 31 
madison, 3, 61, 22 
government, 3, 86, 22 
should, 3, 46, 22 
congress, 2, 55, 19 
spanish, 2, 45, 19 
monroe, 2, 45, 19 
louisiana, 2, 50, 19 
england, 1, 43, 16 
administration, 1, 72, 16 
gallatin, 1, 35, 16 
florida, 1, 31, 16 
without, 1, 37, 16 
france, 1, 33, 16 
secretary, 1, 48, 16 
himself, 1, 37, 16 
against, 1, 38, 16 
general, 0, 36, 14 
country, 0, 34, 14 
french, 0, 29, 14 
treaty, 0, 25, 14 
little, 0, 17, 14 
history, 0, 30, 14 
policy, 0, 27, 14 
territory, 0, 34, 14 
washington, 0, 55, 14 
public, 0, 28, 14 
mississippi, 0, 51, 14 
indeed, 0, 33, 14 
people, 0, 33, 14 
britain, 0, 28, 14 
political, 0, 35, 14 
before, 0, 30, 14 
another, 0, 36, 14 
between, 0, 41, 14 
seemed, 0, 39, 14 
through, 0, 36, 14 
presidents, 0, 49, 14 
however, 0, 41, 14 
minister, 0, 37, 14 
europe, 0, 34, 14 
foreign, 0, 32, 14 
message, 0, 44, 14 
floridas, 0, 34, 14 
project, 0, 31, 14 
americans, 0, 50, 14 
 , -1, 4, 16 
