# tag, weight, width (pixels), height(pixels)
# last tag is white space (fake)
#after sentinel the data may be repeated for alt fonts
president, 9, 153, 38 
states, 9, 98, 38 
american, 8, 141, 36 
united, 7, 88, 32 
jefferson, 6, 109, 30 
british, 6, 79, 30 
madison, 4, 81, 23 
government, 4, 113, 23 
should, 4, 64, 23 
congress, 3, 73, 20 
spanish, 3, 62, 20 
monroe, 3, 61, 20 
louisiana, 3, 71, 20 
england, 2, 58, 17 
administration, 2, 100, 17 
gallatin, 2, 52, 17 
florida, 2, 44, 17 
without, 2, 51, 17 
france, 2, 44, 17 
secretary, 2, 65, 17 
himself, 1, 42, 15 
against, 1, 42, 15 
general, 1, 42, 15 
country, 1, 43, 15 
french, 1, 36, 15 
treaty, 1, 33, 15 
little, 1, 24, 15 
history, 1, 39, 15 
policy, 1, 34, 15 
territory, 1, 44, 15 
washington, 1, 65, 15 
public, 1, 34, 15 
mississippi, 1, 65, 15 
indeed, 1, 38, 15 
people, 1, 38, 15 
britain, 1, 35, 15 
political, 1, 44, 15 
before, 1, 36, 15 
another, 1, 43, 15 
between, 1, 48, 15 
seemed, 1, 46, 15 
through, 1, 43, 15 
presidents, 1, 60, 15 
however, 1, 48, 15 
minister, 1, 46, 15 
europe, 1, 39, 15 
foreign, 1, 39, 15 
message, 1, 53, 15 
floridas, 1, 42, 15 
project, 0, 35, 11 
americans, 0, 52, 11 
america, 0, 40, 11 
instructions, 0, 58, 11 
moment, 0, 40, 11 
frigate, 0, 33, 11 
office, 0, 28, 11 
orleans, 0, 38, 11 
within, 0, 29, 11 
rights, 0, 28, 11 
military, 0, 35, 11 
hundred, 0, 43, 11 
followed, 0, 42, 11 
republican, 0, 53, 11 
though, 0, 36, 11 
declared, 0, 44, 11 
vessels, 0, 38, 11 
chesapeake, 0, 62, 11 
chapter, 0, 39, 11 
island, 0, 30, 11 
because, 0, 44, 11 
federalist, 0, 47, 11 
already, 0, 38, 11 
course, 0, 34, 11 
livingston, 0, 48, 11 
thousand, 0, 48, 11 
believed, 0, 43, 11 
further, 0, 34, 11 
commissioners, 0, 74, 11 
commerce, 0, 51, 11 
letter, 0, 26, 11 
jeffersons, 0, 50, 11 
governor, 0, 45, 11 
national, 0, 41, 11 
english, 0, 37, 11 
months, 0, 37, 11 
events, 0, 34, 11 
negotiations, 0, 63, 11 
prepared, 0, 46, 11 
brought, 0, 40, 11 
virginia, 0, 36, 11 
mexico, 0, 35, 11 
province, 0, 43, 11 
thought, 0, 40, 11 
canning, 0, 41, 11 
passed, 0, 37, 11 
always, 0, 34, 11 
either, 0, 29, 11 
independence, 0, 73, 11 
embargo, 0, 45, 11 
information, 0, 57, 11 
wilkinson, 0, 46, 11 
nothing, 0, 39, 11 
nation, 0, 32, 11 
second, 0, 37, 11 
principles, 0, 48, 11 
western, 0, 40, 11 
whether, 0, 41, 11 
possession, 0, 57, 11 
enough, 0, 39, 11 
bainbridge, 0, 54, 11 
cabinet, 0, 38, 11 
themselves, 0, 57, 11 
consul, 0, 33, 11 
therefore, 0, 47, 11 
question, 0, 44, 11 
perhaps, 0, 42, 11 
million, 0, 32, 11 
neutral, 0, 36, 11 
tripoli, 0, 28, 11 
opposition, 0, 53, 11 
jackson, 0, 39, 11 
purpose, 0, 42, 11 
european, 0, 49, 11 
rather, 0, 30, 11 
continued, 0, 51, 11 
declaration, 0, 57, 11 
received, 0, 43, 11 
expedition, 0, 53, 11 
randolph, 0, 45, 11 
purchase, 0, 47, 11 
officers, 0, 37, 11 
harbor, 0, 33, 11 
become, 0, 40, 11 
mission, 0, 38, 11 
constitution, 0, 59, 11 
dollars, 0, 34, 11 
revolution, 0, 50, 11 
finally, 0, 30, 11 
spirit, 0, 24, 11 
thomas, 0, 37, 11 
affairs, 0, 32, 11 
almost, 0, 33, 11 
bonaparte, 0, 53, 11 
powers, 0, 36, 11 
became, 0, 40, 11 
william, 0, 33, 11 
called, 0, 30, 11 
matter, 0, 32, 11 
better, 0, 30, 11 
personal, 0, 44, 11 
arrived, 0, 35, 11 
gutenberg, 0, 53, 11 
federalists, 0, 53, 11 
letters, 0, 32, 11 
determined, 0, 57, 11 
squadron, 0, 48, 11 
following, 0, 45, 11 
senate, 0, 35, 11 
treasury, 0, 41, 11 
principle, 0, 43, 11 
vessel, 0, 32, 11 
forces, 0, 31, 11 
certain, 0, 35, 11 
empire, 0, 34, 11 
waters, 0, 33, 11 
diplomatic, 0, 51, 11 
service, 0, 36, 11 
commodore, 0, 59, 11 
desire, 0, 31, 11 
common, 0, 42, 11 
character, 0, 48, 11 
frigates, 0, 38, 11 
beyond, 0, 38, 11 
relations, 0, 44, 11 
seamen, 0, 40, 11 
neither, 0, 36, 11 
commercial, 0, 56, 11 
troops, 0, 32, 11 
napoleon, 0, 48, 11 
several, 0, 37, 11 
instructed, 0, 50, 11 
friends, 0, 35, 11 
address, 0, 41, 11 
necessary, 0, 52, 11 
hamilton, 0, 43, 11 
election, 0, 40, 11 
entered, 0, 40, 11 
tripolitan, 0, 44, 11 
important, 0, 48, 11 
during, 0, 32, 11 
replied, 0, 35, 11 
republicans, 0, 59, 11 
decision, 0, 42, 11 
circumstances, 0, 72, 11 
agreed, 0, 36, 11 
proclamation, 0, 65, 11 
mediterranean, 0, 74, 11 
coercion, 0, 43, 11 
captain, 0, 38, 11 
interest, 0, 38, 11 
proposed, 0, 48, 11 
 , -1, 4, 16 
president, 9, 236, 36 
states, 9, 154, 36 
american, 8, 199, 32 
united, 7, 126, 30 
jefferson, 6, 164, 27 
british, 6, 123, 27 
madison, 4, 103, 20 
government, 4, 145, 20 
should, 4, 83, 20 
congress, 3, 97, 17 
spanish, 3, 84, 17 
monroe, 3, 78, 17 
louisiana, 3, 101, 17 
england, 2, 66, 15 
administration, 2, 123, 15 
gallatin, 2, 65, 15 
florida, 2, 56, 15 
without, 2, 62, 15 
france, 2, 54, 15 
secretary, 2, 81, 15 
himself, 1, 46, 11 
against, 1, 48, 11 
general, 1, 49, 11 
country, 1, 48, 11 
french, 1, 41, 11 
treaty, 1, 38, 11 
little, 1, 30, 11 
history, 1, 44, 11 
policy, 1, 38, 11 
territory, 1, 52, 11 
washington, 1, 73, 11 
public, 1, 39, 11 
mississippi, 1, 70, 11 
indeed, 1, 44, 11 
people, 1, 44, 11 
britain, 1, 42, 11 
political, 1, 52, 11 
before, 1, 42, 11 
another, 1, 50, 11 
between, 1, 54, 11 
seemed, 1, 49, 11 
through, 1, 50, 11 
presidents, 1, 68, 11 
however, 1, 53, 11 
minister, 1, 51, 11 
europe, 1, 45, 11 
foreign, 1, 46, 11 
message, 1, 56, 11 
floridas, 1, 49, 11 
project, 0, 42, 10 
americans, 0, 60, 10 
america, 0, 46, 10 
instructions, 0, 72, 10 
moment, 0, 44, 10 
frigate, 0, 40, 10 
office, 0, 35, 10 
orleans, 0, 44, 10 
within, 0, 35, 10 
rights, 0, 35, 10 
military, 0, 45, 10 
hundred, 0, 47, 10 
followed, 0, 49, 10 
republican, 0, 62, 10 
though, 0, 40, 10 
declared, 0, 51, 10 
vessels, 0, 46, 10 
chesapeake, 0, 70, 10 
chapter, 0, 45, 10 
island, 0, 36, 10 
because, 0, 49, 10 
federalist, 0, 58, 10 
already, 0, 44, 10 
course, 0, 40, 10 
livingston, 0, 59, 10 
thousand, 0, 54, 10 
believed, 0, 50, 10 
further, 0, 41, 10 
commissioners, 0, 87, 10 
commerce, 0, 58, 10 
letter, 0, 33, 10 
jeffersons, 0, 61, 10 
governor, 0, 52, 10 
national, 0, 48, 10 
english, 0, 43, 10 
months, 0, 42, 10 
events, 0, 40, 10 
negotiations, 0, 74, 10 
prepared, 0, 52, 10 
brought, 0, 45, 10 
virginia, 0, 45, 10 
mexico, 0, 41, 10 
province, 0, 51, 10 
thought, 0, 45, 10 
canning, 0, 46, 10 
passed, 0, 42, 10 
always, 0, 40, 10 
either, 0, 35, 10 
independence, 0, 81, 10 
embargo, 0, 49, 10 
information, 0, 67, 10 
wilkinson, 0, 55, 10 
nothing, 0, 44, 10 
nation, 0, 37, 10 
second, 0, 42, 10 
principles, 0, 59, 10 
western, 0, 46, 10 
whether, 0, 46, 10 
possession, 0, 67, 10 
enough, 0, 42, 10 
bainbridge, 0, 62, 10 
cabinet, 0, 44, 10 
themselves, 0, 67, 10 
consul, 0, 39, 10 
therefore, 0, 55, 10 
question, 0, 51, 10 
perhaps, 0, 47, 10 
million, 0, 39, 10 
neutral, 0, 42, 10 
tripoli, 0, 36, 10 
opposition, 0, 62, 10 
jackson, 0, 46, 10 
purpose, 0, 47, 10 
european, 0, 54, 10 
rather, 0, 36, 10 
continued, 0, 58, 10 
declaration, 0, 67, 10 
received, 0, 51, 10 
expedition, 0, 62, 10 
randolph, 0, 51, 10 
purchase, 0, 54, 10 
officers, 0, 47, 10 
harbor, 0, 38, 10 
become, 0, 44, 10 
mission, 0, 45, 10 
constitution, 0, 72, 10 
dollars, 0, 41, 10 
revolution, 0, 60, 10 
finally, 0, 38, 10 
spirit, 0, 32, 10 
thomas, 0, 42, 10 
affairs, 0, 40, 10 
almost, 0, 39, 10 
bonaparte, 0, 59, 10 
powers, 0, 41, 10 
became, 0, 44, 10 
william, 0, 40, 10 
called, 0, 36, 10 
matter, 0, 38, 10 
better, 0, 36, 10 
personal, 0, 51, 10 
arrived, 0, 42, 10 
gutenberg, 0, 59, 10 
federalists, 0, 65, 10 
letters, 0, 40, 10 
determined, 0, 65, 10 
squadron, 0, 54, 10 
following, 0, 53, 10 
senate, 0, 40, 10 
treasury, 0, 50, 10 
principle, 0, 52, 10 
vessel, 0, 39, 10 
forces, 0, 38, 10 
certain, 0, 42, 10 
empire, 0, 39, 10 
waters, 0, 39, 10 
diplomatic, 0, 61, 10 
service, 0, 44, 10 
commodore, 0, 65, 10 
desire, 0, 37, 10 
common, 0, 46, 10 
character, 0, 57, 10 
frigates, 0, 47, 10 
beyond, 0, 42, 10 
relations, 0, 53, 10 
seamen, 0, 44, 10 
neither, 0, 42, 10 
commercial, 0, 66, 10 
troops, 0, 38, 10 
napoleon, 0, 53, 10 
several, 0, 44, 10 
instructed, 0, 61, 10 
friends, 0, 42, 10 
address, 0, 47, 10 
necessary, 0, 61, 10 
hamilton, 0, 50, 10 
election, 0, 48, 10 
entered, 0, 45, 10 
tripolitan, 0, 55, 10 
important, 0, 56, 10 
during, 0, 37, 10 
replied, 0, 41, 10 
republicans, 0, 69, 10 
decision, 0, 50, 10 
circumstances, 0, 86, 10 
agreed, 0, 40, 10 
proclamation, 0, 76, 10 
mediterranean, 0, 84, 10 
coercion, 0, 51, 10 
captain, 0, 44, 10 
interest, 0, 47, 10 
proposed, 0, 54, 10 
 , -1, 4, 16 
president, 9, 143, 44 
states, 9, 93, 44 
american, 8, 138, 41 
united, 7, 82, 38 
jefferson, 6, 102, 33 
british, 6, 70, 33 
madison, 4, 68, 25 
government, 4, 94, 25 
should, 4, 52, 25 
congress, 3, 65, 22 
spanish, 3, 54, 22 
monroe, 3, 56, 22 
louisiana, 3, 59, 22 
england, 2, 45, 19 
administration, 2, 80, 19 
gallatin, 2, 39, 19 
florida, 2, 33, 19 
without, 2, 40, 19 
france, 2, 36, 19 
secretary, 2, 55, 19 
himself, 1, 37, 16 
against, 1, 38, 16 
general, 1, 40, 16 
country, 1, 39, 16 
french, 1, 33, 16 
treaty, 1, 29, 16 
little, 1, 18, 16 
history, 1, 34, 16 
policy, 1, 29, 16 
territory, 1, 38, 16 
washington, 1, 60, 16 
public, 1, 30, 16 
mississippi, 1, 55, 16 
indeed, 1, 36, 16 
people, 1, 36, 16 
britain, 1, 31, 16 
political, 1, 36, 16 
before, 1, 34, 16 
another, 1, 41, 16 
between, 1, 46, 16 
seemed, 1, 44, 16 
through, 1, 41, 16 
presidents, 1, 54, 16 
however, 1, 46, 16 
minister, 1, 40, 16 
europe, 1, 38, 16 
foreign, 1, 36, 16 
message, 1, 50, 16 
floridas, 1, 36, 16 
project, 0, 31, 14 
americans, 0, 50, 14 
america, 0, 38, 14 
instructions, 0, 52, 14 
moment, 0, 39, 14 
frigate, 0, 28, 14 
office, 0, 24, 14 
orleans, 0, 35, 14 
within, 0, 27, 14 
rights, 0, 25, 14 
military, 0, 33, 14 
hundred, 0, 40, 14 
followed, 0, 40, 14 
republican, 0, 50, 14 
though, 0, 33, 14 
declared, 0, 42, 14 
vessels, 0, 35, 14 
chesapeake, 0, 59, 14 
chapter, 0, 35, 14 
island, 0, 28, 14 
because, 0, 41, 14 
federalist, 0, 42, 14 
already, 0, 35, 14 
course, 0, 32, 14 
livingston, 0, 44, 14 
thousand, 0, 45, 14 
believed, 0, 41, 14 
further, 0, 29, 14 
commissioners, 0, 72, 14 
commerce, 0, 51, 14 
letter, 0, 22, 14 
jeffersons, 0, 45, 14 
governor, 0, 43, 14 
national, 0, 38, 14 
english, 0, 34, 14 
months, 0, 35, 14 
events, 0, 31, 14 
negotiations, 0, 57, 14 
prepared, 0, 44, 14 
brought, 0, 36, 14 
virginia, 0, 34, 14 
mexico, 0, 34, 14 
province, 0, 41, 14 
thought, 0, 35, 14 
canning, 0, 38, 14 
passed, 0, 35, 14 
always, 0, 33, 14 
either, 0, 26, 14 
independence, 0, 69, 14 
embargo, 0, 43, 14 
information, 0, 52, 14 
wilkinson, 0, 44, 14 
nothing, 0, 35, 14 
nation, 0, 29, 14 
second, 0, 35, 14 
principles, 0, 45, 14 
western, 0, 37, 14 
whether, 0, 38, 14 
possession, 0, 54, 14 
enough, 0, 37, 14 
bainbridge, 0, 51, 14 
cabinet, 0, 34, 14 
themselves, 0, 54, 14 
consul, 0, 31, 14 
therefore, 0, 42, 14 
question, 0, 41, 14 
perhaps, 0, 39, 14 
million, 0, 30, 14 
neutral, 0, 32, 14 
tripoli, 0, 24, 14 
opposition, 0, 49, 14 
jackson, 0, 36, 14 
purpose, 0, 39, 14 
european, 0, 47, 14 
rather, 0, 27, 14 
continued, 0, 47, 14 
declaration, 0, 52, 14 
received, 0, 41, 14 
expedition, 0, 49, 14 
randolph, 0, 43, 14 
purchase, 0, 45, 14 
officers, 0, 33, 14 
harbor, 0, 31, 14 
become, 0, 39, 14 
mission, 0, 36, 14 
constitution, 0, 52, 14 
dollars, 0, 31, 14 
revolution, 0, 46, 14 
finally, 0, 26, 14 
spirit, 0, 21, 14 
thomas, 0, 35, 14 
affairs, 0, 27, 14 
almost, 0, 31, 14 
bonaparte, 0, 49, 14 
powers, 0, 35, 14 
became, 0, 39, 14 
william, 0, 32, 14 
called, 0, 28, 14 
matter, 0, 29, 14 
better, 0, 26, 14 
personal, 0, 42, 14 
arrived, 0, 32, 14 
gutenberg, 0, 49, 14 
federalists, 0, 47, 14 
letters, 0, 27, 14 
determined, 0, 54, 14 
squadron, 0, 46, 14 
following, 0, 42, 14 
senate, 0, 32, 14 
treasury, 0, 38, 14 
principle, 0, 40, 14 
vessel, 0, 30, 14 
forces, 0, 28, 14 
certain, 0, 31, 14 
empire, 0, 33, 14 
waters, 0, 31, 14 
diplomatic, 0, 48, 14 
service, 0, 33, 14 
commodore, 0, 58, 14 
desire, 0, 29, 14 
common, 0, 42, 14 
character, 0, 44, 14 
frigates, 0, 34, 14 
beyond, 0, 36, 14 
relations, 0, 40, 14 
seamen, 0, 39, 14 
neither, 0, 32, 14 
commercial, 0, 55, 14 
troops, 0, 29, 14 
napoleon, 0, 46, 14 
several, 0, 34, 14 
instructed, 0, 45, 14 
friends, 0, 31, 14 
address, 0, 38, 14 
necessary, 0, 49, 14 
hamilton, 0, 41, 14 
election, 0, 37, 14 
entered, 0, 36, 14 
tripolitan, 0, 39, 14 
important, 0, 44, 14 
during, 0, 30, 14 
replied, 0, 32, 14 
republicans, 0, 55, 14 
decision, 0, 40, 14 
circumstances, 0, 68, 14 
agreed, 0, 34, 14 
proclamation, 0, 61, 14 
mediterranean, 0, 70, 14 
coercion, 0, 41, 14 
captain, 0, 34, 14 
interest, 0, 34, 14 
proposed, 0, 46, 14 
 , -1, 4, 16 
