# tag, weight, width (pixels), height(pixels)
# last tag is white space (fake)
#after sentinel the data may be repeated for alt fonts
president, 9, 153, 38 
states, 9, 98, 38 
american, 8, 141, 36 
united, 7, 88, 32 
jefferson, 6, 109, 30 
british, 5, 63, 27 
madison, 4, 81, 23 
government, 4, 113, 23 
should, 3, 53, 20 
congress, 3, 73, 20 
spanish, 3, 62, 20 
monroe, 2, 54, 17 
louisiana, 2, 65, 17 
england, 2, 58, 17 
administration, 2, 100, 17 
gallatin, 2, 52, 17 
florida, 2, 44, 17 
without, 1, 41, 15 
france, 1, 36, 15 
secretary, 1, 54, 15 
himself, 1, 42, 15 
against, 1, 42, 15 
general, 1, 42, 15 
country, 1, 43, 15 
french, 1, 36, 15 
treaty, 1, 33, 15 
little, 1, 24, 15 
history, 1, 39, 15 
policy, 1, 34, 15 
territory, 1, 44, 15 
washington, 1, 65, 15 
public, 1, 34, 15 
mississippi, 1, 65, 15 
indeed, 1, 38, 15 
people, 0, 35, 11 
britain, 0, 32, 11 
political, 0, 39, 11 
before, 0, 33, 11 
another, 0, 40, 11 
between, 0, 44, 11 
seemed, 0, 40, 11 
through, 0, 40, 11 
presidents, 0, 53, 11 
however, 0, 43, 11 
minister, 0, 39, 11 
europe, 0, 36, 11 
foreign, 0, 36, 11 
message, 0, 46, 11 
floridas, 0, 37, 11 
project, 0, 35, 11 
americans, 0, 52, 11 
america, 0, 40, 11 
instructions, 0, 58, 11 
moment, 0, 40, 11 
frigate, 0, 33, 11 
office, 0, 28, 11 
orleans, 0, 38, 11 
within, 0, 29, 11 
rights, 0, 28, 11 
military, 0, 35, 11 
hundred, 0, 43, 11 
followed, 0, 42, 11 
republican, 0, 53, 11 
though, 0, 36, 11 
declared, 0, 44, 11 
vessels, 0, 38, 11 
chesapeake, 0, 62, 11 
chapter, 0, 39, 11 
island, 0, 30, 11 
because, 0, 44, 11 
federalist, 0, 47, 11 
already, 0, 38, 11 
course, 0, 34, 11 
livingston, 0, 48, 11 
thousand, 0, 48, 11 
believed, 0, 43, 11 
further, 0, 34, 11 
commissioners, 0, 74, 11 
commerce, 0, 51, 11 
letter, 0, 26, 11 
jeffersons, 0, 50, 11 
governor, 0, 45, 11 
national, 0, 41, 11 
english, 0, 37, 11 
months, 0, 37, 11 
events, 0, 34, 11 
negotiations, 0, 63, 11 
prepared, 0, 46, 11 
brought, 0, 40, 11 
virginia, 0, 36, 11 
mexico, 0, 35, 11 
province, 0, 43, 11 
thought, 0, 40, 11 
canning, 0, 41, 11 
passed, 0, 37, 11 
always, 0, 34, 11 
either, 0, 29, 11 
independence, 0, 73, 11 
embargo, 0, 45, 11 
information, 0, 57, 11 
wilkinson, 0, 46, 11 
 , -1, 4, 16 
president, 9, 236, 36 
states, 9, 154, 36 
american, 8, 199, 32 
united, 7, 126, 30 
jefferson, 6, 164, 27 
british, 5, 107, 23 
madison, 4, 103, 20 
government, 4, 145, 20 
should, 3, 72, 17 
congress, 3, 97, 17 
spanish, 3, 84, 17 
monroe, 2, 61, 15 
louisiana, 2, 78, 15 
england, 2, 66, 15 
administration, 2, 123, 15 
gallatin, 2, 65, 15 
florida, 2, 56, 15 
without, 1, 47, 11 
france, 1, 41, 11 
secretary, 1, 60, 11 
himself, 1, 46, 11 
against, 1, 48, 11 
general, 1, 49, 11 
country, 1, 48, 11 
french, 1, 41, 11 
treaty, 1, 38, 11 
little, 1, 30, 11 
history, 1, 44, 11 
policy, 1, 38, 11 
territory, 1, 52, 11 
washington, 1, 73, 11 
public, 1, 39, 11 
mississippi, 1, 70, 11 
indeed, 1, 44, 11 
people, 0, 39, 10 
britain, 0, 39, 10 
political, 0, 49, 10 
before, 0, 38, 10 
another, 0, 45, 10 
between, 0, 48, 10 
seemed, 0, 44, 10 
through, 0, 45, 10 
presidents, 0, 63, 10 
however, 0, 48, 10 
minister, 0, 48, 10 
europe, 0, 40, 10 
foreign, 0, 42, 10 
message, 0, 51, 10 
floridas, 0, 46, 10 
project, 0, 42, 10 
americans, 0, 60, 10 
america, 0, 46, 10 
instructions, 0, 72, 10 
moment, 0, 44, 10 
frigate, 0, 40, 10 
office, 0, 35, 10 
orleans, 0, 44, 10 
within, 0, 35, 10 
rights, 0, 35, 10 
military, 0, 45, 10 
hundred, 0, 47, 10 
followed, 0, 49, 10 
republican, 0, 62, 10 
though, 0, 40, 10 
declared, 0, 51, 10 
vessels, 0, 46, 10 
chesapeake, 0, 70, 10 
chapter, 0, 45, 10 
island, 0, 36, 10 
because, 0, 49, 10 
federalist, 0, 58, 10 
already, 0, 44, 10 
course, 0, 40, 10 
livingston, 0, 59, 10 
thousand, 0, 54, 10 
believed, 0, 50, 10 
further, 0, 41, 10 
commissioners, 0, 87, 10 
commerce, 0, 58, 10 
letter, 0, 33, 10 
jeffersons, 0, 61, 10 
governor, 0, 52, 10 
national, 0, 48, 10 
english, 0, 43, 10 
months, 0, 42, 10 
events, 0, 40, 10 
negotiations, 0, 74, 10 
prepared, 0, 52, 10 
brought, 0, 45, 10 
virginia, 0, 45, 10 
mexico, 0, 41, 10 
province, 0, 51, 10 
thought, 0, 45, 10 
canning, 0, 46, 10 
passed, 0, 42, 10 
always, 0, 40, 10 
either, 0, 35, 10 
independence, 0, 81, 10 
embargo, 0, 49, 10 
information, 0, 67, 10 
wilkinson, 0, 55, 10 
 , -1, 4, 16 
president, 9, 143, 44 
states, 9, 93, 44 
american, 8, 138, 41 
united, 7, 82, 38 
jefferson, 6, 102, 33 
british, 5, 65, 31 
madison, 4, 68, 25 
government, 4, 94, 25 
should, 3, 46, 22 
congress, 3, 65, 22 
spanish, 3, 54, 22 
monroe, 2, 45, 19 
louisiana, 2, 50, 19 
england, 2, 45, 19 
administration, 2, 80, 19 
gallatin, 2, 39, 19 
florida, 2, 33, 19 
without, 1, 37, 16 
france, 1, 33, 16 
secretary, 1, 48, 16 
himself, 1, 37, 16 
against, 1, 38, 16 
general, 1, 40, 16 
country, 1, 39, 16 
french, 1, 33, 16 
treaty, 1, 29, 16 
little, 1, 18, 16 
history, 1, 34, 16 
policy, 1, 29, 16 
territory, 1, 38, 16 
washington, 1, 60, 16 
public, 1, 30, 16 
mississippi, 1, 55, 16 
indeed, 1, 36, 16 
people, 0, 33, 14 
britain, 0, 28, 14 
political, 0, 35, 14 
before, 0, 30, 14 
another, 0, 36, 14 
between, 0, 41, 14 
seemed, 0, 39, 14 
through, 0, 36, 14 
presidents, 0, 49, 14 
however, 0, 41, 14 
minister, 0, 37, 14 
europe, 0, 34, 14 
foreign, 0, 32, 14 
message, 0, 44, 14 
floridas, 0, 34, 14 
project, 0, 31, 14 
americans, 0, 50, 14 
america, 0, 38, 14 
instructions, 0, 52, 14 
moment, 0, 39, 14 
frigate, 0, 28, 14 
office, 0, 24, 14 
orleans, 0, 35, 14 
within, 0, 27, 14 
rights, 0, 25, 14 
military, 0, 33, 14 
hundred, 0, 40, 14 
followed, 0, 40, 14 
republican, 0, 50, 14 
though, 0, 33, 14 
declared, 0, 42, 14 
vessels, 0, 35, 14 
chesapeake, 0, 59, 14 
chapter, 0, 35, 14 
island, 0, 28, 14 
because, 0, 41, 14 
federalist, 0, 42, 14 
already, 0, 35, 14 
course, 0, 32, 14 
livingston, 0, 44, 14 
thousand, 0, 45, 14 
believed, 0, 41, 14 
further, 0, 29, 14 
commissioners, 0, 72, 14 
commerce, 0, 51, 14 
letter, 0, 22, 14 
jeffersons, 0, 45, 14 
governor, 0, 43, 14 
national, 0, 38, 14 
english, 0, 34, 14 
months, 0, 35, 14 
events, 0, 31, 14 
negotiations, 0, 57, 14 
prepared, 0, 44, 14 
brought, 0, 36, 14 
virginia, 0, 34, 14 
mexico, 0, 34, 14 
province, 0, 41, 14 
thought, 0, 35, 14 
canning, 0, 38, 14 
passed, 0, 35, 14 
always, 0, 33, 14 
either, 0, 26, 14 
independence, 0, 69, 14 
embargo, 0, 43, 14 
information, 0, 52, 14 
wilkinson, 0, 44, 14 
 , -1, 4, 16 
