# tag, weight, width (pixels), height(pixels)
# last tag is white space (fake)
#after sentinel the data may be repeated for alt fonts
wainamoinen, 9, 215, 38 
mother, 5, 74, 27 
ancient, 5, 76, 27 
northland, 5, 98, 27 
through, 4, 73, 23 
waters, 4, 63, 23 
lemminkainen, 4, 132, 23 
maiden, 3, 59, 20 
ilmarinen, 2, 66, 17 
golden, 2, 49, 17 
heroes, 1, 39, 15 
silver, 1, 31, 15 
daughter, 0, 46, 11 
pohyola, 0, 41, 11 
answer, 0, 36, 11 
hostess, 0, 40, 11 
within, 0, 29, 11 
beauty, 0, 35, 11 
forest, 0, 29, 11 
kalevala, 0, 42, 11 
people, 0, 35, 11 
 , -1, 4, 16 
wainamoinen, 9, 315, 36 
mother, 5, 108, 23 
ancient, 5, 117, 23 
northland, 5, 152, 23 
through, 4, 96, 20 
waters, 4, 83, 20 
lemminkainen, 4, 171, 20 
maiden, 3, 77, 17 
ilmarinen, 2, 79, 15 
golden, 2, 56, 15 
heroes, 1, 44, 11 
silver, 1, 35, 11 
daughter, 0, 52, 10 
pohyola, 0, 46, 10 
answer, 0, 41, 10 
hostess, 0, 47, 10 
within, 0, 35, 10 
beauty, 0, 40, 10 
forest, 0, 36, 10 
kalevala, 0, 50, 10 
people, 0, 39, 10 
 , -1, 4, 16 
wainamoinen, 9, 210, 44 
mother, 5, 80, 31 
ancient, 5, 82, 31 
northland, 5, 106, 31 
through, 4, 59, 25 
waters, 4, 52, 25 
lemminkainen, 4, 110, 25 
maiden, 3, 53, 22 
ilmarinen, 2, 52, 19 
golden, 2, 38, 19 
heroes, 1, 37, 16 
silver, 1, 26, 16 
daughter, 0, 43, 14 
pohyola, 0, 38, 14 
answer, 0, 35, 14 
hostess, 0, 36, 14 
within, 0, 27, 14 
beauty, 0, 32, 14 
forest, 0, 25, 14 
kalevala, 0, 40, 14 
people, 0, 33, 14 
 , -1, 4, 16 
