# tag, weight, width (pixels), height(pixels)
# last tag is white space (fake)
#after sentinel the data may be repeated for alt fonts
wainamoinen, 9, 215, 38 
mother, 7, 99, 32 
ancient, 6, 90, 30 
northland, 6, 120, 30 
through, 6, 99, 30 
waters, 6, 81, 30 
lemminkainen, 5, 145, 27 
maiden, 5, 77, 27 
ilmarinen, 4, 87, 23 
golden, 4, 65, 23 
heroes, 4, 66, 23 
silver, 3, 42, 20 
daughter, 3, 71, 20 
pohyola, 3, 63, 20 
answer, 3, 58, 20 
hostess, 3, 62, 20 
within, 3, 46, 20 
beauty, 2, 48, 17 
forest, 2, 39, 17 
kalevala, 2, 60, 17 
people, 2, 49, 17 
journey, 2, 53, 17 
vessel, 2, 46, 17 
mighty, 2, 47, 17 
should, 2, 48, 17 
little, 2, 29, 17 
maidens, 2, 61, 17 
copper, 2, 49, 17 
second, 2, 52, 17 
father, 2, 40, 17 
singing, 2, 52, 17 
mountains, 1, 60, 15 
minstrel, 1, 46, 15 
thereupon, 1, 57, 15 
quickly, 1, 41, 15 
brought, 1, 43, 15 
heaven, 1, 42, 15 
blacksmith, 1, 63, 15 
wainola, 1, 43, 15 
evening, 1, 45, 15 
hastened, 1, 53, 15 
fingers, 1, 39, 15 
sariola, 1, 38, 15 
straightway, 1, 66, 15 
brother, 1, 40, 15 
magician, 1, 52, 15 
branches, 1, 53, 15 
dwelling, 1, 46, 15 
fields, 1, 31, 15 
filled, 1, 27, 15 
barley, 1, 35, 15 
virgin, 1, 31, 15 
mothers, 1, 47, 15 
sorrow, 1, 38, 15 
wisdom, 1, 44, 15 
sister, 1, 32, 15 
weeping, 1, 47, 15 
master, 1, 40, 15 
billows, 1, 39, 15 
mountain, 0, 47, 11 
worthy, 0, 33, 11 
island, 0, 30, 11 
onward, 0, 37, 11 
cannot, 0, 35, 11 
hither, 0, 29, 11 
fathers, 0, 36, 11 
follows, 0, 35, 11 
pleasure, 0, 44, 11 
trouble, 0, 36, 11 
woodlands, 0, 55, 11 
wicked, 0, 34, 11 
distant, 0, 35, 11 
kaukomieli, 0, 53, 11 
before, 0, 33, 11 
speaks, 0, 36, 11 
reckless, 0, 41, 11 
sacred, 0, 34, 11 
kullerwoinen, 0, 63, 11 
daughters, 0, 52, 11 
heavens, 0, 44, 11 
morning, 0, 41, 11 
forests, 0, 35, 11 
neither, 0, 36, 11 
answered, 0, 49, 11 
kullervo, 0, 39, 11 
wizard, 0, 32, 11 
colors, 0, 30, 11 
manala, 0, 37, 11 
forever, 0, 36, 11 
hastens, 0, 41, 11 
meadows, 0, 48, 11 
beloved, 0, 41, 11 
children, 0, 40, 11 
battle, 0, 29, 11 
kindred, 0, 38, 11 
summer, 0, 39, 11 
wander, 0, 37, 11 
together, 0, 43, 11 
lovely, 0, 29, 11 
hasten, 0, 35, 11 
measures, 0, 49, 11 
addressed, 0, 54, 11 
thought, 0, 40, 11 
moonlight, 0, 50, 11 
better, 0, 30, 11 
borders, 0, 39, 11 
furnace, 0, 39, 11 
called, 0, 30, 11 
finnish, 0, 34, 11 
youkahainen, 0, 66, 11 
homeward, 0, 52, 11 
coming, 0, 36, 11 
distance, 0, 43, 11 
fragments, 0, 51, 11 
perished, 0, 44, 11 
follow, 0, 29, 11 
husband, 0, 45, 11 
beneath, 0, 43, 11 
without, 0, 37, 11 
hundred, 0, 43, 11 
wondrous, 0, 49, 11 
welcome, 0, 44, 11 
village, 0, 33, 11 
shouldst, 0, 43, 11 
creator, 0, 36, 11 
perish, 0, 31, 11 
bottom, 0, 35, 11 
faithful, 0, 35, 11 
dismal, 0, 32, 11 
beautiful, 0, 45, 11 
beauteous, 0, 55, 11 
kingdom, 0, 43, 11 
flowers, 0, 36, 11 
pieces, 0, 33, 11 
slumber, 0, 40, 11 
rivers, 0, 27, 11 
thousand, 0, 48, 11 
portals, 0, 35, 11 
silken, 0, 29, 11 
plains, 0, 30, 11 
others, 0, 32, 11 
singer, 0, 31, 11 
shoulders, 0, 50, 11 
lapland, 0, 38, 11 
courser, 0, 38, 11 
sledge, 0, 34, 11 
cottage, 0, 39, 11 
salmon, 0, 36, 11 
safety, 0, 31, 11 
chambers, 0, 49, 11 
whither, 0, 37, 11 
looked, 0, 34, 11 
eternal, 0, 36, 11 
though, 0, 36, 11 
fairest, 0, 32, 11 
listen, 0, 27, 11 
birchtree, 0, 45, 11 
sought, 0, 35, 11 
islands, 0, 36, 11 
waiting, 0, 36, 11 
suitor, 0, 28, 11 
rainbow, 0, 40, 11 
wonder, 0, 37, 11 
strength, 0, 42, 11 
whence, 0, 39, 11 
serpents, 0, 44, 11 
snowsledge, 0, 60, 11 
sunshine, 0, 46, 11 
lemminkainens, 0, 75, 11 
marshes, 0, 43, 11 
highway, 0, 42, 11 
cuckoo, 0, 36, 11 
metals, 0, 33, 11 
destruction, 0, 57, 11 
whirlpool, 0, 45, 11 
border, 0, 33, 11 
indeed, 0, 35, 11 
tongue, 0, 36, 11 
departed, 0, 46, 11 
uttered, 0, 37, 11 
created, 0, 39, 11 
himself, 0, 36, 11 
stream, 0, 34, 11 
longer, 0, 32, 11 
project, 0, 35, 11 
arrows, 0, 33, 11 
another, 0, 40, 11 
anguish, 0, 41, 11 
clouds, 0, 33, 11 
childhood, 0, 50, 11 
calling, 0, 33, 11 
hidden, 0, 35, 11 
forged, 0, 33, 11 
linger, 0, 28, 11 
shining, 0, 37, 11 
wandered, 0, 50, 11 
courtyard, 0, 48, 11 
fashioned, 0, 51, 11 
heather, 0, 40, 11 
playing, 0, 37, 11 
joyance, 0, 40, 11 
 , -1, 4, 16 
wainamoinen, 9, 315, 36 
mother, 7, 136, 30 
ancient, 6, 133, 27 
northland, 6, 175, 27 
through, 6, 141, 27 
waters, 6, 117, 27 
lemminkainen, 5, 215, 23 
maiden, 5, 111, 23 
ilmarinen, 4, 118, 20 
golden, 4, 84, 20 
heroes, 4, 85, 20 
silver, 3, 62, 17 
daughter, 3, 95, 17 
pohyola, 3, 85, 17 
answer, 3, 76, 17 
hostess, 3, 83, 17 
within, 3, 66, 17 
beauty, 2, 57, 15 
forest, 2, 51, 15 
kalevala, 2, 72, 15 
people, 2, 56, 15 
journey, 2, 63, 15 
vessel, 2, 56, 15 
mighty, 2, 57, 15 
should, 2, 56, 15 
little, 2, 42, 15 
maidens, 2, 70, 15 
copper, 2, 57, 15 
second, 2, 60, 15 
father, 2, 51, 15 
singing, 2, 62, 15 
mountains, 1, 66, 11 
minstrel, 1, 51, 11 
thereupon, 1, 66, 11 
quickly, 1, 45, 11 
brought, 1, 50, 11 
heaven, 1, 47, 11 
blacksmith, 1, 68, 11 
wainola, 1, 49, 11 
evening, 1, 51, 11 
hastened, 1, 60, 11 
fingers, 1, 45, 11 
sariola, 1, 44, 11 
straightway, 1, 74, 11 
brother, 1, 47, 11 
magician, 1, 57, 11 
branches, 1, 59, 11 
dwelling, 1, 53, 11 
fields, 1, 36, 11 
filled, 1, 33, 11 
barley, 1, 40, 11 
virgin, 1, 36, 11 
mothers, 1, 51, 11 
sorrow, 1, 42, 11 
wisdom, 1, 46, 11 
sister, 1, 36, 11 
weeping, 1, 53, 11 
master, 1, 43, 11 
billows, 1, 44, 11 
mountain, 0, 53, 10 
worthy, 0, 39, 10 
island, 0, 36, 10 
onward, 0, 41, 10 
cannot, 0, 40, 10 
hither, 0, 35, 10 
fathers, 0, 43, 10 
follows, 0, 42, 10 
pleasure, 0, 51, 10 
trouble, 0, 42, 10 
woodlands, 0, 61, 10 
wicked, 0, 40, 10 
distant, 0, 42, 10 
kaukomieli, 0, 63, 10 
before, 0, 38, 10 
speaks, 0, 42, 10 
reckless, 0, 51, 10 
sacred, 0, 40, 10 
kullerwoinen, 0, 74, 10 
daughters, 0, 59, 10 
heavens, 0, 49, 10 
morning, 0, 46, 10 
forests, 0, 43, 10 
neither, 0, 42, 10 
answered, 0, 55, 10 
kullervo, 0, 48, 10 
wizard, 0, 38, 10 
colors, 0, 37, 10 
manala, 0, 41, 10 
forever, 0, 43, 10 
hastens, 0, 47, 10 
meadows, 0, 52, 10 
beloved, 0, 46, 10 
children, 0, 48, 10 
battle, 0, 35, 10 
kindred, 0, 44, 10 
summer, 0, 44, 10 
wander, 0, 41, 10 
together, 0, 50, 10 
lovely, 0, 36, 10 
hasten, 0, 40, 10 
measures, 0, 56, 10 
addressed, 0, 61, 10 
thought, 0, 45, 10 
moonlight, 0, 57, 10 
better, 0, 36, 10 
borders, 0, 45, 10 
furnace, 0, 45, 10 
called, 0, 36, 10 
finnish, 0, 41, 10 
youkahainen, 0, 74, 10 
homeward, 0, 57, 10 
coming, 0, 41, 10 
distance, 0, 51, 10 
fragments, 0, 59, 10 
perished, 0, 51, 10 
follow, 0, 35, 10 
husband, 0, 49, 10 
beneath, 0, 47, 10 
without, 0, 43, 10 
hundred, 0, 47, 10 
wondrous, 0, 55, 10 
welcome, 0, 49, 10 
village, 0, 40, 10 
shouldst, 0, 51, 10 
creator, 0, 43, 10 
perish, 0, 37, 10 
bottom, 0, 40, 10 
faithful, 0, 44, 10 
dismal, 0, 38, 10 
beautiful, 0, 53, 10 
beauteous, 0, 61, 10 
kingdom, 0, 48, 10 
flowers, 0, 43, 10 
pieces, 0, 39, 10 
slumber, 0, 46, 10 
rivers, 0, 35, 10 
thousand, 0, 54, 10 
portals, 0, 42, 10 
silken, 0, 36, 10 
plains, 0, 36, 10 
others, 0, 38, 10 
singer, 0, 37, 10 
shoulders, 0, 58, 10 
lapland, 0, 43, 10 
courser, 0, 45, 10 
sledge, 0, 39, 10 
cottage, 0, 45, 10 
salmon, 0, 41, 10 
safety, 0, 38, 10 
chambers, 0, 56, 10 
whither, 0, 43, 10 
looked, 0, 39, 10 
eternal, 0, 42, 10 
though, 0, 40, 10 
fairest, 0, 40, 10 
listen, 0, 34, 10 
birchtree, 0, 54, 10 
sought, 0, 40, 10 
islands, 0, 43, 10 
waiting, 0, 42, 10 
suitor, 0, 35, 10 
rainbow, 0, 45, 10 
wonder, 0, 41, 10 
strength, 0, 50, 10 
whence, 0, 43, 10 
serpents, 0, 52, 10 
snowsledge, 0, 68, 10 
sunshine, 0, 53, 10 
lemminkainens, 0, 86, 10 
marshes, 0, 49, 10 
highway, 0, 47, 10 
cuckoo, 0, 42, 10 
metals, 0, 39, 10 
destruction, 0, 68, 10 
whirlpool, 0, 53, 10 
border, 0, 38, 10 
indeed, 0, 39, 10 
tongue, 0, 40, 10 
departed, 0, 52, 10 
uttered, 0, 43, 10 
created, 0, 45, 10 
himself, 0, 43, 10 
stream, 0, 40, 10 
longer, 0, 37, 10 
project, 0, 42, 10 
arrows, 0, 39, 10 
another, 0, 45, 10 
anguish, 0, 46, 10 
clouds, 0, 39, 10 
childhood, 0, 57, 10 
calling, 0, 40, 10 
hidden, 0, 39, 10 
forged, 0, 38, 10 
linger, 0, 34, 10 
shining, 0, 43, 10 
wandered, 0, 55, 10 
courtyard, 0, 57, 10 
fashioned, 0, 58, 10 
heather, 0, 45, 10 
playing, 0, 43, 10 
joyance, 0, 46, 10 
 , -1, 4, 16 
wainamoinen, 9, 210, 44 
mother, 7, 94, 38 
ancient, 6, 87, 33 
northland, 6, 113, 33 
through, 6, 92, 33 
waters, 6, 79, 33 
lemminkainen, 5, 157, 31 
maiden, 5, 85, 31 
ilmarinen, 4, 70, 25 
golden, 4, 53, 25 
heroes, 4, 54, 25 
silver, 3, 34, 22 
daughter, 3, 63, 22 
pohyola, 3, 55, 22 
answer, 3, 52, 22 
hostess, 3, 55, 22 
within, 3, 38, 22 
beauty, 2, 39, 19 
forest, 2, 32, 19 
kalevala, 2, 48, 19 
people, 2, 38, 19 
journey, 2, 42, 19 
vessel, 2, 38, 19 
mighty, 2, 39, 19 
should, 2, 38, 19 
little, 2, 20, 19 
maidens, 2, 50, 19 
copper, 2, 40, 19 
second, 2, 43, 19 
father, 2, 32, 19 
singing, 2, 40, 19 
mountains, 1, 55, 16 
minstrel, 1, 40, 16 
thereupon, 1, 54, 16 
quickly, 1, 35, 16 
brought, 1, 41, 16 
heaven, 1, 40, 16 
blacksmith, 1, 55, 16 
wainola, 1, 40, 16 
evening, 1, 42, 16 
hastened, 1, 49, 16 
fingers, 1, 35, 16 
sariola, 1, 34, 16 
straightway, 1, 59, 16 
brother, 1, 38, 16 
magician, 1, 47, 16 
branches, 1, 49, 16 
dwelling, 1, 41, 16 
fields, 1, 26, 16 
filled, 1, 22, 16 
barley, 1, 32, 16 
virgin, 1, 27, 16 
mothers, 1, 44, 16 
sorrow, 1, 36, 16 
wisdom, 1, 41, 16 
sister, 1, 27, 16 
weeping, 1, 45, 16 
master, 1, 37, 16 
billows, 1, 34, 16 
mountain, 0, 45, 14 
worthy, 0, 31, 14 
island, 0, 28, 14 
onward, 0, 36, 14 
cannot, 0, 32, 14 
hither, 0, 26, 14 
fathers, 0, 31, 14 
follows, 0, 32, 14 
pleasure, 0, 42, 14 
trouble, 0, 32, 14 
woodlands, 0, 53, 14 
wicked, 0, 33, 14 
distant, 0, 30, 14 
kaukomieli, 0, 51, 14 
before, 0, 30, 14 
speaks, 0, 34, 14 
reckless, 0, 39, 14 
sacred, 0, 32, 14 
kullerwoinen, 0, 60, 14 
daughters, 0, 48, 14 
heavens, 0, 41, 14 
morning, 0, 39, 14 
forests, 0, 30, 14 
neither, 0, 32, 14 
answered, 0, 48, 14 
kullervo, 0, 37, 14 
wizard, 0, 31, 14 
colors, 0, 28, 14 
manala, 0, 36, 14 
forever, 0, 32, 14 
hastens, 0, 37, 14 
meadows, 0, 47, 14 
beloved, 0, 38, 14 
children, 0, 38, 14 
battle, 0, 25, 14 
kindred, 0, 35, 14 
summer, 0, 39, 14 
wander, 0, 36, 14 
together, 0, 39, 14 
lovely, 0, 27, 14 
hasten, 0, 32, 14 
measures, 0, 48, 14 
addressed, 0, 51, 14 
thought, 0, 35, 14 
moonlight, 0, 47, 14 
better, 0, 26, 14 
borders, 0, 36, 14 
furnace, 0, 35, 14 
called, 0, 28, 14 
finnish, 0, 30, 14 
youkahainen, 0, 62, 14 
homeward, 0, 52, 14 
coming, 0, 35, 14 
distance, 0, 40, 14 
fragments, 0, 47, 14 
perished, 0, 42, 14 
follow, 0, 27, 14 
husband, 0, 42, 14 
beneath, 0, 39, 14 
without, 0, 33, 14 
hundred, 0, 40, 14 
wondrous, 0, 48, 14 
welcome, 0, 43, 14 
village, 0, 30, 14 
shouldst, 0, 40, 14 
creator, 0, 32, 14 
perish, 0, 29, 14 
bottom, 0, 32, 14 
faithful, 0, 30, 14 
dismal, 0, 31, 14 
beautiful, 0, 40, 14 
beauteous, 0, 51, 14 
kingdom, 0, 41, 14 
flowers, 0, 33, 14 
pieces, 0, 31, 14 
slumber, 0, 38, 14 
rivers, 0, 25, 14 
thousand, 0, 45, 14 
portals, 0, 31, 14 
silken, 0, 27, 14 
plains, 0, 28, 14 
others, 0, 29, 14 
singer, 0, 29, 14 
shoulders, 0, 47, 14 
lapland, 0, 35, 14 
courser, 0, 35, 14 
sledge, 0, 32, 14 
cottage, 0, 34, 14 
salmon, 0, 35, 14 
safety, 0, 27, 14 
chambers, 0, 48, 14 
whither, 0, 34, 14 
looked, 0, 32, 14 
eternal, 0, 32, 14 
though, 0, 33, 14 
fairest, 0, 27, 14 
listen, 0, 24, 14 
birchtree, 0, 41, 14 
sought, 0, 32, 14 
islands, 0, 33, 14 
waiting, 0, 33, 14 
suitor, 0, 25, 14 
rainbow, 0, 38, 14 
wonder, 0, 36, 14 
strength, 0, 38, 14 
whence, 0, 38, 14 
serpents, 0, 41, 14 
snowsledge, 0, 58, 14 
sunshine, 0, 44, 14 
lemminkainens, 0, 73, 14 
marshes, 0, 41, 14 
highway, 0, 40, 14 
cuckoo, 0, 34, 14 
metals, 0, 31, 14 
destruction, 0, 51, 14 
whirlpool, 0, 43, 14 
border, 0, 31, 14 
indeed, 0, 33, 14 
tongue, 0, 33, 14 
departed, 0, 43, 14 
uttered, 0, 32, 14 
created, 0, 35, 14 
himself, 0, 33, 14 
stream, 0, 32, 14 
longer, 0, 30, 14 
project, 0, 31, 14 
arrows, 0, 32, 14 
another, 0, 36, 14 
anguish, 0, 38, 14 
clouds, 0, 31, 14 
childhood, 0, 47, 14 
calling, 0, 30, 14 
hidden, 0, 33, 14 
forged, 0, 30, 14 
linger, 0, 26, 14 
shining, 0, 34, 14 
wandered, 0, 49, 14 
courtyard, 0, 44, 14 
fashioned, 0, 47, 14 
heather, 0, 36, 14 
playing, 0, 34, 14 
joyance, 0, 37, 14 
 , -1, 4, 16 
