# tag, weight, width (pixels), height(pixels)
# last tag is white space (fake)
#after sentinel the data may be repeated for alt fonts
wainamoinen, 9, 215, 38 
mother, 6, 88, 30 
ancient, 6, 90, 30 
northland, 6, 120, 30 
through, 6, 99, 30 
waters, 6, 81, 30 
lemminkainen, 5, 145, 27 
maiden, 4, 70, 23 
ilmarinen, 4, 87, 23 
golden, 4, 65, 23 
heroes, 3, 55, 20 
silver, 3, 42, 20 
daughter, 3, 71, 20 
pohyola, 3, 63, 20 
answer, 2, 52, 17 
hostess, 2, 55, 17 
within, 2, 42, 17 
beauty, 2, 48, 17 
forest, 2, 39, 17 
kalevala, 2, 60, 17 
people, 2, 49, 17 
journey, 2, 53, 17 
vessel, 2, 46, 17 
mighty, 1, 39, 15 
should, 1, 38, 15 
little, 1, 24, 15 
maidens, 1, 49, 15 
copper, 1, 39, 15 
second, 1, 42, 15 
father, 1, 33, 15 
singing, 1, 41, 15 
mountains, 1, 60, 15 
minstrel, 1, 46, 15 
thereupon, 1, 57, 15 
quickly, 1, 41, 15 
brought, 1, 43, 15 
heaven, 1, 42, 15 
blacksmith, 1, 63, 15 
wainola, 1, 43, 15 
evening, 0, 41, 11 
hastened, 0, 48, 11 
fingers, 0, 35, 11 
sariola, 0, 34, 11 
straightway, 0, 58, 11 
brother, 0, 37, 11 
magician, 0, 45, 11 
branches, 0, 47, 11 
dwelling, 0, 41, 11 
fields, 0, 27, 11 
filled, 0, 24, 11 
barley, 0, 31, 11 
virgin, 0, 27, 11 
mothers, 0, 41, 11 
sorrow, 0, 33, 11 
wisdom, 0, 37, 11 
sister, 0, 27, 11 
weeping, 0, 43, 11 
master, 0, 34, 11 
billows, 0, 34, 11 
mountain, 0, 47, 11 
worthy, 0, 33, 11 
island, 0, 30, 11 
onward, 0, 37, 11 
cannot, 0, 35, 11 
hither, 0, 29, 11 
fathers, 0, 36, 11 
follows, 0, 35, 11 
pleasure, 0, 44, 11 
trouble, 0, 36, 11 
woodlands, 0, 55, 11 
wicked, 0, 34, 11 
distant, 0, 35, 11 
kaukomieli, 0, 53, 11 
before, 0, 33, 11 
speaks, 0, 36, 11 
reckless, 0, 41, 11 
sacred, 0, 34, 11 
kullerwoinen, 0, 63, 11 
daughters, 0, 52, 11 
heavens, 0, 44, 11 
morning, 0, 41, 11 
forests, 0, 35, 11 
neither, 0, 36, 11 
answered, 0, 49, 11 
kullervo, 0, 39, 11 
wizard, 0, 32, 11 
colors, 0, 30, 11 
manala, 0, 37, 11 
forever, 0, 36, 11 
hastens, 0, 41, 11 
meadows, 0, 48, 11 
beloved, 0, 41, 11 
children, 0, 40, 11 
battle, 0, 29, 11 
kindred, 0, 38, 11 
summer, 0, 39, 11 
wander, 0, 37, 11 
together, 0, 43, 11 
lovely, 0, 29, 11 
hasten, 0, 35, 11 
measures, 0, 49, 11 
 , -1, 4, 16 
wainamoinen, 9, 315, 36 
mother, 6, 123, 27 
ancient, 6, 133, 27 
northland, 6, 175, 27 
through, 6, 141, 27 
waters, 6, 117, 27 
lemminkainen, 5, 215, 23 
maiden, 4, 89, 20 
ilmarinen, 4, 118, 20 
golden, 4, 84, 20 
heroes, 3, 73, 17 
silver, 3, 62, 17 
daughter, 3, 95, 17 
pohyola, 3, 85, 17 
answer, 2, 59, 15 
hostess, 2, 67, 15 
within, 2, 51, 15 
beauty, 2, 57, 15 
forest, 2, 51, 15 
kalevala, 2, 72, 15 
people, 2, 56, 15 
journey, 2, 63, 15 
vessel, 2, 56, 15 
mighty, 1, 42, 11 
should, 1, 43, 11 
little, 1, 30, 11 
maidens, 1, 53, 11 
copper, 1, 44, 11 
second, 1, 46, 11 
father, 1, 39, 11 
singing, 1, 47, 11 
mountains, 1, 66, 11 
minstrel, 1, 51, 11 
thereupon, 1, 66, 11 
quickly, 1, 45, 11 
brought, 1, 50, 11 
heaven, 1, 47, 11 
blacksmith, 1, 68, 11 
wainola, 1, 49, 11 
evening, 0, 46, 10 
hastened, 0, 54, 10 
fingers, 0, 42, 10 
sariola, 0, 41, 10 
straightway, 0, 69, 10 
brother, 0, 43, 10 
magician, 0, 52, 10 
branches, 0, 54, 10 
dwelling, 0, 48, 10 
fields, 0, 34, 10 
filled, 0, 31, 10 
barley, 0, 37, 10 
virgin, 0, 34, 10 
mothers, 0, 47, 10 
sorrow, 0, 39, 10 
wisdom, 0, 42, 10 
sister, 0, 35, 10 
weeping, 0, 47, 10 
master, 0, 40, 10 
billows, 0, 41, 10 
mountain, 0, 53, 10 
worthy, 0, 39, 10 
island, 0, 36, 10 
onward, 0, 41, 10 
cannot, 0, 40, 10 
hither, 0, 35, 10 
fathers, 0, 43, 10 
follows, 0, 42, 10 
pleasure, 0, 51, 10 
trouble, 0, 42, 10 
woodlands, 0, 61, 10 
wicked, 0, 40, 10 
distant, 0, 42, 10 
kaukomieli, 0, 63, 10 
before, 0, 38, 10 
speaks, 0, 42, 10 
reckless, 0, 51, 10 
sacred, 0, 40, 10 
kullerwoinen, 0, 74, 10 
daughters, 0, 59, 10 
heavens, 0, 49, 10 
morning, 0, 46, 10 
forests, 0, 43, 10 
neither, 0, 42, 10 
answered, 0, 55, 10 
kullervo, 0, 48, 10 
wizard, 0, 38, 10 
colors, 0, 37, 10 
manala, 0, 41, 10 
forever, 0, 43, 10 
hastens, 0, 47, 10 
meadows, 0, 52, 10 
beloved, 0, 46, 10 
children, 0, 48, 10 
battle, 0, 35, 10 
kindred, 0, 44, 10 
summer, 0, 44, 10 
wander, 0, 41, 10 
together, 0, 50, 10 
lovely, 0, 36, 10 
hasten, 0, 40, 10 
measures, 0, 56, 10 
 , -1, 4, 16 
wainamoinen, 9, 210, 44 
mother, 6, 84, 33 
ancient, 6, 87, 33 
northland, 6, 113, 33 
through, 6, 92, 33 
waters, 6, 79, 33 
lemminkainen, 5, 157, 31 
maiden, 4, 59, 25 
ilmarinen, 4, 70, 25 
golden, 4, 53, 25 
heroes, 3, 49, 22 
silver, 3, 34, 22 
daughter, 3, 63, 22 
pohyola, 3, 55, 22 
answer, 2, 43, 19 
hostess, 2, 46, 19 
within, 2, 32, 19 
beauty, 2, 39, 19 
forest, 2, 32, 19 
kalevala, 2, 48, 19 
people, 2, 38, 19 
journey, 2, 42, 19 
vessel, 2, 38, 19 
mighty, 1, 35, 16 
should, 1, 35, 16 
little, 1, 18, 16 
maidens, 1, 46, 16 
copper, 1, 37, 16 
second, 1, 39, 16 
father, 1, 30, 16 
singing, 1, 37, 16 
mountains, 1, 55, 16 
minstrel, 1, 40, 16 
thereupon, 1, 54, 16 
quickly, 1, 35, 16 
brought, 1, 41, 16 
heaven, 1, 40, 16 
blacksmith, 1, 55, 16 
wainola, 1, 40, 16 
evening, 0, 38, 14 
hastened, 0, 45, 14 
fingers, 0, 31, 14 
sariola, 0, 31, 14 
straightway, 0, 53, 14 
brother, 0, 33, 14 
magician, 0, 44, 14 
branches, 0, 45, 14 
dwelling, 0, 40, 14 
fields, 0, 24, 14 
filled, 0, 21, 14 
barley, 0, 29, 14 
virgin, 0, 25, 14 
mothers, 0, 38, 14 
sorrow, 0, 32, 14 
wisdom, 0, 37, 14 
sister, 0, 24, 14 
weeping, 0, 41, 14 
master, 0, 32, 14 
billows, 0, 32, 14 
mountain, 0, 45, 14 
worthy, 0, 31, 14 
island, 0, 28, 14 
onward, 0, 36, 14 
cannot, 0, 32, 14 
hither, 0, 26, 14 
fathers, 0, 31, 14 
follows, 0, 32, 14 
pleasure, 0, 42, 14 
trouble, 0, 32, 14 
woodlands, 0, 53, 14 
wicked, 0, 33, 14 
distant, 0, 30, 14 
kaukomieli, 0, 51, 14 
before, 0, 30, 14 
speaks, 0, 34, 14 
reckless, 0, 39, 14 
sacred, 0, 32, 14 
kullerwoinen, 0, 60, 14 
daughters, 0, 48, 14 
heavens, 0, 41, 14 
morning, 0, 39, 14 
forests, 0, 30, 14 
neither, 0, 32, 14 
answered, 0, 48, 14 
kullervo, 0, 37, 14 
wizard, 0, 31, 14 
colors, 0, 28, 14 
manala, 0, 36, 14 
forever, 0, 32, 14 
hastens, 0, 37, 14 
meadows, 0, 47, 14 
beloved, 0, 38, 14 
children, 0, 38, 14 
battle, 0, 25, 14 
kindred, 0, 35, 14 
summer, 0, 39, 14 
wander, 0, 36, 14 
together, 0, 39, 14 
lovely, 0, 27, 14 
hasten, 0, 32, 14 
measures, 0, 48, 14 
 , -1, 4, 16 
