# tag, weight, width (pixels), height(pixels)
# last tag is white space (fake)
#after sentinel the data may be repeated for alt fonts
wainamoinen, 9, 215, 38 
mother, 6, 88, 30 
ancient, 6, 90, 30 
northland, 6, 120, 30 
through, 5, 80, 27 
waters, 5, 70, 27 
lemminkainen, 5, 145, 27 
maiden, 4, 70, 23 
ilmarinen, 3, 73, 20 
golden, 3, 54, 20 
heroes, 3, 55, 20 
silver, 3, 42, 20 
daughter, 2, 63, 17 
pohyola, 2, 57, 17 
answer, 2, 52, 17 
hostess, 2, 55, 17 
within, 2, 42, 17 
beauty, 1, 39, 15 
forest, 1, 33, 15 
kalevala, 1, 48, 15 
people, 1, 38, 15 
journey, 1, 42, 15 
vessel, 1, 38, 15 
mighty, 1, 39, 15 
should, 1, 38, 15 
little, 1, 24, 15 
maidens, 1, 49, 15 
copper, 1, 39, 15 
second, 1, 42, 15 
father, 0, 30, 11 
singing, 0, 37, 11 
mountains, 0, 53, 11 
minstrel, 0, 39, 11 
thereupon, 0, 53, 11 
quickly, 0, 35, 11 
brought, 0, 40, 11 
heaven, 0, 38, 11 
blacksmith, 0, 53, 11 
wainola, 0, 39, 11 
evening, 0, 41, 11 
hastened, 0, 48, 11 
fingers, 0, 35, 11 
sariola, 0, 34, 11 
straightway, 0, 58, 11 
brother, 0, 37, 11 
magician, 0, 45, 11 
branches, 0, 47, 11 
dwelling, 0, 41, 11 
fields, 0, 27, 11 
filled, 0, 24, 11 
barley, 0, 31, 11 
 , -1, 4, 16 
wainamoinen, 9, 315, 36 
mother, 6, 123, 27 
ancient, 6, 133, 27 
northland, 6, 175, 27 
through, 5, 122, 23 
waters, 5, 103, 23 
lemminkainen, 5, 215, 23 
maiden, 4, 89, 20 
ilmarinen, 3, 102, 17 
golden, 3, 73, 17 
heroes, 3, 73, 17 
silver, 3, 62, 17 
daughter, 2, 74, 15 
pohyola, 2, 66, 15 
answer, 2, 59, 15 
hostess, 2, 67, 15 
within, 2, 51, 15 
beauty, 1, 44, 11 
forest, 1, 38, 11 
kalevala, 1, 54, 11 
people, 1, 44, 11 
journey, 1, 48, 11 
vessel, 1, 41, 11 
mighty, 1, 42, 11 
should, 1, 43, 11 
little, 1, 30, 11 
maidens, 1, 53, 11 
copper, 1, 44, 11 
second, 1, 46, 11 
father, 0, 36, 10 
singing, 0, 43, 10 
mountains, 0, 60, 10 
minstrel, 0, 48, 10 
thereupon, 0, 59, 10 
quickly, 0, 43, 10 
brought, 0, 45, 10 
heaven, 0, 42, 10 
blacksmith, 0, 64, 10 
wainola, 0, 44, 10 
evening, 0, 46, 10 
hastened, 0, 54, 10 
fingers, 0, 42, 10 
sariola, 0, 41, 10 
straightway, 0, 69, 10 
brother, 0, 43, 10 
magician, 0, 52, 10 
branches, 0, 54, 10 
dwelling, 0, 48, 10 
fields, 0, 34, 10 
filled, 0, 31, 10 
barley, 0, 37, 10 
 , -1, 4, 16 
wainamoinen, 9, 210, 44 
mother, 6, 84, 33 
ancient, 6, 87, 33 
northland, 6, 113, 33 
through, 5, 87, 31 
waters, 5, 75, 31 
lemminkainen, 5, 157, 31 
maiden, 4, 59, 25 
ilmarinen, 3, 62, 22 
golden, 3, 47, 22 
heroes, 3, 49, 22 
silver, 3, 34, 22 
daughter, 2, 51, 19 
pohyola, 2, 45, 19 
answer, 2, 43, 19 
hostess, 2, 46, 19 
within, 2, 32, 19 
beauty, 1, 36, 16 
forest, 1, 29, 16 
kalevala, 1, 42, 16 
people, 1, 36, 16 
journey, 1, 39, 16 
vessel, 1, 33, 16 
mighty, 1, 35, 16 
should, 1, 35, 16 
little, 1, 18, 16 
maidens, 1, 46, 16 
copper, 1, 37, 16 
second, 1, 39, 16 
father, 0, 26, 14 
singing, 0, 34, 14 
mountains, 0, 50, 14 
minstrel, 0, 37, 14 
thereupon, 0, 49, 14 
quickly, 0, 32, 14 
brought, 0, 36, 14 
heaven, 0, 36, 14 
blacksmith, 0, 50, 14 
wainola, 0, 37, 14 
evening, 0, 38, 14 
hastened, 0, 45, 14 
fingers, 0, 31, 14 
sariola, 0, 31, 14 
straightway, 0, 53, 14 
brother, 0, 33, 14 
magician, 0, 44, 14 
branches, 0, 45, 14 
dwelling, 0, 40, 14 
fields, 0, 24, 14 
filled, 0, 21, 14 
barley, 0, 29, 14 
 , -1, 4, 16 
