# tag, weight, width (pixels), height(pixels)
# last tag is white space (fake)
#after sentinel the data may be repeated for alt fonts
should, 9, 112, 38 
crawley, 8, 118, 36 
himself, 6, 90, 30 
before, 4, 61, 23 
bishop, 3, 53, 20 
nothing, 3, 59, 20 
course, 3, 54, 20 
grantly, 2, 48, 17 
thought, 2, 53, 17 
archdeacon, 2, 84, 17 
though, 2, 49, 17 
little, 2, 29, 17 
herself, 1, 39, 15 
better, 1, 33, 15 
moment, 1, 47, 15 
without, 1, 41, 15 
broughton, 1, 57, 15 
letter, 1, 29, 15 
friend, 1, 32, 15 
father, 1, 33, 15 
because, 1, 49, 15 
anything, 1, 49, 15 
always, 1, 40, 15 
toogood, 1, 46, 15 
indeed, 1, 38, 15 
matter, 1, 37, 15 
suppose, 1, 49, 15 
something, 1, 60, 15 
mother, 1, 40, 15 
johnny, 1, 38, 15 
proudie, 1, 42, 15 
perhaps, 1, 46, 15 
almost, 1, 39, 15 
robarts, 1, 40, 15 
cannot, 1, 39, 15 
thumble, 1, 46, 15 
myself, 1, 39, 15 
things, 0, 31, 11 
barchester, 0, 54, 11 
having, 0, 34, 11 
lufton, 0, 29, 11 
whether, 0, 41, 11 
walker, 0, 32, 11 
cheque, 0, 38, 11 
people, 0, 35, 11 
morning, 0, 41, 11 
dalrymple, 0, 49, 11 
between, 0, 44, 11 
understand, 0, 58, 11 
hogglestock, 0, 62, 11 
certainly, 0, 43, 11 
siever, 0, 30, 11 
hardly, 0, 31, 11 
crawleys, 0, 43, 11 
arabin, 0, 32, 11 
therefore, 0, 47, 11 
against, 0, 38, 11 
conway, 0, 38, 11 
husband, 0, 45, 11 
believe, 0, 37, 11 
daughter, 0, 46, 11 
answer, 0, 36, 11 
another, 0, 40, 11 
through, 0, 40, 11 
present, 0, 39, 11 
question, 0, 44, 11 
crosbie, 0, 37, 11 
enough, 0, 39, 11 
thinking, 0, 40, 11 
tempest, 0, 41, 11 
silverbridge, 0, 58, 11 
altogether, 0, 52, 11 
family, 0, 29, 11 
become, 0, 40, 11 
brought, 0, 40, 11 
clergyman, 0, 52, 11 
together, 0, 43, 11 
thorne, 0, 33, 11 
subject, 0, 37, 11 
coming, 0, 36, 11 
pounds, 0, 38, 11 
spoken, 0, 37, 11 
seemed, 0, 40, 11 
possible, 0, 42, 11 
gentleman, 0, 54, 11 
musselboro, 0, 58, 11 
palace, 0, 34, 11 
business, 0, 45, 11 
trouble, 0, 36, 11 
certain, 0, 35, 11 
demolines, 0, 52, 11 
friends, 0, 35, 11 
parish, 0, 31, 11 
everything, 0, 53, 11 
yourself, 0, 40, 11 
prettyman, 0, 51, 11 
framley, 0, 37, 11 
church, 0, 34, 11 
further, 0, 34, 11 
opinion, 0, 38, 11 
allington, 0, 44, 11 
 , -1, 4, 16 
should, 9, 167, 36 
crawley, 8, 169, 32 
himself, 6, 133, 27 
before, 4, 81, 20 
bishop, 3, 72, 17 
nothing, 3, 81, 17 
course, 3, 72, 17 
grantly, 2, 60, 15 
thought, 2, 64, 15 
archdeacon, 2, 97, 15 
though, 2, 57, 15 
little, 2, 42, 15 
herself, 1, 45, 11 
better, 1, 39, 11 
moment, 1, 49, 11 
without, 1, 47, 11 
broughton, 1, 66, 11 
letter, 1, 35, 11 
friend, 1, 38, 11 
father, 1, 39, 11 
because, 1, 54, 11 
anything, 1, 56, 11 
always, 1, 43, 11 
toogood, 1, 53, 11 
indeed, 1, 44, 11 
matter, 1, 41, 11 
suppose, 1, 54, 11 
something, 1, 66, 11 
mother, 1, 44, 11 
johnny, 1, 43, 11 
proudie, 1, 49, 11 
perhaps, 1, 52, 11 
almost, 1, 42, 11 
robarts, 1, 46, 11 
cannot, 1, 44, 11 
thumble, 1, 51, 11 
myself, 1, 41, 11 
things, 0, 37, 10 
barchester, 0, 64, 10 
having, 0, 39, 10 
lufton, 0, 35, 10 
whether, 0, 46, 10 
walker, 0, 38, 10 
cheque, 0, 42, 10 
people, 0, 39, 10 
morning, 0, 46, 10 
dalrymple, 0, 57, 10 
between, 0, 48, 10 
understand, 0, 66, 10 
hogglestock, 0, 72, 10 
certainly, 0, 53, 10 
siever, 0, 37, 10 
hardly, 0, 37, 10 
crawleys, 0, 52, 10 
arabin, 0, 37, 10 
therefore, 0, 55, 10 
against, 0, 44, 10 
conway, 0, 43, 10 
husband, 0, 49, 10 
believe, 0, 43, 10 
daughter, 0, 52, 10 
answer, 0, 41, 10 
another, 0, 45, 10 
through, 0, 45, 10 
present, 0, 45, 10 
question, 0, 51, 10 
crosbie, 0, 44, 10 
enough, 0, 42, 10 
thinking, 0, 48, 10 
tempest, 0, 47, 10 
silverbridge, 0, 71, 10 
altogether, 0, 61, 10 
family, 0, 36, 10 
become, 0, 44, 10 
brought, 0, 45, 10 
clergyman, 0, 60, 10 
together, 0, 50, 10 
thorne, 0, 38, 10 
subject, 0, 44, 10 
coming, 0, 41, 10 
pounds, 0, 42, 10 
spoken, 0, 42, 10 
seemed, 0, 44, 10 
possible, 0, 50, 10 
gentleman, 0, 60, 10 
musselboro, 0, 67, 10 
palace, 0, 39, 10 
business, 0, 53, 10 
trouble, 0, 42, 10 
certain, 0, 42, 10 
demolines, 0, 59, 10 
friends, 0, 42, 10 
parish, 0, 37, 10 
everything, 0, 63, 10 
yourself, 0, 49, 10 
prettyman, 0, 59, 10 
framley, 0, 44, 10 
church, 0, 40, 10 
further, 0, 41, 10 
opinion, 0, 43, 10 
allington, 0, 52, 10 
 , -1, 4, 16 
should, 9, 104, 44 
crawley, 8, 113, 41 
himself, 6, 85, 33 
before, 4, 49, 25 
bishop, 3, 46, 22 
nothing, 3, 51, 22 
course, 3, 48, 22 
grantly, 2, 38, 19 
thought, 2, 42, 19 
archdeacon, 2, 69, 19 
though, 2, 39, 19 
little, 2, 20, 19 
herself, 1, 35, 16 
better, 1, 30, 16 
moment, 1, 45, 16 
without, 1, 37, 16 
broughton, 1, 54, 16 
letter, 1, 25, 16 
friend, 1, 29, 16 
father, 1, 30, 16 
because, 1, 46, 16 
anything, 1, 44, 16 
always, 1, 36, 16 
toogood, 1, 44, 16 
indeed, 1, 36, 16 
matter, 1, 34, 16 
suppose, 1, 46, 16 
something, 1, 55, 16 
mother, 1, 38, 16 
johnny, 1, 35, 16 
proudie, 1, 40, 16 
perhaps, 1, 44, 16 
almost, 1, 35, 16 
robarts, 1, 37, 16 
cannot, 1, 36, 16 
thumble, 1, 43, 16 
myself, 1, 34, 16 
things, 0, 28, 14 
barchester, 0, 50, 14 
having, 0, 32, 14 
lufton, 0, 25, 14 
whether, 0, 38, 14 
walker, 0, 31, 14 
cheque, 0, 36, 14 
people, 0, 33, 14 
morning, 0, 39, 14 
dalrymple, 0, 47, 14 
between, 0, 41, 14 
understand, 0, 54, 14 
hogglestock, 0, 57, 14 
certainly, 0, 39, 14 
siever, 0, 28, 14 
hardly, 0, 29, 14 
crawleys, 0, 42, 14 
arabin, 0, 30, 14 
therefore, 0, 42, 14 
against, 0, 34, 14 
conway, 0, 37, 14 
husband, 0, 42, 14 
believe, 0, 34, 14 
daughter, 0, 43, 14 
answer, 0, 35, 14 
another, 0, 36, 14 
through, 0, 36, 14 
present, 0, 35, 14 
question, 0, 41, 14 
crosbie, 0, 34, 14 
enough, 0, 37, 14 
thinking, 0, 37, 14 
tempest, 0, 37, 14 
silverbridge, 0, 54, 14 
altogether, 0, 47, 14 
family, 0, 27, 14 
become, 0, 39, 14 
brought, 0, 36, 14 
clergyman, 0, 50, 14 
together, 0, 39, 14 
thorne, 0, 30, 14 
subject, 0, 33, 14 
coming, 0, 35, 14 
pounds, 0, 36, 14 
spoken, 0, 35, 14 
seemed, 0, 39, 14 
possible, 0, 40, 14 
gentleman, 0, 51, 14 
musselboro, 0, 56, 14 
palace, 0, 32, 14 
business, 0, 43, 14 
trouble, 0, 32, 14 
certain, 0, 31, 14 
demolines, 0, 50, 14 
friends, 0, 31, 14 
parish, 0, 29, 14 
everything, 0, 49, 14 
yourself, 0, 37, 14 
prettyman, 0, 47, 14 
framley, 0, 34, 14 
church, 0, 32, 14 
further, 0, 29, 14 
opinion, 0, 35, 14 
allington, 0, 40, 14 
 , -1, 4, 16 
