# tag, weight, width (pixels), height(pixels)
# last tag is white space (fake)
#after sentinel the data may be repeated for alt fonts
should, 9, 112, 38 
crawley, 8, 118, 36 
himself, 5, 75, 27 
before, 3, 51, 20 
bishop, 2, 48, 17 
nothing, 2, 53, 17 
course, 2, 48, 17 
grantly, 2, 48, 17 
thought, 2, 53, 17 
archdeacon, 2, 84, 17 
though, 1, 39, 15 
little, 1, 24, 15 
herself, 1, 39, 15 
better, 1, 33, 15 
moment, 1, 47, 15 
without, 1, 41, 15 
broughton, 1, 57, 15 
letter, 1, 29, 15 
friend, 0, 29, 11 
father, 0, 30, 11 
because, 0, 44, 11 
anything, 0, 44, 11 
always, 0, 34, 11 
toogood, 0, 43, 11 
indeed, 0, 35, 11 
matter, 0, 32, 11 
suppose, 0, 44, 11 
something, 0, 53, 11 
mother, 0, 35, 11 
johnny, 0, 34, 11 
proudie, 0, 39, 11 
perhaps, 0, 42, 11 
almost, 0, 33, 11 
robarts, 0, 36, 11 
cannot, 0, 35, 11 
thumble, 0, 41, 11 
myself, 0, 32, 11 
things, 0, 31, 11 
barchester, 0, 54, 11 
having, 0, 34, 11 
lufton, 0, 29, 11 
whether, 0, 41, 11 
walker, 0, 32, 11 
cheque, 0, 38, 11 
people, 0, 35, 11 
morning, 0, 41, 11 
dalrymple, 0, 49, 11 
between, 0, 44, 11 
understand, 0, 58, 11 
hogglestock, 0, 62, 11 
certainly, 0, 43, 11 
 , -1, 4, 16 
should, 9, 167, 36 
crawley, 8, 169, 32 
himself, 5, 117, 23 
before, 3, 69, 17 
bishop, 2, 56, 15 
nothing, 2, 63, 15 
course, 2, 57, 15 
grantly, 2, 60, 15 
thought, 2, 64, 15 
archdeacon, 2, 97, 15 
though, 1, 45, 11 
little, 1, 30, 11 
herself, 1, 45, 11 
better, 1, 39, 11 
moment, 1, 49, 11 
without, 1, 47, 11 
broughton, 1, 66, 11 
letter, 1, 35, 11 
friend, 0, 35, 10 
father, 0, 36, 10 
because, 0, 49, 10 
anything, 0, 51, 10 
always, 0, 40, 10 
toogood, 0, 47, 10 
indeed, 0, 39, 10 
matter, 0, 38, 10 
suppose, 0, 49, 10 
something, 0, 60, 10 
mother, 0, 40, 10 
johnny, 0, 39, 10 
proudie, 0, 44, 10 
perhaps, 0, 47, 10 
almost, 0, 39, 10 
robarts, 0, 43, 10 
cannot, 0, 40, 10 
thumble, 0, 46, 10 
myself, 0, 39, 10 
things, 0, 37, 10 
barchester, 0, 64, 10 
having, 0, 39, 10 
lufton, 0, 35, 10 
whether, 0, 46, 10 
walker, 0, 38, 10 
cheque, 0, 42, 10 
people, 0, 39, 10 
morning, 0, 46, 10 
dalrymple, 0, 57, 10 
between, 0, 48, 10 
understand, 0, 66, 10 
hogglestock, 0, 72, 10 
certainly, 0, 53, 10 
 , -1, 4, 16 
should, 9, 104, 44 
crawley, 8, 113, 41 
himself, 5, 79, 31 
before, 3, 45, 22 
bishop, 2, 38, 19 
nothing, 2, 41, 19 
course, 2, 40, 19 
grantly, 2, 38, 19 
thought, 2, 42, 19 
archdeacon, 2, 69, 19 
though, 1, 37, 16 
little, 1, 18, 16 
herself, 1, 35, 16 
better, 1, 30, 16 
moment, 1, 45, 16 
without, 1, 37, 16 
broughton, 1, 54, 16 
letter, 1, 25, 16 
friend, 0, 26, 14 
father, 0, 26, 14 
because, 0, 41, 14 
anything, 0, 41, 14 
always, 0, 33, 14 
toogood, 0, 39, 14 
indeed, 0, 33, 14 
matter, 0, 29, 14 
suppose, 0, 41, 14 
something, 0, 50, 14 
mother, 0, 33, 14 
johnny, 0, 32, 14 
proudie, 0, 36, 14 
perhaps, 0, 39, 14 
almost, 0, 31, 14 
robarts, 0, 32, 14 
cannot, 0, 32, 14 
thumble, 0, 38, 14 
myself, 0, 30, 14 
things, 0, 28, 14 
barchester, 0, 50, 14 
having, 0, 32, 14 
lufton, 0, 25, 14 
whether, 0, 38, 14 
walker, 0, 31, 14 
cheque, 0, 36, 14 
people, 0, 33, 14 
morning, 0, 39, 14 
dalrymple, 0, 47, 14 
between, 0, 41, 14 
understand, 0, 54, 14 
hogglestock, 0, 57, 14 
certainly, 0, 39, 14 
 , -1, 4, 16 
