# tag, weight, width (pixels), height(pixels)
# last tag is white space (fake)
#after sentinel the data may be repeated for alt fonts
should, 9, 112, 38 
crawley, 8, 118, 36 
himself, 5, 75, 27 
before, 3, 51, 20 
bishop, 2, 48, 17 
nothing, 2, 53, 17 
course, 1, 39, 15 
grantly, 1, 39, 15 
thought, 1, 43, 15 
archdeacon, 1, 67, 15 
though, 1, 39, 15 
little, 0, 21, 11 
herself, 0, 35, 11 
better, 0, 30, 11 
moment, 0, 40, 11 
without, 0, 37, 11 
broughton, 0, 53, 11 
letter, 0, 26, 11 
friend, 0, 29, 11 
father, 0, 30, 11 
because, 0, 44, 11 
 , -1, 4, 16 
should, 9, 167, 36 
crawley, 8, 169, 32 
himself, 5, 117, 23 
before, 3, 69, 17 
bishop, 2, 56, 15 
nothing, 2, 63, 15 
course, 1, 43, 11 
grantly, 1, 45, 11 
thought, 1, 50, 11 
archdeacon, 1, 75, 11 
though, 1, 45, 11 
little, 0, 29, 10 
herself, 0, 42, 10 
better, 0, 36, 10 
moment, 0, 44, 10 
without, 0, 43, 10 
broughton, 0, 59, 10 
letter, 0, 33, 10 
friend, 0, 35, 10 
father, 0, 36, 10 
because, 0, 49, 10 
 , -1, 4, 16 
should, 9, 104, 44 
crawley, 8, 113, 41 
himself, 5, 79, 31 
before, 3, 45, 22 
bishop, 2, 38, 19 
nothing, 2, 41, 19 
course, 1, 36, 16 
grantly, 1, 35, 16 
thought, 1, 40, 16 
archdeacon, 1, 63, 16 
though, 1, 37, 16 
little, 0, 17, 14 
herself, 0, 31, 14 
better, 0, 26, 14 
moment, 0, 39, 14 
without, 0, 33, 14 
broughton, 0, 49, 14 
letter, 0, 22, 14 
friend, 0, 26, 14 
father, 0, 26, 14 
because, 0, 41, 14 
 , -1, 4, 16 
