# tag, weight, width (pixels), height(pixels)
# last tag is white space (fake)
#after sentinel the data may be repeated for alt fonts
should, 9, 112, 38 
crawley, 8, 118, 36 
himself, 6, 90, 30 
before, 4, 61, 23 
bishop, 3, 53, 20 
nothing, 3, 59, 20 
course, 3, 54, 20 
grantly, 2, 48, 17 
thought, 2, 53, 17 
archdeacon, 2, 84, 17 
though, 2, 49, 17 
little, 2, 29, 17 
herself, 2, 48, 17 
better, 2, 40, 17 
moment, 2, 57, 17 
without, 2, 51, 17 
broughton, 2, 72, 17 
letter, 1, 29, 15 
friend, 1, 32, 15 
father, 1, 33, 15 
because, 1, 49, 15 
anything, 1, 49, 15 
always, 1, 40, 15 
toogood, 1, 46, 15 
indeed, 1, 38, 15 
matter, 1, 37, 15 
suppose, 1, 49, 15 
something, 1, 60, 15 
mother, 1, 40, 15 
johnny, 1, 38, 15 
proudie, 1, 42, 15 
perhaps, 1, 46, 15 
almost, 1, 39, 15 
robarts, 1, 40, 15 
cannot, 1, 39, 15 
thumble, 1, 46, 15 
myself, 1, 39, 15 
things, 1, 35, 15 
barchester, 1, 61, 15 
having, 1, 38, 15 
lufton, 1, 32, 15 
whether, 1, 45, 15 
walker, 1, 37, 15 
cheque, 1, 42, 15 
people, 1, 38, 15 
morning, 1, 46, 15 
dalrymple, 1, 56, 15 
between, 1, 48, 15 
understand, 1, 64, 15 
hogglestock, 1, 70, 15 
certainly, 1, 49, 15 
siever, 1, 35, 15 
hardly, 1, 35, 15 
crawleys, 0, 43, 11 
arabin, 0, 32, 11 
therefore, 0, 47, 11 
against, 0, 38, 11 
conway, 0, 38, 11 
husband, 0, 45, 11 
believe, 0, 37, 11 
daughter, 0, 46, 11 
answer, 0, 36, 11 
another, 0, 40, 11 
through, 0, 40, 11 
present, 0, 39, 11 
question, 0, 44, 11 
crosbie, 0, 37, 11 
enough, 0, 39, 11 
thinking, 0, 40, 11 
tempest, 0, 41, 11 
silverbridge, 0, 58, 11 
altogether, 0, 52, 11 
family, 0, 29, 11 
become, 0, 40, 11 
brought, 0, 40, 11 
clergyman, 0, 52, 11 
together, 0, 43, 11 
thorne, 0, 33, 11 
subject, 0, 37, 11 
coming, 0, 36, 11 
pounds, 0, 38, 11 
spoken, 0, 37, 11 
seemed, 0, 40, 11 
possible, 0, 42, 11 
gentleman, 0, 54, 11 
musselboro, 0, 58, 11 
palace, 0, 34, 11 
business, 0, 45, 11 
trouble, 0, 36, 11 
certain, 0, 35, 11 
demolines, 0, 52, 11 
friends, 0, 35, 11 
parish, 0, 31, 11 
everything, 0, 53, 11 
yourself, 0, 40, 11 
prettyman, 0, 51, 11 
framley, 0, 37, 11 
church, 0, 34, 11 
further, 0, 34, 11 
opinion, 0, 38, 11 
allington, 0, 44, 11 
called, 0, 30, 11 
allowed, 0, 39, 11 
remember, 0, 50, 11 
circumstances, 0, 72, 11 
simply, 0, 31, 11 
rather, 0, 30, 11 
understood, 0, 58, 11 
looked, 0, 34, 11 
occasion, 0, 45, 11 
raffle, 0, 26, 11 
written, 0, 34, 11 
bishops, 0, 40, 11 
standing, 0, 44, 11 
terrible, 0, 35, 11 
walked, 0, 35, 11 
london, 0, 35, 11 
harding, 0, 39, 11 
marriage, 0, 44, 11 
dinner, 0, 32, 11 
probably, 0, 44, 11 
guilty, 0, 27, 11 
squire, 0, 31, 11 
declared, 0, 44, 11 
living, 0, 26, 11 
however, 0, 43, 11 
intended, 0, 45, 11 
plumstead, 0, 53, 11 
children, 0, 40, 11 
married, 0, 38, 11 
cousin, 0, 33, 11 
looking, 0, 37, 11 
really, 0, 27, 11 
position, 0, 40, 11 
within, 0, 29, 11 
office, 0, 28, 11 
necessary, 0, 52, 11 
ladies, 0, 30, 11 
feeling, 0, 35, 11 
turned, 0, 33, 11 
chapter, 0, 39, 11 
either, 0, 29, 11 
saying, 0, 33, 11 
sitting, 0, 31, 11 
lawyer, 0, 32, 11 
picture, 0, 35, 11 
return, 0, 30, 11 
evening, 0, 41, 11 
during, 0, 32, 11 
passed, 0, 37, 11 
strong, 0, 32, 11 
diocese, 0, 40, 11 
minutes, 0, 40, 11 
speaking, 0, 46, 11 
twenty, 0, 33, 11 
received, 0, 43, 11 
bernard, 0, 40, 11 
fellow, 0, 29, 11 
soames, 0, 39, 11 
themselves, 0, 57, 11 
nearly, 0, 31, 11 
magistrates, 0, 59, 11 
across, 0, 33, 11 
pretty, 0, 29, 11 
sister, 0, 27, 11 
comfort, 0, 38, 11 
clergymen, 0, 52, 11 
presence, 0, 47, 11 
nevertheless, 0, 65, 11 
nature, 0, 33, 11 
knowing, 0, 42, 11 
private, 0, 35, 11 
conversation, 0, 65, 11 
anyone, 0, 38, 11 
matters, 0, 38, 11 
became, 0, 40, 11 
making, 0, 36, 11 
afraid, 0, 29, 11 
fathers, 0, 36, 11 
entered, 0, 40, 11 
believed, 0, 43, 11 
expressed, 0, 53, 11 
continued, 0, 51, 11 
special, 0, 36, 11 
difficulty, 0, 42, 11 
theres, 0, 32, 11 
talking, 0, 34, 11 
already, 0, 38, 11 
neither, 0, 36, 11 
county, 0, 34, 11 
regarded, 0, 46, 11 
somewhat, 0, 51, 11 
country, 0, 38, 11 
beyond, 0, 38, 11 
madalina, 0, 46, 11 
please, 0, 34, 11 
opened, 0, 39, 11 
remain, 0, 34, 11 
letters, 0, 32, 11 
nobody, 0, 38, 11 
expect, 0, 34, 11 
 , -1, 4, 16 
should, 9, 167, 36 
crawley, 8, 169, 32 
himself, 6, 133, 27 
before, 4, 81, 20 
bishop, 3, 72, 17 
nothing, 3, 81, 17 
course, 3, 72, 17 
grantly, 2, 60, 15 
thought, 2, 64, 15 
archdeacon, 2, 97, 15 
though, 2, 57, 15 
little, 2, 42, 15 
herself, 2, 60, 15 
better, 2, 51, 15 
moment, 2, 65, 15 
without, 2, 62, 15 
broughton, 2, 84, 15 
letter, 1, 35, 11 
friend, 1, 38, 11 
father, 1, 39, 11 
because, 1, 54, 11 
anything, 1, 56, 11 
always, 1, 43, 11 
toogood, 1, 53, 11 
indeed, 1, 44, 11 
matter, 1, 41, 11 
suppose, 1, 54, 11 
something, 1, 66, 11 
mother, 1, 44, 11 
johnny, 1, 43, 11 
proudie, 1, 49, 11 
perhaps, 1, 52, 11 
almost, 1, 42, 11 
robarts, 1, 46, 11 
cannot, 1, 44, 11 
thumble, 1, 51, 11 
myself, 1, 41, 11 
things, 1, 40, 11 
barchester, 1, 69, 11 
having, 1, 43, 11 
lufton, 1, 38, 11 
whether, 1, 51, 11 
walker, 1, 41, 11 
cheque, 1, 47, 11 
people, 1, 44, 11 
morning, 1, 51, 11 
dalrymple, 1, 62, 11 
between, 1, 54, 11 
understand, 1, 73, 11 
hogglestock, 1, 78, 11 
certainly, 1, 56, 11 
siever, 1, 39, 11 
hardly, 1, 40, 11 
crawleys, 0, 52, 10 
arabin, 0, 37, 10 
therefore, 0, 55, 10 
against, 0, 44, 10 
conway, 0, 43, 10 
husband, 0, 49, 10 
believe, 0, 43, 10 
daughter, 0, 52, 10 
answer, 0, 41, 10 
another, 0, 45, 10 
through, 0, 45, 10 
present, 0, 45, 10 
question, 0, 51, 10 
crosbie, 0, 44, 10 
enough, 0, 42, 10 
thinking, 0, 48, 10 
tempest, 0, 47, 10 
silverbridge, 0, 71, 10 
altogether, 0, 61, 10 
family, 0, 36, 10 
become, 0, 44, 10 
brought, 0, 45, 10 
clergyman, 0, 60, 10 
together, 0, 50, 10 
thorne, 0, 38, 10 
subject, 0, 44, 10 
coming, 0, 41, 10 
pounds, 0, 42, 10 
spoken, 0, 42, 10 
seemed, 0, 44, 10 
possible, 0, 50, 10 
gentleman, 0, 60, 10 
musselboro, 0, 67, 10 
palace, 0, 39, 10 
business, 0, 53, 10 
trouble, 0, 42, 10 
certain, 0, 42, 10 
demolines, 0, 59, 10 
friends, 0, 42, 10 
parish, 0, 37, 10 
everything, 0, 63, 10 
yourself, 0, 49, 10 
prettyman, 0, 59, 10 
framley, 0, 44, 10 
church, 0, 40, 10 
further, 0, 41, 10 
opinion, 0, 43, 10 
allington, 0, 52, 10 
called, 0, 36, 10 
allowed, 0, 44, 10 
remember, 0, 56, 10 
circumstances, 0, 86, 10 
simply, 0, 38, 10 
rather, 0, 36, 10 
understood, 0, 66, 10 
looked, 0, 39, 10 
occasion, 0, 53, 10 
raffle, 0, 33, 10 
written, 0, 41, 10 
bishops, 0, 46, 10 
standing, 0, 51, 10 
terrible, 0, 44, 10 
walked, 0, 40, 10 
london, 0, 39, 10 
harding, 0, 44, 10 
marriage, 0, 51, 10 
dinner, 0, 37, 10 
probably, 0, 51, 10 
guilty, 0, 34, 10 
squire, 0, 37, 10 
declared, 0, 51, 10 
living, 0, 33, 10 
however, 0, 48, 10 
intended, 0, 51, 10 
plumstead, 0, 60, 10 
children, 0, 48, 10 
married, 0, 44, 10 
cousin, 0, 39, 10 
looking, 0, 43, 10 
really, 0, 34, 10 
position, 0, 48, 10 
within, 0, 35, 10 
office, 0, 35, 10 
necessary, 0, 61, 10 
ladies, 0, 36, 10 
feeling, 0, 41, 10 
turned, 0, 38, 10 
chapter, 0, 45, 10 
either, 0, 35, 10 
saying, 0, 39, 10 
sitting, 0, 39, 10 
lawyer, 0, 38, 10 
picture, 0, 42, 10 
return, 0, 36, 10 
evening, 0, 46, 10 
during, 0, 37, 10 
passed, 0, 42, 10 
strong, 0, 38, 10 
diocese, 0, 46, 10 
minutes, 0, 46, 10 
speaking, 0, 53, 10 
twenty, 0, 39, 10 
received, 0, 51, 10 
bernard, 0, 45, 10 
fellow, 0, 35, 10 
soames, 0, 44, 10 
themselves, 0, 67, 10 
nearly, 0, 37, 10 
magistrates, 0, 70, 10 
across, 0, 40, 10 
pretty, 0, 36, 10 
sister, 0, 35, 10 
comfort, 0, 45, 10 
clergymen, 0, 60, 10 
presence, 0, 54, 10 
nevertheless, 0, 77, 10 
nature, 0, 38, 10 
knowing, 0, 47, 10 
private, 0, 42, 10 
conversation, 0, 77, 10 
anyone, 0, 42, 10 
matters, 0, 45, 10 
became, 0, 44, 10 
making, 0, 41, 10 
afraid, 0, 35, 10 
fathers, 0, 43, 10 
entered, 0, 45, 10 
believed, 0, 50, 10 
expressed, 0, 61, 10 
continued, 0, 58, 10 
special, 0, 43, 10 
difficulty, 0, 55, 10 
theres, 0, 38, 10 
talking, 0, 41, 10 
already, 0, 44, 10 
neither, 0, 42, 10 
county, 0, 40, 10 
regarded, 0, 52, 10 
somewhat, 0, 57, 10 
country, 0, 45, 10 
beyond, 0, 42, 10 
madalina, 0, 52, 10 
please, 0, 39, 10 
opened, 0, 42, 10 
remain, 0, 39, 10 
letters, 0, 40, 10 
nobody, 0, 42, 10 
expect, 0, 40, 10 
 , -1, 4, 16 
should, 9, 104, 44 
crawley, 8, 113, 41 
himself, 6, 85, 33 
before, 4, 49, 25 
bishop, 3, 46, 22 
nothing, 3, 51, 22 
course, 3, 48, 22 
grantly, 2, 38, 19 
thought, 2, 42, 19 
archdeacon, 2, 69, 19 
though, 2, 39, 19 
little, 2, 20, 19 
herself, 2, 38, 19 
better, 2, 32, 19 
moment, 2, 49, 19 
without, 2, 40, 19 
broughton, 2, 58, 19 
letter, 1, 25, 16 
friend, 1, 29, 16 
father, 1, 30, 16 
because, 1, 46, 16 
anything, 1, 44, 16 
always, 1, 36, 16 
toogood, 1, 44, 16 
indeed, 1, 36, 16 
matter, 1, 34, 16 
suppose, 1, 46, 16 
something, 1, 55, 16 
mother, 1, 38, 16 
johnny, 1, 35, 16 
proudie, 1, 40, 16 
perhaps, 1, 44, 16 
almost, 1, 35, 16 
robarts, 1, 37, 16 
cannot, 1, 36, 16 
thumble, 1, 43, 16 
myself, 1, 34, 16 
things, 1, 31, 16 
barchester, 1, 56, 16 
having, 1, 35, 16 
lufton, 1, 28, 16 
whether, 1, 43, 16 
walker, 1, 34, 16 
cheque, 1, 40, 16 
people, 1, 36, 16 
morning, 1, 44, 16 
dalrymple, 1, 51, 16 
between, 1, 46, 16 
understand, 1, 60, 16 
hogglestock, 1, 63, 16 
certainly, 1, 42, 16 
siever, 1, 31, 16 
hardly, 1, 32, 16 
crawleys, 0, 42, 14 
arabin, 0, 30, 14 
therefore, 0, 42, 14 
against, 0, 34, 14 
conway, 0, 37, 14 
husband, 0, 42, 14 
believe, 0, 34, 14 
daughter, 0, 43, 14 
answer, 0, 35, 14 
another, 0, 36, 14 
through, 0, 36, 14 
present, 0, 35, 14 
question, 0, 41, 14 
crosbie, 0, 34, 14 
enough, 0, 37, 14 
thinking, 0, 37, 14 
tempest, 0, 37, 14 
silverbridge, 0, 54, 14 
altogether, 0, 47, 14 
family, 0, 27, 14 
become, 0, 39, 14 
brought, 0, 36, 14 
clergyman, 0, 50, 14 
together, 0, 39, 14 
thorne, 0, 30, 14 
subject, 0, 33, 14 
coming, 0, 35, 14 
pounds, 0, 36, 14 
spoken, 0, 35, 14 
seemed, 0, 39, 14 
possible, 0, 40, 14 
gentleman, 0, 51, 14 
musselboro, 0, 56, 14 
palace, 0, 32, 14 
business, 0, 43, 14 
trouble, 0, 32, 14 
certain, 0, 31, 14 
demolines, 0, 50, 14 
friends, 0, 31, 14 
parish, 0, 29, 14 
everything, 0, 49, 14 
yourself, 0, 37, 14 
prettyman, 0, 47, 14 
framley, 0, 34, 14 
church, 0, 32, 14 
further, 0, 29, 14 
opinion, 0, 35, 14 
allington, 0, 40, 14 
called, 0, 28, 14 
allowed, 0, 37, 14 
remember, 0, 50, 14 
circumstances, 0, 68, 14 
simply, 0, 30, 14 
rather, 0, 27, 14 
understood, 0, 54, 14 
looked, 0, 32, 14 
occasion, 0, 43, 14 
raffle, 0, 22, 14 
written, 0, 30, 14 
bishops, 0, 37, 14 
standing, 0, 41, 14 
terrible, 0, 32, 14 
walked, 0, 34, 14 
london, 0, 33, 14 
harding, 0, 36, 14 
marriage, 0, 43, 14 
dinner, 0, 30, 14 
probably, 0, 42, 14 
guilty, 0, 24, 14 
squire, 0, 29, 14 
declared, 0, 42, 14 
living, 0, 24, 14 
however, 0, 41, 14 
intended, 0, 42, 14 
plumstead, 0, 50, 14 
children, 0, 38, 14 
married, 0, 36, 14 
cousin, 0, 31, 14 
looking, 0, 34, 14 
really, 0, 25, 14 
position, 0, 37, 14 
within, 0, 27, 14 
office, 0, 24, 14 
necessary, 0, 49, 14 
ladies, 0, 28, 14 
feeling, 0, 31, 14 
turned, 0, 30, 14 
chapter, 0, 35, 14 
either, 0, 26, 14 
saying, 0, 31, 14 
sitting, 0, 26, 14 
lawyer, 0, 31, 14 
picture, 0, 31, 14 
return, 0, 27, 14 
evening, 0, 38, 14 
during, 0, 30, 14 
passed, 0, 35, 14 
strong, 0, 29, 14 
diocese, 0, 37, 14 
minutes, 0, 37, 14 
speaking, 0, 44, 14 
twenty, 0, 30, 14 
received, 0, 41, 14 
bernard, 0, 37, 14 
fellow, 0, 27, 14 
soames, 0, 38, 14 
themselves, 0, 54, 14 
nearly, 0, 29, 14 
magistrates, 0, 54, 14 
across, 0, 31, 14 
pretty, 0, 25, 14 
sister, 0, 24, 14 
comfort, 0, 34, 14 
clergymen, 0, 50, 14 
presence, 0, 45, 14 
nevertheless, 0, 60, 14 
nature, 0, 30, 14 
knowing, 0, 40, 14 
private, 0, 31, 14 
conversation, 0, 60, 14 
anyone, 0, 36, 14 
matters, 0, 34, 14 
became, 0, 39, 14 
making, 0, 35, 14 
afraid, 0, 26, 14 
fathers, 0, 31, 14 
entered, 0, 36, 14 
believed, 0, 41, 14 
expressed, 0, 50, 14 
continued, 0, 47, 14 
special, 0, 33, 14 
difficulty, 0, 36, 14 
theres, 0, 29, 14 
talking, 0, 30, 14 
already, 0, 35, 14 
neither, 0, 32, 14 
county, 0, 31, 14 
regarded, 0, 44, 14 
somewhat, 0, 50, 14 
country, 0, 34, 14 
beyond, 0, 36, 14 
madalina, 0, 45, 14 
please, 0, 32, 14 
opened, 0, 37, 14 
remain, 0, 33, 14 
letters, 0, 27, 14 
nobody, 0, 36, 14 
expect, 0, 31, 14 
 , -1, 4, 16 
