# tag, weight, width (pixels), height(pixels)
# last tag is white space (fake)
#after sentinel the data may be repeated for alt fonts
wizard, 9, 105, 38 
dorothy, 7, 109, 32 
beasts, 5, 70, 27 
people, 4, 65, 23 
forest, 4, 54, 23 
little, 3, 32, 20 
monkeys, 3, 72, 20 
ruggedo, 2, 59, 17 
before, 1, 36, 15 
birthday, 1, 46, 15 
flower, 1, 34, 15 
replied, 1, 38, 15 
because, 1, 49, 15 
country, 1, 43, 15 
friends, 1, 39, 15 
island, 0, 30, 11 
another, 0, 40, 11 
through, 0, 40, 11 
transform, 0, 48, 11 
around, 0, 36, 11 
palace, 0, 34, 11 
magician, 0, 45, 11 
hungry, 0, 35, 11 
anything, 0, 44, 11 
emerald, 0, 41, 11 
answered, 0, 49, 11 
cowardly, 0, 44, 11 
things, 0, 31, 11 
lonesome, 0, 49, 11 
thought, 0, 40, 11 
present, 0, 39, 11 
project, 0, 35, 11 
transformed, 0, 61, 11 
clearing, 0, 40, 11 
ground, 0, 36, 11 
nothing, 0, 39, 11 
conquer, 0, 42, 11 
better, 0, 30, 11 
beautiful, 0, 45, 11 
become, 0, 40, 11 
secret, 0, 31, 11 
looked, 0, 34, 11 
exclaimed, 0, 51, 11 
pretty, 0, 29, 11 
enough, 0, 39, 11 
wonderful, 0, 50, 11 
brains, 0, 31, 11 
glinda, 0, 31, 11 
declared, 0, 44, 11 
together, 0, 43, 11 
course, 0, 34, 11 
 , -1, 4, 16 
wizard, 9, 160, 36 
dorothy, 7, 153, 30 
beasts, 5, 104, 23 
people, 4, 84, 20 
forest, 4, 75, 20 
little, 3, 53, 17 
monkeys, 3, 92, 17 
ruggedo, 2, 67, 15 
before, 1, 42, 11 
birthday, 1, 53, 11 
flower, 1, 39, 11 
replied, 1, 45, 11 
because, 1, 54, 11 
country, 1, 48, 11 
friends, 1, 45, 11 
island, 0, 36, 10 
another, 0, 45, 10 
through, 0, 45, 10 
transform, 0, 57, 10 
around, 0, 40, 10 
palace, 0, 39, 10 
magician, 0, 52, 10 
hungry, 0, 40, 10 
anything, 0, 51, 10 
emerald, 0, 46, 10 
answered, 0, 55, 10 
cowardly, 0, 52, 10 
things, 0, 37, 10 
lonesome, 0, 55, 10 
thought, 0, 45, 10 
present, 0, 45, 10 
project, 0, 42, 10 
transformed, 0, 71, 10 
clearing, 0, 48, 10 
ground, 0, 40, 10 
nothing, 0, 44, 10 
conquer, 0, 47, 10 
better, 0, 36, 10 
beautiful, 0, 53, 10 
become, 0, 44, 10 
secret, 0, 38, 10 
looked, 0, 39, 10 
exclaimed, 0, 59, 10 
pretty, 0, 36, 10 
enough, 0, 42, 10 
wonderful, 0, 57, 10 
brains, 0, 37, 10 
glinda, 0, 36, 10 
declared, 0, 51, 10 
together, 0, 50, 10 
course, 0, 40, 10 
 , -1, 4, 16 
wizard, 9, 102, 44 
dorothy, 7, 100, 38 
beasts, 5, 76, 31 
people, 4, 53, 25 
forest, 4, 42, 25 
little, 3, 23, 22 
monkeys, 3, 66, 22 
ruggedo, 2, 47, 19 
before, 1, 34, 16 
birthday, 1, 41, 16 
flower, 1, 31, 16 
replied, 1, 35, 16 
because, 1, 46, 16 
country, 1, 39, 16 
friends, 1, 35, 16 
island, 0, 28, 14 
another, 0, 36, 14 
through, 0, 36, 14 
transform, 0, 44, 14 
around, 0, 34, 14 
palace, 0, 32, 14 
magician, 0, 44, 14 
hungry, 0, 33, 14 
anything, 0, 41, 14 
emerald, 0, 39, 14 
answered, 0, 48, 14 
cowardly, 0, 43, 14 
things, 0, 28, 14 
lonesome, 0, 48, 14 
thought, 0, 35, 14 
present, 0, 35, 14 
project, 0, 31, 14 
transformed, 0, 56, 14 
clearing, 0, 38, 14 
ground, 0, 34, 14 
nothing, 0, 35, 14 
conquer, 0, 39, 14 
better, 0, 26, 14 
beautiful, 0, 40, 14 
become, 0, 39, 14 
secret, 0, 28, 14 
looked, 0, 32, 14 
exclaimed, 0, 49, 14 
pretty, 0, 25, 14 
enough, 0, 37, 14 
wonderful, 0, 47, 14 
brains, 0, 29, 14 
glinda, 0, 29, 14 
declared, 0, 42, 14 
together, 0, 39, 14 
course, 0, 32, 14 
 , -1, 4, 16 
