# tag, weight, width (pixels), height(pixels)
# last tag is white space (fake)
#after sentinel the data may be repeated for alt fonts
wizard, 9, 105, 38 
dorothy, 6, 97, 30 
beasts, 4, 64, 23 
people, 4, 65, 23 
forest, 3, 45, 20 
little, 3, 32, 20 
monkeys, 2, 64, 17 
ruggedo, 2, 59, 17 
before, 1, 36, 15 
birthday, 0, 41, 11 
flower, 0, 30, 11 
replied, 0, 35, 11 
because, 0, 44, 11 
country, 0, 38, 11 
friends, 0, 35, 11 
island, 0, 30, 11 
another, 0, 40, 11 
through, 0, 40, 11 
transform, 0, 48, 11 
around, 0, 36, 11 
palace, 0, 34, 11 
 , -1, 4, 16 
wizard, 9, 160, 36 
dorothy, 6, 139, 27 
beasts, 4, 83, 20 
people, 4, 84, 20 
forest, 3, 63, 17 
little, 3, 53, 17 
monkeys, 2, 74, 15 
ruggedo, 2, 67, 15 
before, 1, 42, 11 
birthday, 0, 49, 10 
flower, 0, 36, 10 
replied, 0, 41, 10 
because, 0, 49, 10 
country, 0, 45, 10 
friends, 0, 42, 10 
island, 0, 36, 10 
another, 0, 45, 10 
through, 0, 45, 10 
transform, 0, 57, 10 
around, 0, 40, 10 
palace, 0, 39, 10 
 , -1, 4, 16 
wizard, 9, 102, 44 
dorothy, 6, 90, 33 
beasts, 4, 52, 25 
people, 4, 53, 25 
forest, 3, 39, 22 
little, 3, 23, 22 
monkeys, 2, 55, 19 
ruggedo, 2, 47, 19 
before, 1, 34, 16 
birthday, 0, 38, 14 
flower, 0, 28, 14 
replied, 0, 32, 14 
because, 0, 41, 14 
country, 0, 34, 14 
friends, 0, 31, 14 
island, 0, 28, 14 
another, 0, 36, 14 
through, 0, 36, 14 
transform, 0, 44, 14 
around, 0, 34, 14 
palace, 0, 32, 14 
 , -1, 4, 16 
