# tag, weight, width (pixels), height(pixels)
# last tag is white space (fake)
#after sentinel the data may be repeated for alt fonts
wizard, 9, 105, 38 
dorothy, 7, 109, 32 
beasts, 5, 70, 27 
people, 4, 65, 23 
forest, 4, 54, 23 
little, 3, 32, 20 
monkeys, 3, 72, 20 
ruggedo, 3, 66, 20 
before, 2, 45, 17 
birthday, 2, 57, 17 
flower, 1, 34, 15 
replied, 1, 38, 15 
because, 1, 49, 15 
country, 1, 43, 15 
friends, 1, 39, 15 
island, 1, 34, 15 
another, 1, 43, 15 
through, 1, 43, 15 
transform, 1, 55, 15 
around, 1, 39, 15 
palace, 1, 38, 15 
magician, 1, 52, 15 
hungry, 0, 35, 11 
anything, 0, 44, 11 
emerald, 0, 41, 11 
answered, 0, 49, 11 
cowardly, 0, 44, 11 
things, 0, 31, 11 
lonesome, 0, 49, 11 
thought, 0, 40, 11 
present, 0, 39, 11 
project, 0, 35, 11 
transformed, 0, 61, 11 
clearing, 0, 40, 11 
ground, 0, 36, 11 
nothing, 0, 39, 11 
conquer, 0, 42, 11 
better, 0, 30, 11 
beautiful, 0, 45, 11 
become, 0, 40, 11 
secret, 0, 31, 11 
looked, 0, 34, 11 
exclaimed, 0, 51, 11 
pretty, 0, 29, 11 
enough, 0, 39, 11 
wonderful, 0, 50, 11 
brains, 0, 31, 11 
glinda, 0, 31, 11 
declared, 0, 44, 11 
together, 0, 43, 11 
course, 0, 34, 11 
remarked, 0, 47, 11 
inquired, 0, 41, 11 
without, 0, 37, 11 
himself, 0, 36, 11 
should, 0, 34, 11 
although, 0, 45, 11 
creature, 0, 42, 11 
across, 0, 33, 11 
transformations, 0, 79, 11 
however, 0, 43, 11 
having, 0, 34, 11 
decided, 0, 41, 11 
others, 0, 32, 11 
friend, 0, 29, 11 
reached, 0, 42, 11 
called, 0, 30, 11 
munchkin, 0, 48, 11 
hollow, 0, 32, 11 
wooden, 0, 40, 11 
strange, 0, 39, 11 
monkey, 0, 39, 11 
looking, 0, 37, 11 
something, 0, 53, 11 
changed, 0, 45, 11 
always, 0, 34, 11 
powerful, 0, 43, 11 
unicorn, 0, 38, 11 
placed, 0, 34, 11 
wouldnt, 0, 40, 11 
afraid, 0, 29, 11 
theyre, 0, 32, 11 
returned, 0, 43, 11 
really, 0, 27, 11 
sailor, 0, 27, 11 
gutenberg, 0, 53, 11 
curious, 0, 37, 11 
became, 0, 40, 11 
quickly, 0, 35, 11 
lovely, 0, 29, 11 
flowers, 0, 36, 11 
natural, 0, 36, 11 
flowerpot, 0, 47, 11 
shapes, 0, 37, 11 
seemed, 0, 40, 11 
wanted, 0, 37, 11 
slowly, 0, 30, 11 
walked, 0, 35, 11 
reason, 0, 35, 11 
wicked, 0, 34, 11 
trouble, 0, 36, 11 
 , -1, 4, 16 
wizard, 9, 160, 36 
dorothy, 7, 153, 30 
beasts, 5, 104, 23 
people, 4, 84, 20 
forest, 4, 75, 20 
little, 3, 53, 17 
monkeys, 3, 92, 17 
ruggedo, 3, 87, 17 
before, 2, 54, 15 
birthday, 2, 70, 15 
flower, 1, 39, 11 
replied, 1, 45, 11 
because, 1, 54, 11 
country, 1, 48, 11 
friends, 1, 45, 11 
island, 1, 39, 11 
another, 1, 50, 11 
through, 1, 50, 11 
transform, 1, 61, 11 
around, 1, 45, 11 
palace, 1, 43, 11 
magician, 1, 57, 11 
hungry, 0, 40, 10 
anything, 0, 51, 10 
emerald, 0, 46, 10 
answered, 0, 55, 10 
cowardly, 0, 52, 10 
things, 0, 37, 10 
lonesome, 0, 55, 10 
thought, 0, 45, 10 
present, 0, 45, 10 
project, 0, 42, 10 
transformed, 0, 71, 10 
clearing, 0, 48, 10 
ground, 0, 40, 10 
nothing, 0, 44, 10 
conquer, 0, 47, 10 
better, 0, 36, 10 
beautiful, 0, 53, 10 
become, 0, 44, 10 
secret, 0, 38, 10 
looked, 0, 39, 10 
exclaimed, 0, 59, 10 
pretty, 0, 36, 10 
enough, 0, 42, 10 
wonderful, 0, 57, 10 
brains, 0, 37, 10 
glinda, 0, 36, 10 
declared, 0, 51, 10 
together, 0, 50, 10 
course, 0, 40, 10 
remarked, 0, 54, 10 
inquired, 0, 48, 10 
without, 0, 43, 10 
himself, 0, 43, 10 
should, 0, 39, 10 
although, 0, 51, 10 
creature, 0, 50, 10 
across, 0, 40, 10 
transformations, 0, 94, 10 
however, 0, 48, 10 
having, 0, 39, 10 
decided, 0, 46, 10 
others, 0, 38, 10 
friend, 0, 35, 10 
reached, 0, 47, 10 
called, 0, 36, 10 
munchkin, 0, 55, 10 
hollow, 0, 37, 10 
wooden, 0, 43, 10 
strange, 0, 45, 10 
monkey, 0, 44, 10 
looking, 0, 43, 10 
something, 0, 60, 10 
changed, 0, 49, 10 
always, 0, 40, 10 
powerful, 0, 50, 10 
unicorn, 0, 44, 10 
placed, 0, 39, 10 
wouldnt, 0, 45, 10 
afraid, 0, 35, 10 
theyre, 0, 38, 10 
returned, 0, 50, 10 
really, 0, 34, 10 
sailor, 0, 34, 10 
gutenberg, 0, 59, 10 
curious, 0, 44, 10 
became, 0, 44, 10 
quickly, 0, 43, 10 
lovely, 0, 36, 10 
flowers, 0, 43, 10 
natural, 0, 42, 10 
flowerpot, 0, 55, 10 
shapes, 0, 42, 10 
seemed, 0, 44, 10 
wanted, 0, 41, 10 
slowly, 0, 37, 10 
walked, 0, 40, 10 
reason, 0, 40, 10 
wicked, 0, 40, 10 
trouble, 0, 42, 10 
 , -1, 4, 16 
wizard, 9, 102, 44 
dorothy, 7, 100, 38 
beasts, 5, 76, 31 
people, 4, 53, 25 
forest, 4, 42, 25 
little, 3, 23, 22 
monkeys, 3, 66, 22 
ruggedo, 3, 59, 22 
before, 2, 36, 19 
birthday, 2, 46, 19 
flower, 1, 31, 16 
replied, 1, 35, 16 
because, 1, 46, 16 
country, 1, 39, 16 
friends, 1, 35, 16 
island, 1, 30, 16 
another, 1, 41, 16 
through, 1, 41, 16 
transform, 1, 50, 16 
around, 1, 38, 16 
palace, 1, 35, 16 
magician, 1, 47, 16 
hungry, 0, 33, 14 
anything, 0, 41, 14 
emerald, 0, 39, 14 
answered, 0, 48, 14 
cowardly, 0, 43, 14 
things, 0, 28, 14 
lonesome, 0, 48, 14 
thought, 0, 35, 14 
present, 0, 35, 14 
project, 0, 31, 14 
transformed, 0, 56, 14 
clearing, 0, 38, 14 
ground, 0, 34, 14 
nothing, 0, 35, 14 
conquer, 0, 39, 14 
better, 0, 26, 14 
beautiful, 0, 40, 14 
become, 0, 39, 14 
secret, 0, 28, 14 
looked, 0, 32, 14 
exclaimed, 0, 49, 14 
pretty, 0, 25, 14 
enough, 0, 37, 14 
wonderful, 0, 47, 14 
brains, 0, 29, 14 
glinda, 0, 29, 14 
declared, 0, 42, 14 
together, 0, 39, 14 
course, 0, 32, 14 
remarked, 0, 46, 14 
inquired, 0, 39, 14 
without, 0, 33, 14 
himself, 0, 33, 14 
should, 0, 32, 14 
although, 0, 42, 14 
creature, 0, 39, 14 
across, 0, 31, 14 
transformations, 0, 72, 14 
however, 0, 41, 14 
having, 0, 32, 14 
decided, 0, 38, 14 
others, 0, 29, 14 
friend, 0, 26, 14 
reached, 0, 39, 14 
called, 0, 28, 14 
munchkin, 0, 47, 14 
hollow, 0, 31, 14 
wooden, 0, 39, 14 
strange, 0, 35, 14 
monkey, 0, 38, 14 
looking, 0, 34, 14 
something, 0, 50, 14 
changed, 0, 42, 14 
always, 0, 33, 14 
powerful, 0, 41, 14 
unicorn, 0, 35, 14 
placed, 0, 32, 14 
wouldnt, 0, 37, 14 
afraid, 0, 26, 14 
theyre, 0, 29, 14 
returned, 0, 40, 14 
really, 0, 25, 14 
sailor, 0, 25, 14 
gutenberg, 0, 49, 14 
curious, 0, 34, 14 
became, 0, 39, 14 
quickly, 0, 32, 14 
lovely, 0, 27, 14 
flowers, 0, 33, 14 
natural, 0, 32, 14 
flowerpot, 0, 43, 14 
shapes, 0, 35, 14 
seemed, 0, 39, 14 
wanted, 0, 35, 14 
slowly, 0, 29, 14 
walked, 0, 34, 14 
reason, 0, 33, 14 
wicked, 0, 33, 14 
trouble, 0, 32, 14 
 , -1, 4, 16 
