# tag, weight, width (pixels), height(pixels)
# last tag is white space (fake)
#after sentinel the data may be repeated for alt fonts
wizard, 9, 105, 38 
dorothy, 7, 109, 32 
beasts, 5, 70, 27 
people, 4, 65, 23 
forest, 4, 54, 23 
little, 4, 39, 23 
monkeys, 3, 72, 20 
ruggedo, 3, 66, 20 
before, 2, 45, 17 
birthday, 2, 57, 17 
flower, 2, 43, 17 
replied, 2, 49, 17 
because, 1, 49, 15 
country, 1, 43, 15 
friends, 1, 39, 15 
island, 1, 34, 15 
another, 1, 43, 15 
through, 1, 43, 15 
transform, 1, 55, 15 
around, 1, 39, 15 
palace, 1, 38, 15 
magician, 1, 52, 15 
hungry, 1, 39, 15 
anything, 1, 49, 15 
emerald, 1, 46, 15 
answered, 1, 55, 15 
cowardly, 1, 51, 15 
things, 1, 35, 15 
lonesome, 1, 56, 15 
thought, 1, 43, 15 
present, 1, 43, 15 
project, 0, 35, 11 
transformed, 0, 61, 11 
clearing, 0, 40, 11 
ground, 0, 36, 11 
nothing, 0, 39, 11 
conquer, 0, 42, 11 
better, 0, 30, 11 
beautiful, 0, 45, 11 
become, 0, 40, 11 
secret, 0, 31, 11 
looked, 0, 34, 11 
exclaimed, 0, 51, 11 
pretty, 0, 29, 11 
enough, 0, 39, 11 
wonderful, 0, 50, 11 
brains, 0, 31, 11 
glinda, 0, 31, 11 
declared, 0, 44, 11 
together, 0, 43, 11 
course, 0, 34, 11 
remarked, 0, 47, 11 
inquired, 0, 41, 11 
without, 0, 37, 11 
himself, 0, 36, 11 
should, 0, 34, 11 
although, 0, 45, 11 
creature, 0, 42, 11 
across, 0, 33, 11 
transformations, 0, 79, 11 
however, 0, 43, 11 
having, 0, 34, 11 
decided, 0, 41, 11 
others, 0, 32, 11 
friend, 0, 29, 11 
reached, 0, 42, 11 
called, 0, 30, 11 
munchkin, 0, 48, 11 
hollow, 0, 32, 11 
wooden, 0, 40, 11 
strange, 0, 39, 11 
monkey, 0, 39, 11 
looking, 0, 37, 11 
something, 0, 53, 11 
changed, 0, 45, 11 
always, 0, 34, 11 
powerful, 0, 43, 11 
unicorn, 0, 38, 11 
placed, 0, 34, 11 
wouldnt, 0, 40, 11 
afraid, 0, 29, 11 
theyre, 0, 32, 11 
returned, 0, 43, 11 
really, 0, 27, 11 
sailor, 0, 27, 11 
gutenberg, 0, 53, 11 
curious, 0, 37, 11 
became, 0, 40, 11 
quickly, 0, 35, 11 
lovely, 0, 29, 11 
flowers, 0, 36, 11 
natural, 0, 36, 11 
flowerpot, 0, 47, 11 
shapes, 0, 37, 11 
seemed, 0, 40, 11 
wanted, 0, 37, 11 
slowly, 0, 30, 11 
walked, 0, 35, 11 
reason, 0, 35, 11 
wicked, 0, 34, 11 
trouble, 0, 36, 11 
surprise, 0, 40, 11 
kalidah, 0, 37, 11 
beside, 0, 34, 11 
proper, 0, 33, 11 
gillikin, 0, 31, 11 
forests, 0, 35, 11 
toward, 0, 34, 11 
transformation, 0, 73, 11 
discovered, 0, 55, 11 
animals, 0, 39, 11 
journey, 0, 38, 11 
cannot, 0, 35, 11 
sailorman, 0, 49, 11 
behind, 0, 35, 11 
please, 0, 34, 11 
explained, 0, 50, 11 
indeed, 0, 35, 11 
themselves, 0, 57, 11 
entered, 0, 40, 11 
myself, 0, 32, 11 
longer, 0, 32, 11 
laughed, 0, 42, 11 
fountain, 0, 42, 11 
enchanted, 0, 55, 11 
helpless, 0, 42, 11 
wonder, 0, 37, 11 
suggested, 0, 54, 11 
almost, 0, 33, 11 
suppose, 0, 44, 11 
couldnt, 0, 38, 11 
stranger, 0, 42, 11 
fairyland, 0, 44, 11 
leopard, 0, 39, 11 
theres, 0, 32, 11 
sorceress, 0, 49, 11 
sawhorse, 0, 48, 11 
yellow, 0, 31, 11 
center, 0, 32, 11 
astonished, 0, 56, 11 
pleased, 0, 41, 11 
soldiers, 0, 39, 11 
disappeared, 0, 64, 11 
escape, 0, 37, 11 
anyhow, 0, 39, 11 
enemies, 0, 43, 11 
except, 0, 34, 11 
remember, 0, 50, 11 
golden, 0, 35, 11 
kitten, 0, 28, 11 
filled, 0, 24, 11 
perhaps, 0, 42, 11 
danger, 0, 36, 11 
person, 0, 35, 11 
kingdom, 0, 43, 11 
whispered, 0, 52, 11 
easily, 0, 29, 11 
morning, 0, 41, 11 
turning, 0, 36, 11 
college, 0, 37, 11 
picked, 0, 33, 11 
getting, 0, 36, 11 
splendid, 0, 43, 11 
professor, 0, 48, 11 
pieces, 0, 33, 11 
anyone, 0, 38, 11 
hidden, 0, 35, 11 
strong, 0, 32, 11 
making, 0, 36, 11 
etexts, 0, 31, 11 
between, 0, 44, 11 
watched, 0, 43, 11 
change, 0, 38, 11 
carried, 0, 35, 11 
instantly, 0, 43, 11 
noticed, 0, 38, 11 
forget, 0, 30, 11 
shouted, 0, 42, 11 
pronounce, 0, 55, 11 
everything, 0, 53, 11 
magicians, 0, 51, 11 
scarecrow, 0, 51, 11 
unless, 0, 33, 11 
greatly, 0, 35, 11 
caught, 0, 35, 11 
terrible, 0, 35, 11 
places, 0, 33, 11 
happened, 0, 52, 11 
pronounced, 0, 61, 11 
rabbit, 0, 29, 11 
havent, 0, 35, 11 
thinking, 0, 40, 11 
kalidahs, 0, 42, 11 
herself, 0, 35, 11 
thoughtfully, 0, 60, 11 
seated, 0, 35, 11 
desert, 0, 32, 11 
dreadful, 0, 42, 11 
frightened, 0, 52, 11 
against, 0, 38, 11 
inside, 0, 30, 11 
 , -1, 4, 16 
wizard, 9, 160, 36 
dorothy, 7, 153, 30 
beasts, 5, 104, 23 
people, 4, 84, 20 
forest, 4, 75, 20 
little, 4, 62, 20 
monkeys, 3, 92, 17 
ruggedo, 3, 87, 17 
before, 2, 54, 15 
birthday, 2, 70, 15 
flower, 2, 52, 15 
replied, 2, 59, 15 
because, 1, 54, 11 
country, 1, 48, 11 
friends, 1, 45, 11 
island, 1, 39, 11 
another, 1, 50, 11 
through, 1, 50, 11 
transform, 1, 61, 11 
around, 1, 45, 11 
palace, 1, 43, 11 
magician, 1, 57, 11 
hungry, 1, 44, 11 
anything, 1, 56, 11 
emerald, 1, 51, 11 
answered, 1, 61, 11 
cowardly, 1, 56, 11 
things, 1, 40, 11 
lonesome, 1, 61, 11 
thought, 1, 50, 11 
present, 1, 49, 11 
project, 0, 42, 10 
transformed, 0, 71, 10 
clearing, 0, 48, 10 
ground, 0, 40, 10 
nothing, 0, 44, 10 
conquer, 0, 47, 10 
better, 0, 36, 10 
beautiful, 0, 53, 10 
become, 0, 44, 10 
secret, 0, 38, 10 
looked, 0, 39, 10 
exclaimed, 0, 59, 10 
pretty, 0, 36, 10 
enough, 0, 42, 10 
wonderful, 0, 57, 10 
brains, 0, 37, 10 
glinda, 0, 36, 10 
declared, 0, 51, 10 
together, 0, 50, 10 
course, 0, 40, 10 
remarked, 0, 54, 10 
inquired, 0, 48, 10 
without, 0, 43, 10 
himself, 0, 43, 10 
should, 0, 39, 10 
although, 0, 51, 10 
creature, 0, 50, 10 
across, 0, 40, 10 
transformations, 0, 94, 10 
however, 0, 48, 10 
having, 0, 39, 10 
decided, 0, 46, 10 
others, 0, 38, 10 
friend, 0, 35, 10 
reached, 0, 47, 10 
called, 0, 36, 10 
munchkin, 0, 55, 10 
hollow, 0, 37, 10 
wooden, 0, 43, 10 
strange, 0, 45, 10 
monkey, 0, 44, 10 
looking, 0, 43, 10 
something, 0, 60, 10 
changed, 0, 49, 10 
always, 0, 40, 10 
powerful, 0, 50, 10 
unicorn, 0, 44, 10 
placed, 0, 39, 10 
wouldnt, 0, 45, 10 
afraid, 0, 35, 10 
theyre, 0, 38, 10 
returned, 0, 50, 10 
really, 0, 34, 10 
sailor, 0, 34, 10 
gutenberg, 0, 59, 10 
curious, 0, 44, 10 
became, 0, 44, 10 
quickly, 0, 43, 10 
lovely, 0, 36, 10 
flowers, 0, 43, 10 
natural, 0, 42, 10 
flowerpot, 0, 55, 10 
shapes, 0, 42, 10 
seemed, 0, 44, 10 
wanted, 0, 41, 10 
slowly, 0, 37, 10 
walked, 0, 40, 10 
reason, 0, 40, 10 
wicked, 0, 40, 10 
trouble, 0, 42, 10 
surprise, 0, 49, 10 
kalidah, 0, 43, 10 
beside, 0, 39, 10 
proper, 0, 38, 10 
gillikin, 0, 41, 10 
forests, 0, 43, 10 
toward, 0, 39, 10 
transformation, 0, 87, 10 
discovered, 0, 65, 10 
animals, 0, 45, 10 
journey, 0, 44, 10 
cannot, 0, 40, 10 
sailorman, 0, 57, 10 
behind, 0, 39, 10 
please, 0, 39, 10 
explained, 0, 57, 10 
indeed, 0, 39, 10 
themselves, 0, 67, 10 
entered, 0, 45, 10 
myself, 0, 39, 10 
longer, 0, 37, 10 
laughed, 0, 46, 10 
fountain, 0, 49, 10 
enchanted, 0, 61, 10 
helpless, 0, 50, 10 
wonder, 0, 41, 10 
suggested, 0, 61, 10 
almost, 0, 39, 10 
suppose, 0, 49, 10 
couldnt, 0, 44, 10 
stranger, 0, 50, 10 
fairyland, 0, 53, 10 
leopard, 0, 44, 10 
theres, 0, 38, 10 
sorceress, 0, 59, 10 
sawhorse, 0, 55, 10 
yellow, 0, 37, 10 
center, 0, 38, 10 
astonished, 0, 65, 10 
pleased, 0, 46, 10 
soldiers, 0, 48, 10 
disappeared, 0, 72, 10 
escape, 0, 42, 10 
anyhow, 0, 43, 10 
enemies, 0, 48, 10 
except, 0, 40, 10 
remember, 0, 56, 10 
golden, 0, 39, 10 
kitten, 0, 35, 10 
filled, 0, 31, 10 
perhaps, 0, 47, 10 
danger, 0, 40, 10 
person, 0, 40, 10 
kingdom, 0, 48, 10 
whispered, 0, 59, 10 
easily, 0, 36, 10 
morning, 0, 46, 10 
turning, 0, 42, 10 
college, 0, 43, 10 
picked, 0, 39, 10 
getting, 0, 42, 10 
splendid, 0, 50, 10 
professor, 0, 57, 10 
pieces, 0, 39, 10 
anyone, 0, 42, 10 
hidden, 0, 39, 10 
strong, 0, 38, 10 
making, 0, 41, 10 
etexts, 0, 38, 10 
between, 0, 48, 10 
watched, 0, 48, 10 
change, 0, 42, 10 
carried, 0, 42, 10 
instantly, 0, 53, 10 
noticed, 0, 44, 10 
forget, 0, 36, 10 
shouted, 0, 47, 10 
pronounce, 0, 61, 10 
everything, 0, 63, 10 
magicians, 0, 59, 10 
scarecrow, 0, 60, 10 
unless, 0, 39, 10 
greatly, 0, 42, 10 
caught, 0, 40, 10 
terrible, 0, 44, 10 
places, 0, 39, 10 
happened, 0, 56, 10 
pronounced, 0, 68, 10 
rabbit, 0, 35, 10 
havent, 0, 40, 10 
thinking, 0, 48, 10 
kalidahs, 0, 50, 10 
herself, 0, 42, 10 
thoughtfully, 0, 72, 10 
seated, 0, 40, 10 
desert, 0, 38, 10 
dreadful, 0, 49, 10 
frightened, 0, 61, 10 
against, 0, 44, 10 
inside, 0, 36, 10 
 , -1, 4, 16 
wizard, 9, 102, 44 
dorothy, 7, 100, 38 
beasts, 5, 76, 31 
people, 4, 53, 25 
forest, 4, 42, 25 
little, 4, 27, 25 
monkeys, 3, 66, 22 
ruggedo, 3, 59, 22 
before, 2, 36, 19 
birthday, 2, 46, 19 
flower, 2, 34, 19 
replied, 2, 37, 19 
because, 1, 46, 16 
country, 1, 39, 16 
friends, 1, 35, 16 
island, 1, 30, 16 
another, 1, 41, 16 
through, 1, 41, 16 
transform, 1, 50, 16 
around, 1, 38, 16 
palace, 1, 35, 16 
magician, 1, 47, 16 
hungry, 1, 37, 16 
anything, 1, 44, 16 
emerald, 1, 44, 16 
answered, 1, 52, 16 
cowardly, 1, 46, 16 
things, 1, 31, 16 
lonesome, 1, 52, 16 
thought, 1, 40, 16 
present, 1, 40, 16 
project, 0, 31, 14 
transformed, 0, 56, 14 
clearing, 0, 38, 14 
ground, 0, 34, 14 
nothing, 0, 35, 14 
conquer, 0, 39, 14 
better, 0, 26, 14 
beautiful, 0, 40, 14 
become, 0, 39, 14 
secret, 0, 28, 14 
looked, 0, 32, 14 
exclaimed, 0, 49, 14 
pretty, 0, 25, 14 
enough, 0, 37, 14 
wonderful, 0, 47, 14 
brains, 0, 29, 14 
glinda, 0, 29, 14 
declared, 0, 42, 14 
together, 0, 39, 14 
course, 0, 32, 14 
remarked, 0, 46, 14 
inquired, 0, 39, 14 
without, 0, 33, 14 
himself, 0, 33, 14 
should, 0, 32, 14 
although, 0, 42, 14 
creature, 0, 39, 14 
across, 0, 31, 14 
transformations, 0, 72, 14 
however, 0, 41, 14 
having, 0, 32, 14 
decided, 0, 38, 14 
others, 0, 29, 14 
friend, 0, 26, 14 
reached, 0, 39, 14 
called, 0, 28, 14 
munchkin, 0, 47, 14 
hollow, 0, 31, 14 
wooden, 0, 39, 14 
strange, 0, 35, 14 
monkey, 0, 38, 14 
looking, 0, 34, 14 
something, 0, 50, 14 
changed, 0, 42, 14 
always, 0, 33, 14 
powerful, 0, 41, 14 
unicorn, 0, 35, 14 
placed, 0, 32, 14 
wouldnt, 0, 37, 14 
afraid, 0, 26, 14 
theyre, 0, 29, 14 
returned, 0, 40, 14 
really, 0, 25, 14 
sailor, 0, 25, 14 
gutenberg, 0, 49, 14 
curious, 0, 34, 14 
became, 0, 39, 14 
quickly, 0, 32, 14 
lovely, 0, 27, 14 
flowers, 0, 33, 14 
natural, 0, 32, 14 
flowerpot, 0, 43, 14 
shapes, 0, 35, 14 
seemed, 0, 39, 14 
wanted, 0, 35, 14 
slowly, 0, 29, 14 
walked, 0, 34, 14 
reason, 0, 33, 14 
wicked, 0, 33, 14 
trouble, 0, 32, 14 
surprise, 0, 38, 14 
kalidah, 0, 34, 14 
beside, 0, 32, 14 
proper, 0, 31, 14 
gillikin, 0, 29, 14 
forests, 0, 30, 14 
toward, 0, 32, 14 
transformation, 0, 67, 14 
discovered, 0, 52, 14 
animals, 0, 37, 14 
journey, 0, 35, 14 
cannot, 0, 32, 14 
sailorman, 0, 47, 14 
behind, 0, 33, 14 
please, 0, 32, 14 
explained, 0, 47, 14 
indeed, 0, 33, 14 
themselves, 0, 54, 14 
entered, 0, 36, 14 
myself, 0, 30, 14 
longer, 0, 30, 14 
laughed, 0, 39, 14 
fountain, 0, 38, 14 
enchanted, 0, 51, 14 
helpless, 0, 40, 14 
wonder, 0, 36, 14 
suggested, 0, 50, 14 
almost, 0, 31, 14 
suppose, 0, 41, 14 
couldnt, 0, 34, 14 
stranger, 0, 39, 14 
fairyland, 0, 40, 14 
leopard, 0, 36, 14 
theres, 0, 29, 14 
sorceress, 0, 46, 14 
sawhorse, 0, 47, 14 
yellow, 0, 30, 14 
center, 0, 29, 14 
astonished, 0, 52, 14 
pleased, 0, 38, 14 
soldiers, 0, 37, 14 
disappeared, 0, 60, 14 
escape, 0, 35, 14 
anyhow, 0, 38, 14 
enemies, 0, 41, 14 
except, 0, 31, 14 
remember, 0, 50, 14 
golden, 0, 33, 14 
kitten, 0, 24, 14 
filled, 0, 21, 14 
perhaps, 0, 39, 14 
danger, 0, 34, 14 
person, 0, 33, 14 
kingdom, 0, 41, 14 
whispered, 0, 50, 14 
easily, 0, 27, 14 
morning, 0, 39, 14 
turning, 0, 32, 14 
college, 0, 34, 14 
picked, 0, 31, 14 
getting, 0, 31, 14 
splendid, 0, 41, 14 
professor, 0, 44, 14 
pieces, 0, 31, 14 
anyone, 0, 36, 14 
hidden, 0, 33, 14 
strong, 0, 29, 14 
making, 0, 35, 14 
etexts, 0, 27, 14 
between, 0, 41, 14 
watched, 0, 40, 14 
change, 0, 36, 14 
carried, 0, 32, 14 
instantly, 0, 38, 14 
noticed, 0, 34, 14 
forget, 0, 26, 14 
shouted, 0, 38, 14 
pronounce, 0, 52, 14 
everything, 0, 49, 14 
magicians, 0, 49, 14 
scarecrow, 0, 49, 14 
unless, 0, 31, 14 
greatly, 0, 31, 14 
caught, 0, 32, 14 
terrible, 0, 32, 14 
places, 0, 31, 14 
happened, 0, 50, 14 
pronounced, 0, 58, 14 
rabbit, 0, 26, 14 
havent, 0, 32, 14 
thinking, 0, 37, 14 
kalidahs, 0, 40, 14 
herself, 0, 31, 14 
thoughtfully, 0, 53, 14 
seated, 0, 32, 14 
desert, 0, 29, 14 
dreadful, 0, 39, 14 
frightened, 0, 47, 14 
against, 0, 34, 14 
inside, 0, 28, 14 
 , -1, 4, 16 
