# tag, weight, width (pixels), height(pixels)
# last tag is white space (fake)
#after sentinel the data may be repeated for alt fonts
eustacia, 9, 136, 38 
yeobright, 8, 148, 36 
wildeve, 7, 105, 32 
thomasin, 6, 115, 30 
should, 5, 69, 27 
before, 4, 61, 23 
little, 4, 39, 23 
without, 3, 57, 20 
though, 3, 55, 20 
thought, 3, 60, 20 
nothing, 2, 53, 17 
mother, 2, 49, 17 
reddleman, 2, 76, 17 
towards, 2, 56, 17 
looked, 2, 48, 17 
himself, 2, 51, 17 
christian, 2, 60, 17 
through, 2, 54, 17 
another, 1, 43, 15 
because, 1, 49, 15 
fairway, 1, 41, 15 
something, 1, 60, 15 
enough, 1, 42, 15 
seemed, 1, 46, 15 
better, 1, 33, 15 
between, 1, 48, 15 
herself, 1, 39, 15 
things, 1, 35, 15 
against, 1, 42, 15 
looking, 1, 41, 15 
turned, 1, 36, 15 
moment, 1, 47, 15 
coming, 1, 42, 15 
cannot, 1, 39, 15 
evening, 1, 45, 15 
course, 1, 39, 15 
always, 1, 40, 15 
almost, 1, 39, 15 
within, 1, 33, 15 
passed, 1, 42, 15 
appeared, 1, 53, 15 
eustacias, 1, 56, 15 
having, 1, 38, 15 
husband, 0, 45, 11 
grandfer, 0, 43, 11 
minutes, 0, 40, 11 
rather, 0, 30, 11 
suppose, 0, 44, 11 
reached, 0, 42, 11 
morning, 0, 41, 11 
anything, 0, 44, 11 
brought, 0, 40, 11 
hardly, 0, 31, 11 
window, 0, 37, 11 
perhaps, 0, 42, 11 
longer, 0, 32, 11 
present, 0, 39, 11 
walked, 0, 35, 11 
across, 0, 33, 11 
married, 0, 38, 11 
cantle, 0, 31, 11 
myself, 0, 32, 11 
figure, 0, 29, 11 
person, 0, 35, 11 
behind, 0, 35, 11 
yeobrights, 0, 53, 11 
charley, 0, 37, 11 
manner, 0, 38, 11 
garden, 0, 36, 11 
people, 0, 35, 11 
replied, 0, 35, 11 
further, 0, 34, 11 
bloomsend, 0, 56, 11 
standing, 0, 44, 11 
became, 0, 40, 11 
reason, 0, 35, 11 
returned, 0, 43, 11 
matter, 0, 32, 11 
theres, 0, 32, 11 
remained, 0, 47, 11 
tonight, 0, 36, 11 
entered, 0, 40, 11 
marriage, 0, 44, 11 
strange, 0, 39, 11 
afternoon, 0, 50, 11 
continued, 0, 51, 11 
believe, 0, 37, 11 
followed, 0, 42, 11 
together, 0, 43, 11 
indeed, 0, 35, 11 
position, 0, 40, 11 
beyond, 0, 38, 11 
wildeves, 0, 43, 11 
really, 0, 27, 11 
nobody, 0, 38, 11 
during, 0, 32, 11 
rainbarrow, 0, 53, 11 
thomasins, 0, 52, 11 
direction, 0, 44, 11 
lantern, 0, 36, 11 
walking, 0, 38, 11 
called, 0, 30, 11 
humphrey, 0, 50, 11 
outside, 0, 38, 11 
diggory, 0, 38, 11 
mistover, 0, 42, 11 
please, 0, 34, 11 
opened, 0, 39, 11 
feeling, 0, 35, 11 
return, 0, 30, 11 
yourself, 0, 40, 11 
around, 0, 36, 11 
murmured, 0, 50, 11 
possible, 0, 42, 11 
oclock, 0, 32, 11 
forward, 0, 38, 11 
sometimes, 0, 54, 11 
trouble, 0, 36, 11 
themselves, 0, 57, 11 
grandfather, 0, 60, 11 
except, 0, 34, 11 
visible, 0, 32, 11 
captain, 0, 38, 11 
budmouth, 0, 51, 11 
question, 0, 44, 11 
situation, 0, 44, 11 
business, 0, 45, 11 
beside, 0, 34, 11 
nearly, 0, 31, 11 
lonely, 0, 30, 11 
become, 0, 40, 11 
mothers, 0, 41, 11 
corner, 0, 32, 11 
necessary, 0, 52, 11 
certain, 0, 35, 11 
thinking, 0, 40, 11 
showed, 0, 39, 11 
meeting, 0, 41, 11 
itself, 0, 24, 11 
ground, 0, 36, 11 
valley, 0, 29, 11 
father, 0, 30, 11 
letter, 0, 26, 11 
carried, 0, 35, 11 
others, 0, 32, 11 
living, 0, 26, 11 
nature, 0, 33, 11 
getting, 0, 36, 11 
silence, 0, 36, 11 
however, 0, 43, 11 
chance, 0, 37, 11 
project, 0, 35, 11 
merely, 0, 33, 11 
wished, 0, 35, 11 
formed, 0, 35, 11 
minute, 0, 34, 11 
cousin, 0, 33, 11 
purpose, 0, 42, 11 
wedding, 0, 43, 11 
anybody, 0, 44, 11 
distance, 0, 43, 11 
whether, 0, 41, 11 
summer, 0, 39, 11 
church, 0, 34, 11 
turning, 0, 36, 11 
closed, 0, 33, 11 
presence, 0, 47, 11 
quickly, 0, 35, 11 
instead, 0, 38, 11 
neither, 0, 36, 11 
colour, 0, 31, 11 
beginning, 0, 51, 11 
barrow, 0, 34, 11 
darkness, 0, 46, 11 
immediately, 0, 60, 11 
anxious, 0, 40, 11 
scarcely, 0, 41, 11 
interest, 0, 38, 11 
bonfire, 0, 36, 11 
natural, 0, 36, 11 
couldnt, 0, 38, 11 
thoughts, 0, 45, 11 
placed, 0, 34, 11 
answer, 0, 36, 11 
somewhat, 0, 51, 11 
either, 0, 29, 11 
descended, 0, 57, 11 
seeing, 0, 34, 11 
country, 0, 38, 11 
silent, 0, 27, 11 
inside, 0, 30, 11 
certainly, 0, 43, 11 
timothy, 0, 37, 11 
answered, 0, 49, 11 
indoors, 0, 38, 11 
arrived, 0, 35, 11 
account, 0, 41, 11 
winter, 0, 30, 11 
advanced, 0, 50, 11 
clothes, 0, 37, 11 
slowly, 0, 30, 11 
 , -1, 4, 16 
eustacia, 9, 210, 36 
yeobright, 8, 214, 32 
wildeve, 7, 148, 30 
thomasin, 6, 163, 27 
should, 5, 106, 23 
before, 4, 81, 20 
little, 4, 62, 20 
without, 3, 79, 17 
though, 3, 73, 17 
thought, 3, 81, 17 
nothing, 2, 63, 15 
mother, 2, 58, 15 
reddleman, 2, 87, 15 
towards, 2, 66, 15 
looked, 2, 56, 15 
himself, 2, 63, 15 
christian, 2, 76, 15 
through, 2, 64, 15 
another, 1, 50, 11 
because, 1, 54, 11 
fairway, 1, 46, 11 
something, 1, 66, 11 
enough, 1, 48, 11 
seemed, 1, 49, 11 
better, 1, 39, 11 
between, 1, 54, 11 
herself, 1, 45, 11 
things, 1, 40, 11 
against, 1, 48, 11 
looking, 1, 47, 11 
turned, 1, 42, 11 
moment, 1, 49, 11 
coming, 1, 45, 11 
cannot, 1, 44, 11 
evening, 1, 51, 11 
course, 1, 43, 11 
always, 1, 43, 11 
almost, 1, 42, 11 
within, 1, 38, 11 
passed, 1, 46, 11 
appeared, 1, 61, 11 
eustacias, 1, 62, 11 
having, 1, 43, 11 
husband, 0, 49, 10 
grandfer, 0, 50, 10 
minutes, 0, 46, 10 
rather, 0, 36, 10 
suppose, 0, 49, 10 
reached, 0, 47, 10 
morning, 0, 46, 10 
anything, 0, 51, 10 
brought, 0, 45, 10 
hardly, 0, 37, 10 
window, 0, 41, 10 
perhaps, 0, 47, 10 
longer, 0, 37, 10 
present, 0, 45, 10 
walked, 0, 40, 10 
across, 0, 40, 10 
married, 0, 44, 10 
cantle, 0, 37, 10 
myself, 0, 39, 10 
figure, 0, 35, 10 
person, 0, 40, 10 
behind, 0, 39, 10 
yeobrights, 0, 63, 10 
charley, 0, 44, 10 
manner, 0, 42, 10 
garden, 0, 40, 10 
people, 0, 39, 10 
replied, 0, 41, 10 
further, 0, 41, 10 
bloomsend, 0, 62, 10 
standing, 0, 51, 10 
became, 0, 44, 10 
reason, 0, 40, 10 
returned, 0, 50, 10 
matter, 0, 38, 10 
theres, 0, 38, 10 
remained, 0, 53, 10 
tonight, 0, 42, 10 
entered, 0, 45, 10 
marriage, 0, 51, 10 
strange, 0, 45, 10 
afternoon, 0, 57, 10 
continued, 0, 58, 10 
believe, 0, 43, 10 
followed, 0, 49, 10 
together, 0, 50, 10 
indeed, 0, 39, 10 
position, 0, 48, 10 
beyond, 0, 42, 10 
wildeves, 0, 51, 10 
really, 0, 34, 10 
nobody, 0, 42, 10 
during, 0, 37, 10 
rainbarrow, 0, 62, 10 
thomasins, 0, 60, 10 
direction, 0, 53, 10 
lantern, 0, 42, 10 
walking, 0, 44, 10 
called, 0, 36, 10 
humphrey, 0, 56, 10 
outside, 0, 44, 10 
diggory, 0, 44, 10 
mistover, 0, 51, 10 
please, 0, 39, 10 
opened, 0, 42, 10 
feeling, 0, 41, 10 
return, 0, 36, 10 
yourself, 0, 49, 10 
around, 0, 40, 10 
murmured, 0, 56, 10 
possible, 0, 50, 10 
oclock, 0, 39, 10 
forward, 0, 44, 10 
sometimes, 0, 62, 10 
trouble, 0, 42, 10 
themselves, 0, 67, 10 
grandfather, 0, 69, 10 
except, 0, 40, 10 
visible, 0, 40, 10 
captain, 0, 44, 10 
budmouth, 0, 56, 10 
question, 0, 51, 10 
situation, 0, 53, 10 
business, 0, 53, 10 
beside, 0, 39, 10 
nearly, 0, 37, 10 
lonely, 0, 36, 10 
become, 0, 44, 10 
mothers, 0, 47, 10 
corner, 0, 38, 10 
necessary, 0, 61, 10 
certain, 0, 42, 10 
thinking, 0, 48, 10 
showed, 0, 43, 10 
meeting, 0, 46, 10 
itself, 0, 32, 10 
ground, 0, 40, 10 
valley, 0, 36, 10 
father, 0, 36, 10 
letter, 0, 33, 10 
carried, 0, 42, 10 
others, 0, 38, 10 
living, 0, 33, 10 
nature, 0, 38, 10 
getting, 0, 42, 10 
silence, 0, 43, 10 
however, 0, 48, 10 
chance, 0, 42, 10 
project, 0, 42, 10 
merely, 0, 39, 10 
wished, 0, 40, 10 
formed, 0, 40, 10 
minute, 0, 39, 10 
cousin, 0, 39, 10 
purpose, 0, 47, 10 
wedding, 0, 47, 10 
anybody, 0, 49, 10 
distance, 0, 51, 10 
whether, 0, 46, 10 
summer, 0, 44, 10 
church, 0, 40, 10 
turning, 0, 42, 10 
closed, 0, 39, 10 
presence, 0, 54, 10 
quickly, 0, 43, 10 
instead, 0, 44, 10 
neither, 0, 42, 10 
colour, 0, 37, 10 
beginning, 0, 57, 10 
barrow, 0, 39, 10 
darkness, 0, 54, 10 
immediately, 0, 70, 10 
anxious, 0, 46, 10 
scarcely, 0, 51, 10 
interest, 0, 47, 10 
bonfire, 0, 42, 10 
natural, 0, 42, 10 
couldnt, 0, 44, 10 
thoughts, 0, 52, 10 
placed, 0, 39, 10 
answer, 0, 41, 10 
somewhat, 0, 57, 10 
either, 0, 35, 10 
descended, 0, 63, 10 
seeing, 0, 39, 10 
country, 0, 45, 10 
silent, 0, 34, 10 
inside, 0, 36, 10 
certainly, 0, 53, 10 
timothy, 0, 44, 10 
answered, 0, 55, 10 
indoors, 0, 44, 10 
arrived, 0, 42, 10 
account, 0, 47, 10 
winter, 0, 36, 10 
advanced, 0, 56, 10 
clothes, 0, 44, 10 
slowly, 0, 37, 10 
 , -1, 4, 16 
eustacia, 9, 130, 44 
yeobright, 8, 136, 41 
wildeve, 7, 102, 38 
thomasin, 6, 110, 33 
should, 5, 76, 31 
before, 4, 49, 25 
little, 4, 27, 25 
without, 3, 49, 22 
though, 3, 49, 22 
thought, 3, 53, 22 
nothing, 2, 41, 19 
mother, 2, 41, 19 
reddleman, 2, 62, 19 
towards, 2, 46, 19 
looked, 2, 38, 19 
himself, 2, 41, 19 
christian, 2, 48, 19 
through, 2, 43, 19 
another, 1, 41, 16 
because, 1, 46, 16 
fairway, 1, 37, 16 
something, 1, 55, 16 
enough, 1, 41, 16 
seemed, 1, 44, 16 
better, 1, 30, 16 
between, 1, 46, 16 
herself, 1, 35, 16 
things, 1, 31, 16 
against, 1, 38, 16 
looking, 1, 37, 16 
turned, 1, 34, 16 
moment, 1, 45, 16 
coming, 1, 39, 16 
cannot, 1, 36, 16 
evening, 1, 42, 16 
course, 1, 36, 16 
always, 1, 36, 16 
almost, 1, 35, 16 
within, 1, 29, 16 
passed, 1, 39, 16 
appeared, 1, 51, 16 
eustacias, 1, 49, 16 
having, 1, 35, 16 
husband, 0, 42, 14 
grandfer, 0, 40, 14 
minutes, 0, 37, 14 
rather, 0, 27, 14 
suppose, 0, 41, 14 
reached, 0, 39, 14 
morning, 0, 39, 14 
anything, 0, 41, 14 
brought, 0, 36, 14 
hardly, 0, 29, 14 
window, 0, 37, 14 
perhaps, 0, 39, 14 
longer, 0, 30, 14 
present, 0, 35, 14 
walked, 0, 34, 14 
across, 0, 31, 14 
married, 0, 36, 14 
cantle, 0, 28, 14 
myself, 0, 30, 14 
figure, 0, 26, 14 
person, 0, 33, 14 
behind, 0, 33, 14 
yeobrights, 0, 49, 14 
charley, 0, 34, 14 
manner, 0, 37, 14 
garden, 0, 34, 14 
people, 0, 33, 14 
replied, 0, 32, 14 
further, 0, 29, 14 
bloomsend, 0, 54, 14 
standing, 0, 41, 14 
became, 0, 39, 14 
reason, 0, 33, 14 
returned, 0, 40, 14 
matter, 0, 29, 14 
theres, 0, 29, 14 
remained, 0, 46, 14 
tonight, 0, 31, 14 
entered, 0, 36, 14 
marriage, 0, 43, 14 
strange, 0, 35, 14 
afternoon, 0, 45, 14 
continued, 0, 47, 14 
believe, 0, 34, 14 
followed, 0, 40, 14 
together, 0, 39, 14 
indeed, 0, 33, 14 
position, 0, 37, 14 
beyond, 0, 36, 14 
wildeves, 0, 42, 14 
really, 0, 25, 14 
nobody, 0, 36, 14 
during, 0, 30, 14 
rainbarrow, 0, 51, 14 
thomasins, 0, 49, 14 
direction, 0, 40, 14 
lantern, 0, 32, 14 
walking, 0, 36, 14 
called, 0, 28, 14 
humphrey, 0, 49, 14 
outside, 0, 34, 14 
diggory, 0, 35, 14 
mistover, 0, 40, 14 
please, 0, 32, 14 
opened, 0, 37, 14 
feeling, 0, 31, 14 
return, 0, 27, 14 
yourself, 0, 37, 14 
around, 0, 34, 14 
murmured, 0, 50, 14 
possible, 0, 40, 14 
oclock, 0, 30, 14 
forward, 0, 35, 14 
sometimes, 0, 52, 14 
trouble, 0, 32, 14 
themselves, 0, 54, 14 
grandfather, 0, 54, 14 
except, 0, 31, 14 
visible, 0, 29, 14 
captain, 0, 34, 14 
budmouth, 0, 49, 14 
question, 0, 41, 14 
situation, 0, 39, 14 
business, 0, 43, 14 
beside, 0, 32, 14 
nearly, 0, 29, 14 
lonely, 0, 28, 14 
become, 0, 39, 14 
mothers, 0, 38, 14 
corner, 0, 30, 14 
necessary, 0, 49, 14 
certain, 0, 31, 14 
thinking, 0, 37, 14 
showed, 0, 38, 14 
meeting, 0, 38, 14 
itself, 0, 20, 14 
ground, 0, 34, 14 
valley, 0, 27, 14 
father, 0, 26, 14 
letter, 0, 22, 14 
carried, 0, 32, 14 
others, 0, 29, 14 
living, 0, 24, 14 
nature, 0, 30, 14 
getting, 0, 31, 14 
silence, 0, 33, 14 
however, 0, 41, 14 
chance, 0, 35, 14 
project, 0, 31, 14 
merely, 0, 32, 14 
wished, 0, 34, 14 
formed, 0, 33, 14 
minute, 0, 32, 14 
cousin, 0, 31, 14 
purpose, 0, 39, 14 
wedding, 0, 41, 14 
anybody, 0, 41, 14 
distance, 0, 40, 14 
whether, 0, 38, 14 
summer, 0, 39, 14 
church, 0, 32, 14 
turning, 0, 32, 14 
closed, 0, 31, 14 
presence, 0, 45, 14 
quickly, 0, 32, 14 
instead, 0, 34, 14 
neither, 0, 32, 14 
colour, 0, 29, 14 
beginning, 0, 48, 14 
barrow, 0, 33, 14 
darkness, 0, 44, 14 
immediately, 0, 57, 14 
anxious, 0, 37, 14 
scarcely, 0, 39, 14 
interest, 0, 34, 14 
bonfire, 0, 32, 14 
natural, 0, 32, 14 
couldnt, 0, 34, 14 
thoughts, 0, 41, 14 
placed, 0, 32, 14 
answer, 0, 35, 14 
somewhat, 0, 50, 14 
either, 0, 26, 14 
descended, 0, 54, 14 
seeing, 0, 32, 14 
country, 0, 34, 14 
silent, 0, 24, 14 
inside, 0, 28, 14 
certainly, 0, 39, 14 
timothy, 0, 33, 14 
answered, 0, 48, 14 
indoors, 0, 35, 14 
arrived, 0, 32, 14 
account, 0, 37, 14 
winter, 0, 28, 14 
advanced, 0, 48, 14 
clothes, 0, 33, 14 
slowly, 0, 29, 14 
 , -1, 4, 16 
