# tag, weight, width (pixels), height(pixels)
# last tag is white space (fake)
#after sentinel the data may be repeated for alt fonts
eustacia, 9, 136, 38 
yeobright, 7, 133, 32 
wildeve, 7, 105, 32 
thomasin, 5, 96, 27 
should, 4, 64, 23 
before, 4, 61, 23 
little, 4, 39, 23 
without, 3, 57, 20 
though, 3, 55, 20 
thought, 2, 53, 17 
nothing, 2, 53, 17 
mother, 2, 49, 17 
reddleman, 2, 76, 17 
towards, 2, 56, 17 
looked, 2, 48, 17 
himself, 1, 42, 15 
christian, 1, 49, 15 
through, 1, 43, 15 
another, 1, 43, 15 
because, 1, 49, 15 
fairway, 1, 41, 15 
something, 1, 60, 15 
enough, 1, 42, 15 
seemed, 1, 46, 15 
better, 1, 33, 15 
between, 1, 48, 15 
herself, 1, 39, 15 
things, 1, 35, 15 
against, 1, 42, 15 
looking, 1, 41, 15 
turned, 1, 36, 15 
moment, 1, 47, 15 
coming, 0, 36, 11 
cannot, 0, 35, 11 
evening, 0, 41, 11 
course, 0, 34, 11 
always, 0, 34, 11 
almost, 0, 33, 11 
within, 0, 29, 11 
passed, 0, 37, 11 
appeared, 0, 49, 11 
eustacias, 0, 49, 11 
having, 0, 34, 11 
husband, 0, 45, 11 
grandfer, 0, 43, 11 
minutes, 0, 40, 11 
rather, 0, 30, 11 
suppose, 0, 44, 11 
reached, 0, 42, 11 
morning, 0, 41, 11 
anything, 0, 44, 11 
brought, 0, 40, 11 
hardly, 0, 31, 11 
window, 0, 37, 11 
perhaps, 0, 42, 11 
longer, 0, 32, 11 
present, 0, 39, 11 
walked, 0, 35, 11 
across, 0, 33, 11 
married, 0, 38, 11 
cantle, 0, 31, 11 
myself, 0, 32, 11 
figure, 0, 29, 11 
person, 0, 35, 11 
behind, 0, 35, 11 
yeobrights, 0, 53, 11 
charley, 0, 37, 11 
manner, 0, 38, 11 
garden, 0, 36, 11 
people, 0, 35, 11 
replied, 0, 35, 11 
further, 0, 34, 11 
bloomsend, 0, 56, 11 
standing, 0, 44, 11 
became, 0, 40, 11 
reason, 0, 35, 11 
returned, 0, 43, 11 
matter, 0, 32, 11 
theres, 0, 32, 11 
remained, 0, 47, 11 
tonight, 0, 36, 11 
entered, 0, 40, 11 
marriage, 0, 44, 11 
strange, 0, 39, 11 
afternoon, 0, 50, 11 
continued, 0, 51, 11 
believe, 0, 37, 11 
followed, 0, 42, 11 
together, 0, 43, 11 
indeed, 0, 35, 11 
position, 0, 40, 11 
beyond, 0, 38, 11 
wildeves, 0, 43, 11 
really, 0, 27, 11 
nobody, 0, 38, 11 
during, 0, 32, 11 
rainbarrow, 0, 53, 11 
thomasins, 0, 52, 11 
direction, 0, 44, 11 
lantern, 0, 36, 11 
walking, 0, 38, 11 
 , -1, 4, 16 
eustacia, 9, 210, 36 
yeobright, 7, 190, 30 
wildeve, 7, 148, 30 
thomasin, 5, 143, 23 
should, 4, 83, 20 
before, 4, 81, 20 
little, 4, 62, 20 
without, 3, 79, 17 
though, 3, 73, 17 
thought, 2, 64, 15 
nothing, 2, 63, 15 
mother, 2, 58, 15 
reddleman, 2, 87, 15 
towards, 2, 66, 15 
looked, 2, 56, 15 
himself, 1, 46, 11 
christian, 1, 56, 11 
through, 1, 50, 11 
another, 1, 50, 11 
because, 1, 54, 11 
fairway, 1, 46, 11 
something, 1, 66, 11 
enough, 1, 48, 11 
seemed, 1, 49, 11 
better, 1, 39, 11 
between, 1, 54, 11 
herself, 1, 45, 11 
things, 1, 40, 11 
against, 1, 48, 11 
looking, 1, 47, 11 
turned, 1, 42, 11 
moment, 1, 49, 11 
coming, 0, 41, 10 
cannot, 0, 40, 10 
evening, 0, 46, 10 
course, 0, 40, 10 
always, 0, 40, 10 
almost, 0, 39, 10 
within, 0, 35, 10 
passed, 0, 42, 10 
appeared, 0, 54, 10 
eustacias, 0, 58, 10 
having, 0, 39, 10 
husband, 0, 49, 10 
grandfer, 0, 50, 10 
minutes, 0, 46, 10 
rather, 0, 36, 10 
suppose, 0, 49, 10 
reached, 0, 47, 10 
morning, 0, 46, 10 
anything, 0, 51, 10 
brought, 0, 45, 10 
hardly, 0, 37, 10 
window, 0, 41, 10 
perhaps, 0, 47, 10 
longer, 0, 37, 10 
present, 0, 45, 10 
walked, 0, 40, 10 
across, 0, 40, 10 
married, 0, 44, 10 
cantle, 0, 37, 10 
myself, 0, 39, 10 
figure, 0, 35, 10 
person, 0, 40, 10 
behind, 0, 39, 10 
yeobrights, 0, 63, 10 
charley, 0, 44, 10 
manner, 0, 42, 10 
garden, 0, 40, 10 
people, 0, 39, 10 
replied, 0, 41, 10 
further, 0, 41, 10 
bloomsend, 0, 62, 10 
standing, 0, 51, 10 
became, 0, 44, 10 
reason, 0, 40, 10 
returned, 0, 50, 10 
matter, 0, 38, 10 
theres, 0, 38, 10 
remained, 0, 53, 10 
tonight, 0, 42, 10 
entered, 0, 45, 10 
marriage, 0, 51, 10 
strange, 0, 45, 10 
afternoon, 0, 57, 10 
continued, 0, 58, 10 
believe, 0, 43, 10 
followed, 0, 49, 10 
together, 0, 50, 10 
indeed, 0, 39, 10 
position, 0, 48, 10 
beyond, 0, 42, 10 
wildeves, 0, 51, 10 
really, 0, 34, 10 
nobody, 0, 42, 10 
during, 0, 37, 10 
rainbarrow, 0, 62, 10 
thomasins, 0, 60, 10 
direction, 0, 53, 10 
lantern, 0, 42, 10 
walking, 0, 44, 10 
 , -1, 4, 16 
eustacia, 9, 130, 44 
yeobright, 7, 124, 38 
wildeve, 7, 102, 38 
thomasin, 5, 104, 31 
should, 4, 52, 25 
before, 4, 49, 25 
little, 4, 27, 25 
without, 3, 49, 22 
though, 3, 49, 22 
thought, 2, 42, 19 
nothing, 2, 41, 19 
mother, 2, 41, 19 
reddleman, 2, 62, 19 
towards, 2, 46, 19 
looked, 2, 38, 19 
himself, 1, 37, 16 
christian, 1, 42, 16 
through, 1, 41, 16 
another, 1, 41, 16 
because, 1, 46, 16 
fairway, 1, 37, 16 
something, 1, 55, 16 
enough, 1, 41, 16 
seemed, 1, 44, 16 
better, 1, 30, 16 
between, 1, 46, 16 
herself, 1, 35, 16 
things, 1, 31, 16 
against, 1, 38, 16 
looking, 1, 37, 16 
turned, 1, 34, 16 
moment, 1, 45, 16 
coming, 0, 35, 14 
cannot, 0, 32, 14 
evening, 0, 38, 14 
course, 0, 32, 14 
always, 0, 33, 14 
almost, 0, 31, 14 
within, 0, 27, 14 
passed, 0, 35, 14 
appeared, 0, 47, 14 
eustacias, 0, 45, 14 
having, 0, 32, 14 
husband, 0, 42, 14 
grandfer, 0, 40, 14 
minutes, 0, 37, 14 
rather, 0, 27, 14 
suppose, 0, 41, 14 
reached, 0, 39, 14 
morning, 0, 39, 14 
anything, 0, 41, 14 
brought, 0, 36, 14 
hardly, 0, 29, 14 
window, 0, 37, 14 
perhaps, 0, 39, 14 
longer, 0, 30, 14 
present, 0, 35, 14 
walked, 0, 34, 14 
across, 0, 31, 14 
married, 0, 36, 14 
cantle, 0, 28, 14 
myself, 0, 30, 14 
figure, 0, 26, 14 
person, 0, 33, 14 
behind, 0, 33, 14 
yeobrights, 0, 49, 14 
charley, 0, 34, 14 
manner, 0, 37, 14 
garden, 0, 34, 14 
people, 0, 33, 14 
replied, 0, 32, 14 
further, 0, 29, 14 
bloomsend, 0, 54, 14 
standing, 0, 41, 14 
became, 0, 39, 14 
reason, 0, 33, 14 
returned, 0, 40, 14 
matter, 0, 29, 14 
theres, 0, 29, 14 
remained, 0, 46, 14 
tonight, 0, 31, 14 
entered, 0, 36, 14 
marriage, 0, 43, 14 
strange, 0, 35, 14 
afternoon, 0, 45, 14 
continued, 0, 47, 14 
believe, 0, 34, 14 
followed, 0, 40, 14 
together, 0, 39, 14 
indeed, 0, 33, 14 
position, 0, 37, 14 
beyond, 0, 36, 14 
wildeves, 0, 42, 14 
really, 0, 25, 14 
nobody, 0, 36, 14 
during, 0, 30, 14 
rainbarrow, 0, 51, 14 
thomasins, 0, 49, 14 
direction, 0, 40, 14 
lantern, 0, 32, 14 
walking, 0, 36, 14 
 , -1, 4, 16 
