# tag, weight, width (pixels), height(pixels)
# last tag is white space (fake)
#after sentinel the data may be repeated for alt fonts
eustacia, 9, 136, 38 
yeobright, 7, 133, 32 
wildeve, 7, 105, 32 
thomasin, 5, 96, 27 
should, 4, 64, 23 
before, 3, 51, 20 
little, 3, 32, 20 
without, 3, 57, 20 
though, 2, 49, 17 
thought, 2, 53, 17 
nothing, 2, 53, 17 
mother, 2, 49, 17 
reddleman, 1, 60, 15 
towards, 1, 45, 15 
looked, 1, 38, 15 
himself, 1, 42, 15 
christian, 1, 49, 15 
through, 1, 43, 15 
another, 1, 43, 15 
because, 1, 49, 15 
fairway, 1, 41, 15 
something, 0, 53, 11 
enough, 0, 39, 11 
seemed, 0, 40, 11 
better, 0, 30, 11 
between, 0, 44, 11 
herself, 0, 35, 11 
things, 0, 31, 11 
against, 0, 38, 11 
looking, 0, 37, 11 
turned, 0, 33, 11 
moment, 0, 40, 11 
coming, 0, 36, 11 
cannot, 0, 35, 11 
evening, 0, 41, 11 
course, 0, 34, 11 
always, 0, 34, 11 
almost, 0, 33, 11 
within, 0, 29, 11 
passed, 0, 37, 11 
appeared, 0, 49, 11 
eustacias, 0, 49, 11 
having, 0, 34, 11 
husband, 0, 45, 11 
grandfer, 0, 43, 11 
minutes, 0, 40, 11 
rather, 0, 30, 11 
suppose, 0, 44, 11 
reached, 0, 42, 11 
morning, 0, 41, 11 
anything, 0, 44, 11 
 , -1, 4, 16 
eustacia, 9, 210, 36 
yeobright, 7, 190, 30 
wildeve, 7, 148, 30 
thomasin, 5, 143, 23 
should, 4, 83, 20 
before, 3, 69, 17 
little, 3, 53, 17 
without, 3, 79, 17 
though, 2, 57, 15 
thought, 2, 64, 15 
nothing, 2, 63, 15 
mother, 2, 58, 15 
reddleman, 1, 67, 11 
towards, 1, 50, 11 
looked, 1, 43, 11 
himself, 1, 46, 11 
christian, 1, 56, 11 
through, 1, 50, 11 
another, 1, 50, 11 
because, 1, 54, 11 
fairway, 1, 46, 11 
something, 0, 60, 10 
enough, 0, 42, 10 
seemed, 0, 44, 10 
better, 0, 36, 10 
between, 0, 48, 10 
herself, 0, 42, 10 
things, 0, 37, 10 
against, 0, 44, 10 
looking, 0, 43, 10 
turned, 0, 38, 10 
moment, 0, 44, 10 
coming, 0, 41, 10 
cannot, 0, 40, 10 
evening, 0, 46, 10 
course, 0, 40, 10 
always, 0, 40, 10 
almost, 0, 39, 10 
within, 0, 35, 10 
passed, 0, 42, 10 
appeared, 0, 54, 10 
eustacias, 0, 58, 10 
having, 0, 39, 10 
husband, 0, 49, 10 
grandfer, 0, 50, 10 
minutes, 0, 46, 10 
rather, 0, 36, 10 
suppose, 0, 49, 10 
reached, 0, 47, 10 
morning, 0, 46, 10 
anything, 0, 51, 10 
 , -1, 4, 16 
eustacia, 9, 130, 44 
yeobright, 7, 124, 38 
wildeve, 7, 102, 38 
thomasin, 5, 104, 31 
should, 4, 52, 25 
before, 3, 45, 22 
little, 3, 23, 22 
without, 3, 49, 22 
though, 2, 39, 19 
thought, 2, 42, 19 
nothing, 2, 41, 19 
mother, 2, 41, 19 
reddleman, 1, 57, 16 
towards, 1, 42, 16 
looked, 1, 35, 16 
himself, 1, 37, 16 
christian, 1, 42, 16 
through, 1, 41, 16 
another, 1, 41, 16 
because, 1, 46, 16 
fairway, 1, 37, 16 
something, 0, 50, 14 
enough, 0, 37, 14 
seemed, 0, 39, 14 
better, 0, 26, 14 
between, 0, 41, 14 
herself, 0, 31, 14 
things, 0, 28, 14 
against, 0, 34, 14 
looking, 0, 34, 14 
turned, 0, 30, 14 
moment, 0, 39, 14 
coming, 0, 35, 14 
cannot, 0, 32, 14 
evening, 0, 38, 14 
course, 0, 32, 14 
always, 0, 33, 14 
almost, 0, 31, 14 
within, 0, 27, 14 
passed, 0, 35, 14 
appeared, 0, 47, 14 
eustacias, 0, 45, 14 
having, 0, 32, 14 
husband, 0, 42, 14 
grandfer, 0, 40, 14 
minutes, 0, 37, 14 
rather, 0, 27, 14 
suppose, 0, 41, 14 
reached, 0, 39, 14 
morning, 0, 39, 14 
anything, 0, 41, 14 
 , -1, 4, 16 
