# tag, weight, width (pixels), height(pixels)
# last tag is white space (fake)
#after sentinel the data may be repeated for alt fonts
eustacia, 9, 136, 38 
yeobright, 7, 133, 32 
wildeve, 6, 92, 30 
thomasin, 5, 96, 27 
should, 3, 53, 20 
before, 3, 51, 20 
little, 3, 32, 20 
without, 2, 51, 17 
though, 1, 39, 15 
thought, 1, 43, 15 
nothing, 1, 42, 15 
mother, 1, 40, 15 
reddleman, 0, 54, 11 
towards, 0, 40, 11 
looked, 0, 34, 11 
himself, 0, 36, 11 
christian, 0, 43, 11 
through, 0, 40, 11 
another, 0, 40, 11 
because, 0, 44, 11 
fairway, 0, 36, 11 
 , -1, 4, 16 
eustacia, 9, 210, 36 
yeobright, 7, 190, 30 
wildeve, 6, 136, 27 
thomasin, 5, 143, 23 
should, 3, 72, 17 
before, 3, 69, 17 
little, 3, 53, 17 
without, 2, 62, 15 
though, 1, 45, 11 
thought, 1, 50, 11 
nothing, 1, 49, 11 
mother, 1, 44, 11 
reddleman, 0, 60, 10 
towards, 0, 46, 10 
looked, 0, 39, 10 
himself, 0, 43, 10 
christian, 0, 53, 10 
through, 0, 45, 10 
another, 0, 45, 10 
because, 0, 49, 10 
fairway, 0, 43, 10 
 , -1, 4, 16 
eustacia, 9, 130, 44 
yeobright, 7, 124, 38 
wildeve, 6, 91, 33 
thomasin, 5, 104, 31 
should, 3, 46, 22 
before, 3, 45, 22 
little, 3, 23, 22 
without, 2, 40, 19 
though, 1, 37, 16 
thought, 1, 40, 16 
nothing, 1, 39, 16 
mother, 1, 38, 16 
reddleman, 0, 52, 14 
towards, 0, 37, 14 
looked, 0, 32, 14 
himself, 0, 33, 14 
christian, 0, 39, 14 
through, 0, 36, 14 
another, 0, 36, 14 
because, 0, 41, 14 
fairway, 0, 33, 14 
 , -1, 4, 16 
