# tag, weight, width (pixels), height(pixels)
# last tag is white space (fake)
#after sentinel the data may be repeated for alt fonts
country, 9, 125, 38 
indian, 6, 76, 30 
indians, 6, 90, 30 
western, 6, 97, 30 
hundred, 5, 86, 27 
british, 5, 63, 27 
northwest, 5, 103, 27 
states, 5, 64, 27 
mississippi, 4, 105, 23 
people, 4, 65, 23 
french, 4, 60, 23 
english, 4, 69, 23 
before, 3, 51, 20 
illinois, 3, 49, 20 
became, 2, 57, 17 
project, 2, 48, 17 
little, 2, 29, 17 
between, 2, 61, 17 
indiana, 2, 53, 17 
general, 2, 54, 17 
american, 2, 66, 17 
frontier, 2, 49, 17 
settlers, 2, 51, 17 
united, 2, 44, 17 
without, 2, 51, 17 
through, 2, 54, 17 
however, 2, 61, 17 
detroit, 2, 44, 17 
government, 1, 68, 15 
population, 1, 59, 15 
southern, 1, 50, 15 
brought, 1, 43, 15 
kentucky, 1, 53, 15 
against, 1, 42, 15 
territory, 1, 44, 15 
harrison, 1, 46, 15 
should, 1, 38, 15 
governor, 1, 50, 15 
settlements, 1, 68, 15 
redskins, 1, 49, 15 
carried, 1, 39, 15 
settlement, 1, 61, 15 
vincennes, 1, 59, 15 
history, 1, 39, 15 
within, 1, 33, 15 
valley, 0, 29, 11 
almost, 0, 33, 11 
troops, 0, 32, 11 
treaty, 0, 29, 11 
thousand, 0, 48, 11 
wabash, 0, 39, 11 
expedition, 0, 53, 11 
virginia, 0, 36, 11 
congress, 0, 46, 11 
himself, 0, 36, 11 
present, 0, 39, 11 
during, 0, 32, 11 
gutenberg, 0, 53, 11 
tribes, 0, 28, 11 
northern, 0, 43, 11 
washington, 0, 58, 11 
together, 0, 43, 11 
warriors, 0, 39, 11 
village, 0, 33, 11 
region, 0, 32, 11 
reached, 0, 42, 11 
westward, 0, 47, 11 
common, 0, 42, 11 
sometimes, 0, 54, 11 
tecumseh, 0, 49, 11 
although, 0, 45, 11 
america, 0, 40, 11 
england, 0, 42, 11 
lincoln, 0, 33, 11 
another, 0, 40, 11 
nation, 0, 32, 11 
attack, 0, 31, 11 
spring, 0, 31, 11 
arrived, 0, 35, 11 
military, 0, 35, 11 
pennsylvania, 0, 67, 11 
public, 0, 30, 11 
pontiac, 0, 38, 11 
further, 0, 34, 11 
possible, 0, 42, 11 
winter, 0, 30, 11 
forest, 0, 29, 11 
kaskaskia, 0, 50, 11 
commandant, 0, 65, 11 
national, 0, 41, 11 
indeed, 0, 35, 11 
william, 0, 33, 11 
called, 0, 30, 11 
colonies, 0, 42, 11 
chapter, 0, 39, 11 
soldiers, 0, 39, 11 
forests, 0, 35, 11 
received, 0, 43, 11 
themselves, 0, 57, 11 
likely, 0, 25, 11 
forces, 0, 31, 11 
 , -1, 4, 16 
country, 9, 189, 36 
indian, 6, 114, 27 
indians, 6, 134, 27 
western, 6, 139, 27 
hundred, 5, 127, 23 
british, 5, 107, 23 
northwest, 5, 155, 23 
states, 5, 98, 23 
mississippi, 4, 142, 20 
people, 4, 84, 20 
french, 4, 80, 20 
english, 4, 92, 20 
before, 3, 69, 17 
illinois, 3, 78, 17 
became, 2, 64, 15 
project, 2, 60, 15 
little, 2, 42, 15 
between, 2, 69, 15 
indiana, 2, 62, 15 
general, 2, 63, 15 
american, 2, 77, 15 
frontier, 2, 64, 15 
settlers, 2, 67, 15 
united, 2, 53, 15 
without, 2, 62, 15 
through, 2, 64, 15 
however, 2, 69, 15 
detroit, 2, 57, 15 
government, 1, 75, 11 
population, 1, 69, 11 
southern, 1, 57, 11 
brought, 1, 50, 11 
kentucky, 1, 57, 11 
against, 1, 48, 11 
territory, 1, 52, 11 
harrison, 1, 53, 11 
should, 1, 43, 11 
governor, 1, 57, 11 
settlements, 1, 75, 11 
redskins, 1, 54, 11 
carried, 1, 45, 11 
settlement, 1, 68, 11 
vincennes, 1, 65, 11 
history, 1, 44, 11 
within, 1, 38, 11 
valley, 0, 36, 10 
almost, 0, 39, 10 
troops, 0, 38, 10 
treaty, 0, 36, 10 
thousand, 0, 54, 10 
wabash, 0, 43, 10 
expedition, 0, 62, 10 
virginia, 0, 45, 10 
congress, 0, 54, 10 
himself, 0, 43, 10 
present, 0, 45, 10 
during, 0, 37, 10 
gutenberg, 0, 59, 10 
tribes, 0, 35, 10 
northern, 0, 50, 10 
washington, 0, 66, 10 
together, 0, 50, 10 
warriors, 0, 48, 10 
village, 0, 40, 10 
region, 0, 37, 10 
reached, 0, 47, 10 
westward, 0, 54, 10 
common, 0, 46, 10 
sometimes, 0, 62, 10 
tecumseh, 0, 56, 10 
although, 0, 51, 10 
america, 0, 46, 10 
england, 0, 46, 10 
lincoln, 0, 40, 10 
another, 0, 45, 10 
nation, 0, 37, 10 
attack, 0, 38, 10 
spring, 0, 37, 10 
arrived, 0, 42, 10 
military, 0, 45, 10 
pennsylvania, 0, 78, 10 
public, 0, 36, 10 
pontiac, 0, 44, 10 
further, 0, 41, 10 
possible, 0, 50, 10 
winter, 0, 36, 10 
forest, 0, 36, 10 
kaskaskia, 0, 60, 10 
commandant, 0, 72, 10 
national, 0, 48, 10 
indeed, 0, 39, 10 
william, 0, 40, 10 
called, 0, 36, 10 
colonies, 0, 50, 10 
chapter, 0, 45, 10 
soldiers, 0, 48, 10 
forests, 0, 43, 10 
received, 0, 51, 10 
themselves, 0, 67, 10 
likely, 0, 33, 10 
forces, 0, 38, 10 
 , -1, 4, 16 
country, 9, 115, 44 
indian, 6, 72, 33 
indians, 6, 86, 33 
western, 6, 95, 33 
hundred, 5, 95, 31 
british, 5, 65, 31 
northwest, 5, 110, 31 
states, 5, 68, 31 
mississippi, 4, 84, 25 
people, 4, 53, 25 
french, 4, 48, 25 
english, 4, 55, 25 
before, 3, 45, 22 
illinois, 3, 36, 22 
became, 2, 48, 19 
project, 2, 38, 19 
little, 2, 20, 19 
between, 2, 49, 19 
indiana, 2, 40, 19 
general, 2, 42, 19 
american, 2, 55, 19 
frontier, 2, 39, 19 
settlers, 2, 42, 19 
united, 2, 34, 19 
without, 2, 40, 19 
through, 2, 43, 19 
however, 2, 50, 19 
detroit, 2, 34, 19 
government, 1, 64, 16 
population, 1, 54, 16 
southern, 1, 46, 16 
brought, 1, 41, 16 
kentucky, 1, 46, 16 
against, 1, 38, 16 
territory, 1, 38, 16 
harrison, 1, 42, 16 
should, 1, 35, 16 
governor, 1, 47, 16 
settlements, 1, 60, 16 
redskins, 1, 43, 16 
carried, 1, 36, 16 
settlement, 1, 54, 16 
vincennes, 1, 53, 16 
history, 1, 34, 16 
within, 1, 29, 16 
valley, 0, 27, 14 
almost, 0, 31, 14 
troops, 0, 29, 14 
treaty, 0, 25, 14 
thousand, 0, 45, 14 
wabash, 0, 38, 14 
expedition, 0, 49, 14 
virginia, 0, 34, 14 
congress, 0, 44, 14 
himself, 0, 33, 14 
present, 0, 35, 14 
during, 0, 30, 14 
gutenberg, 0, 49, 14 
tribes, 0, 25, 14 
northern, 0, 40, 14 
washington, 0, 55, 14 
together, 0, 39, 14 
warriors, 0, 38, 14 
village, 0, 30, 14 
region, 0, 30, 14 
reached, 0, 39, 14 
westward, 0, 46, 14 
common, 0, 42, 14 
sometimes, 0, 52, 14 
tecumseh, 0, 47, 14 
although, 0, 42, 14 
america, 0, 38, 14 
england, 0, 39, 14 
lincoln, 0, 30, 14 
another, 0, 36, 14 
nation, 0, 29, 14 
attack, 0, 27, 14 
spring, 0, 29, 14 
arrived, 0, 32, 14 
military, 0, 33, 14 
pennsylvania, 0, 63, 14 
public, 0, 28, 14 
pontiac, 0, 34, 14 
further, 0, 29, 14 
possible, 0, 40, 14 
winter, 0, 28, 14 
forest, 0, 25, 14 
kaskaskia, 0, 47, 14 
commandant, 0, 63, 14 
national, 0, 38, 14 
indeed, 0, 33, 14 
william, 0, 32, 14 
called, 0, 28, 14 
colonies, 0, 40, 14 
chapter, 0, 35, 14 
soldiers, 0, 37, 14 
forests, 0, 30, 14 
received, 0, 41, 14 
themselves, 0, 54, 14 
likely, 0, 23, 14 
forces, 0, 28, 14 
 , -1, 4, 16 
