# tag, weight, width (pixels), height(pixels)
# last tag is white space (fake)
#after sentinel the data may be repeated for alt fonts
country, 9, 125, 38 
indian, 5, 62, 27 
indians, 5, 74, 27 
western, 5, 83, 27 
hundred, 4, 79, 23 
british, 4, 58, 23 
northwest, 3, 78, 20 
states, 3, 48, 20 
mississippi, 3, 87, 20 
people, 2, 49, 17 
french, 2, 44, 17 
english, 1, 41, 15 
before, 0, 33, 11 
illinois, 0, 31, 11 
became, 0, 40, 11 
project, 0, 35, 11 
little, 0, 21, 11 
between, 0, 44, 11 
indiana, 0, 38, 11 
general, 0, 39, 11 
american, 0, 46, 11 
 , -1, 4, 16 
country, 9, 189, 36 
indian, 5, 99, 23 
indians, 5, 117, 23 
western, 5, 122, 23 
hundred, 4, 101, 20 
british, 4, 83, 20 
northwest, 3, 105, 17 
states, 3, 66, 17 
mississippi, 3, 123, 17 
people, 2, 56, 15 
french, 2, 54, 15 
english, 1, 47, 11 
before, 0, 38, 10 
illinois, 0, 41, 10 
became, 0, 44, 10 
project, 0, 42, 10 
little, 0, 29, 10 
between, 0, 48, 10 
indiana, 0, 43, 10 
general, 0, 44, 10 
american, 0, 53, 10 
 , -1, 4, 16 
country, 9, 115, 44 
indian, 5, 68, 31 
indians, 5, 80, 31 
western, 5, 89, 31 
hundred, 4, 65, 25 
british, 4, 44, 25 
northwest, 3, 69, 22 
states, 3, 42, 22 
mississippi, 3, 73, 22 
people, 2, 38, 19 
french, 2, 36, 19 
english, 1, 37, 16 
before, 0, 30, 14 
illinois, 0, 29, 14 
became, 0, 39, 14 
project, 0, 31, 14 
little, 0, 17, 14 
between, 0, 41, 14 
indiana, 0, 35, 14 
general, 0, 36, 14 
american, 0, 45, 14 
 , -1, 4, 16 
