# tag, weight, width (pixels), height(pixels)
# last tag is white space (fake)
#after sentinel the data may be repeated for alt fonts
country, 9, 125, 38 
indian, 6, 76, 30 
indians, 6, 90, 30 
western, 6, 97, 30 
hundred, 5, 86, 27 
british, 5, 63, 27 
northwest, 5, 103, 27 
states, 4, 58, 23 
mississippi, 4, 105, 23 
people, 4, 65, 23 
french, 3, 50, 20 
english, 3, 57, 20 
before, 2, 45, 17 
illinois, 2, 46, 17 
became, 2, 57, 17 
project, 2, 48, 17 
little, 2, 29, 17 
between, 1, 48, 15 
indiana, 1, 41, 15 
general, 1, 42, 15 
american, 1, 53, 15 
frontier, 1, 40, 15 
settlers, 1, 43, 15 
united, 1, 35, 15 
without, 1, 41, 15 
through, 1, 43, 15 
however, 1, 48, 15 
detroit, 1, 36, 15 
government, 1, 68, 15 
population, 0, 54, 11 
southern, 0, 45, 11 
brought, 0, 40, 11 
kentucky, 0, 45, 11 
against, 0, 38, 11 
territory, 0, 39, 11 
harrison, 0, 41, 11 
should, 0, 34, 11 
governor, 0, 45, 11 
settlements, 0, 59, 11 
redskins, 0, 42, 11 
carried, 0, 35, 11 
settlement, 0, 53, 11 
vincennes, 0, 52, 11 
history, 0, 34, 11 
within, 0, 29, 11 
valley, 0, 29, 11 
almost, 0, 33, 11 
troops, 0, 32, 11 
treaty, 0, 29, 11 
thousand, 0, 48, 11 
wabash, 0, 39, 11 
 , -1, 4, 16 
country, 9, 189, 36 
indian, 6, 114, 27 
indians, 6, 134, 27 
western, 6, 139, 27 
hundred, 5, 127, 23 
british, 5, 107, 23 
northwest, 5, 155, 23 
states, 4, 78, 20 
mississippi, 4, 142, 20 
people, 4, 84, 20 
french, 3, 68, 17 
english, 3, 80, 17 
before, 2, 54, 15 
illinois, 2, 60, 15 
became, 2, 64, 15 
project, 2, 60, 15 
little, 2, 42, 15 
between, 1, 54, 11 
indiana, 1, 48, 11 
general, 1, 49, 11 
american, 1, 58, 11 
frontier, 1, 48, 11 
settlers, 1, 49, 11 
united, 1, 41, 11 
without, 1, 47, 11 
through, 1, 50, 11 
however, 1, 53, 11 
detroit, 1, 43, 11 
government, 1, 75, 11 
population, 0, 62, 10 
southern, 0, 52, 10 
brought, 0, 45, 10 
kentucky, 0, 54, 10 
against, 0, 44, 10 
territory, 0, 50, 10 
harrison, 0, 49, 10 
should, 0, 39, 10 
governor, 0, 52, 10 
settlements, 0, 70, 10 
redskins, 0, 51, 10 
carried, 0, 42, 10 
settlement, 0, 63, 10 
vincennes, 0, 60, 10 
history, 0, 42, 10 
within, 0, 35, 10 
valley, 0, 36, 10 
almost, 0, 39, 10 
troops, 0, 38, 10 
treaty, 0, 36, 10 
thousand, 0, 54, 10 
wabash, 0, 43, 10 
 , -1, 4, 16 
country, 9, 115, 44 
indian, 6, 72, 33 
indians, 6, 86, 33 
western, 6, 95, 33 
hundred, 5, 95, 31 
british, 5, 65, 31 
northwest, 5, 110, 31 
states, 4, 46, 25 
mississippi, 4, 84, 25 
people, 4, 53, 25 
french, 3, 44, 22 
english, 3, 48, 22 
before, 2, 36, 19 
illinois, 2, 33, 19 
became, 2, 48, 19 
project, 2, 38, 19 
little, 2, 20, 19 
between, 1, 46, 16 
indiana, 1, 38, 16 
general, 1, 40, 16 
american, 1, 49, 16 
frontier, 1, 35, 16 
settlers, 1, 36, 16 
united, 1, 32, 16 
without, 1, 37, 16 
through, 1, 41, 16 
however, 1, 46, 16 
detroit, 1, 32, 16 
government, 1, 64, 16 
population, 0, 50, 14 
southern, 0, 42, 14 
brought, 0, 36, 14 
kentucky, 0, 42, 14 
against, 0, 34, 14 
territory, 0, 34, 14 
harrison, 0, 39, 14 
should, 0, 32, 14 
governor, 0, 43, 14 
settlements, 0, 53, 14 
redskins, 0, 40, 14 
carried, 0, 32, 14 
settlement, 0, 48, 14 
vincennes, 0, 49, 14 
history, 0, 30, 14 
within, 0, 27, 14 
valley, 0, 27, 14 
almost, 0, 31, 14 
troops, 0, 29, 14 
treaty, 0, 25, 14 
thousand, 0, 45, 14 
wabash, 0, 38, 14 
 , -1, 4, 16 
