# tag, weight, width (pixels), height(pixels)
# last tag is white space (fake)
#after sentinel the data may be repeated for alt fonts
country, 9, 125, 38 
indian, 6, 76, 30 
indians, 6, 90, 30 
western, 6, 97, 30 
hundred, 6, 104, 30 
british, 6, 79, 30 
northwest, 5, 103, 27 
states, 5, 64, 27 
mississippi, 5, 114, 27 
people, 5, 70, 27 
french, 4, 60, 23 
english, 4, 69, 23 
before, 3, 51, 20 
illinois, 3, 49, 20 
became, 3, 64, 20 
project, 3, 54, 20 
little, 3, 32, 20 
between, 3, 68, 20 
indiana, 3, 58, 20 
general, 3, 60, 20 
american, 2, 66, 17 
frontier, 2, 49, 17 
settlers, 2, 51, 17 
united, 2, 44, 17 
without, 2, 51, 17 
through, 2, 54, 17 
however, 2, 61, 17 
detroit, 2, 44, 17 
government, 2, 84, 17 
population, 2, 75, 17 
southern, 2, 62, 17 
brought, 2, 54, 17 
kentucky, 2, 63, 17 
against, 2, 52, 17 
territory, 2, 53, 17 
harrison, 2, 58, 17 
should, 2, 48, 17 
governor, 2, 63, 17 
settlements, 1, 68, 15 
redskins, 1, 49, 15 
carried, 1, 39, 15 
settlement, 1, 61, 15 
vincennes, 1, 59, 15 
history, 1, 39, 15 
within, 1, 33, 15 
valley, 1, 34, 15 
almost, 1, 39, 15 
troops, 1, 36, 15 
treaty, 1, 33, 15 
thousand, 1, 53, 15 
wabash, 1, 44, 15 
expedition, 1, 59, 15 
virginia, 1, 41, 15 
congress, 1, 53, 15 
himself, 1, 42, 15 
present, 1, 43, 15 
during, 1, 35, 15 
gutenberg, 1, 57, 15 
tribes, 1, 32, 15 
northern, 1, 47, 15 
washington, 1, 65, 15 
together, 1, 47, 15 
warriors, 1, 45, 15 
village, 1, 37, 15 
region, 1, 35, 15 
reached, 1, 46, 15 
westward, 1, 54, 15 
common, 1, 50, 15 
sometimes, 0, 54, 11 
tecumseh, 0, 49, 11 
although, 0, 45, 11 
america, 0, 40, 11 
england, 0, 42, 11 
lincoln, 0, 33, 11 
another, 0, 40, 11 
nation, 0, 32, 11 
attack, 0, 31, 11 
spring, 0, 31, 11 
arrived, 0, 35, 11 
military, 0, 35, 11 
pennsylvania, 0, 67, 11 
public, 0, 30, 11 
pontiac, 0, 38, 11 
further, 0, 34, 11 
possible, 0, 42, 11 
winter, 0, 30, 11 
forest, 0, 29, 11 
kaskaskia, 0, 50, 11 
commandant, 0, 65, 11 
national, 0, 41, 11 
indeed, 0, 35, 11 
william, 0, 33, 11 
called, 0, 30, 11 
colonies, 0, 42, 11 
chapter, 0, 39, 11 
soldiers, 0, 39, 11 
forests, 0, 35, 11 
received, 0, 43, 11 
themselves, 0, 57, 11 
likely, 0, 25, 11 
forces, 0, 31, 11 
events, 0, 34, 11 
spanish, 0, 40, 11 
seaboard, 0, 48, 11 
eastern, 0, 39, 11 
pioneer, 0, 39, 11 
beyond, 0, 38, 11 
months, 0, 37, 11 
passed, 0, 37, 11 
following, 0, 45, 11 
opportunity, 0, 58, 11 
hamilton, 0, 43, 11 
jefferson, 0, 45, 11 
families, 0, 38, 11 
michigan, 0, 45, 11 
family, 0, 29, 11 
wisconsin, 0, 49, 11 
second, 0, 37, 11 
principal, 0, 43, 11 
children, 0, 40, 11 
throughout, 0, 56, 11 
traders, 0, 36, 11 
spirit, 0, 24, 11 
britain, 0, 32, 11 
officers, 0, 37, 11 
regulars, 0, 41, 11 
etexts, 0, 31, 11 
france, 0, 32, 11 
course, 0, 34, 11 
number, 0, 38, 11 
perhaps, 0, 42, 11 
policy, 0, 29, 11 
cincinnati, 0, 48, 11 
though, 0, 36, 11 
across, 0, 33, 11 
finally, 0, 30, 11 
garrison, 0, 41, 11 
enough, 0, 39, 11 
entire, 0, 29, 11 
supplies, 0, 42, 11 
george, 0, 36, 11 
company, 0, 46, 11 
manner, 0, 38, 11 
battle, 0, 29, 11 
coming, 0, 36, 11 
nothing, 0, 39, 11 
gathered, 0, 46, 11 
hardly, 0, 31, 11 
command, 0, 49, 11 
wilderness, 0, 53, 11 
summer, 0, 39, 11 
building, 0, 40, 11 
leader, 0, 32, 11 
earlier, 0, 32, 11 
chiefly, 0, 33, 11 
regions, 0, 38, 11 
natives, 0, 37, 11 
slavery, 0, 36, 11 
strong, 0, 32, 11 
followed, 0, 42, 11 
filled, 0, 24, 11 
territories, 0, 48, 11 
authority, 0, 45, 11 
situation, 0, 44, 11 
important, 0, 48, 11 
streams, 0, 40, 11 
difficulty, 0, 42, 11 
always, 0, 34, 11 
county, 0, 34, 11 
stream, 0, 34, 11 
whites, 0, 32, 11 
ground, 0, 36, 11 
century, 0, 38, 11 
failed, 0, 28, 11 
return, 0, 30, 11 
americans, 0, 52, 11 
purchase, 0, 47, 11 
father, 0, 30, 11 
intended, 0, 45, 11 
middle, 0, 33, 11 
settled, 0, 35, 11 
rapidly, 0, 34, 11 
emigrants, 0, 50, 11 
except, 0, 34, 11 
legislature, 0, 53, 11 
orleans, 0, 38, 11 
dispatched, 0, 56, 11 
million, 0, 32, 11 
villages, 0, 38, 11 
inhabitants, 0, 57, 11 
prairie, 0, 32, 11 
organized, 0, 51, 11 
maumee, 0, 43, 11 
reported, 0, 43, 11 
possession, 0, 57, 11 
purposes, 0, 47, 11 
settler, 0, 32, 11 
prepared, 0, 46, 11 
claims, 0, 31, 11 
matter, 0, 32, 11 
already, 0, 38, 11 
 , -1, 4, 16 
country, 9, 189, 36 
indian, 6, 114, 27 
indians, 6, 134, 27 
western, 6, 139, 27 
hundred, 6, 146, 27 
british, 6, 123, 27 
northwest, 5, 155, 23 
states, 5, 98, 23 
mississippi, 5, 183, 23 
people, 5, 105, 23 
french, 4, 80, 20 
english, 4, 92, 20 
before, 3, 69, 17 
illinois, 3, 78, 17 
became, 3, 81, 17 
project, 3, 76, 17 
little, 3, 53, 17 
between, 3, 89, 17 
indiana, 3, 81, 17 
general, 3, 82, 17 
american, 2, 77, 15 
frontier, 2, 64, 15 
settlers, 2, 67, 15 
united, 2, 53, 15 
without, 2, 62, 15 
through, 2, 64, 15 
however, 2, 69, 15 
detroit, 2, 57, 15 
government, 2, 98, 15 
population, 2, 89, 15 
southern, 2, 74, 15 
brought, 2, 64, 15 
kentucky, 2, 77, 15 
against, 2, 63, 15 
territory, 2, 71, 15 
harrison, 2, 70, 15 
should, 2, 56, 15 
governor, 2, 74, 15 
settlements, 1, 75, 11 
redskins, 1, 54, 11 
carried, 1, 45, 11 
settlement, 1, 68, 11 
vincennes, 1, 65, 11 
history, 1, 44, 11 
within, 1, 38, 11 
valley, 1, 38, 11 
almost, 1, 42, 11 
troops, 1, 41, 11 
treaty, 1, 38, 11 
thousand, 1, 60, 11 
wabash, 1, 48, 11 
expedition, 1, 68, 11 
virginia, 1, 48, 11 
congress, 1, 58, 11 
himself, 1, 46, 11 
present, 1, 49, 11 
during, 1, 41, 11 
gutenberg, 1, 66, 11 
tribes, 1, 37, 11 
northern, 1, 55, 11 
washington, 1, 73, 11 
together, 1, 55, 11 
warriors, 1, 51, 11 
village, 1, 43, 11 
region, 1, 41, 11 
reached, 1, 52, 11 
westward, 1, 59, 11 
common, 1, 51, 11 
sometimes, 0, 62, 10 
tecumseh, 0, 56, 10 
although, 0, 51, 10 
america, 0, 46, 10 
england, 0, 46, 10 
lincoln, 0, 40, 10 
another, 0, 45, 10 
nation, 0, 37, 10 
attack, 0, 38, 10 
spring, 0, 37, 10 
arrived, 0, 42, 10 
military, 0, 45, 10 
pennsylvania, 0, 78, 10 
public, 0, 36, 10 
pontiac, 0, 44, 10 
further, 0, 41, 10 
possible, 0, 50, 10 
winter, 0, 36, 10 
forest, 0, 36, 10 
kaskaskia, 0, 60, 10 
commandant, 0, 72, 10 
national, 0, 48, 10 
indeed, 0, 39, 10 
william, 0, 40, 10 
called, 0, 36, 10 
colonies, 0, 50, 10 
chapter, 0, 45, 10 
soldiers, 0, 48, 10 
forests, 0, 43, 10 
received, 0, 51, 10 
themselves, 0, 67, 10 
likely, 0, 33, 10 
forces, 0, 38, 10 
events, 0, 40, 10 
spanish, 0, 46, 10 
seaboard, 0, 54, 10 
eastern, 0, 45, 10 
pioneer, 0, 44, 10 
beyond, 0, 42, 10 
months, 0, 42, 10 
passed, 0, 42, 10 
following, 0, 53, 10 
opportunity, 0, 68, 10 
hamilton, 0, 50, 10 
jefferson, 0, 54, 10 
families, 0, 47, 10 
michigan, 0, 52, 10 
family, 0, 36, 10 
wisconsin, 0, 58, 10 
second, 0, 42, 10 
principal, 0, 52, 10 
children, 0, 48, 10 
throughout, 0, 64, 10 
traders, 0, 43, 10 
spirit, 0, 32, 10 
britain, 0, 39, 10 
officers, 0, 47, 10 
regulars, 0, 49, 10 
etexts, 0, 38, 10 
france, 0, 38, 10 
course, 0, 40, 10 
number, 0, 42, 10 
perhaps, 0, 47, 10 
policy, 0, 36, 10 
cincinnati, 0, 59, 10 
though, 0, 40, 10 
across, 0, 40, 10 
finally, 0, 38, 10 
garrison, 0, 49, 10 
enough, 0, 42, 10 
entire, 0, 35, 10 
supplies, 0, 50, 10 
george, 0, 40, 10 
company, 0, 51, 10 
manner, 0, 42, 10 
battle, 0, 35, 10 
coming, 0, 41, 10 
nothing, 0, 44, 10 
gathered, 0, 52, 10 
hardly, 0, 37, 10 
command, 0, 53, 10 
wilderness, 0, 63, 10 
summer, 0, 44, 10 
building, 0, 47, 10 
leader, 0, 37, 10 
earlier, 0, 39, 10 
chiefly, 0, 41, 10 
regions, 0, 44, 10 
natives, 0, 44, 10 
slavery, 0, 44, 10 
strong, 0, 38, 10 
followed, 0, 49, 10 
filled, 0, 31, 10 
territories, 0, 61, 10 
authority, 0, 54, 10 
situation, 0, 53, 10 
important, 0, 56, 10 
streams, 0, 47, 10 
difficulty, 0, 55, 10 
always, 0, 40, 10 
county, 0, 40, 10 
stream, 0, 40, 10 
whites, 0, 38, 10 
ground, 0, 40, 10 
century, 0, 45, 10 
failed, 0, 34, 10 
return, 0, 36, 10 
americans, 0, 60, 10 
purchase, 0, 54, 10 
father, 0, 36, 10 
intended, 0, 51, 10 
middle, 0, 38, 10 
settled, 0, 42, 10 
rapidly, 0, 41, 10 
emigrants, 0, 58, 10 
except, 0, 40, 10 
legislature, 0, 64, 10 
orleans, 0, 44, 10 
dispatched, 0, 65, 10 
million, 0, 39, 10 
villages, 0, 47, 10 
inhabitants, 0, 67, 10 
prairie, 0, 39, 10 
organized, 0, 58, 10 
maumee, 0, 46, 10 
reported, 0, 50, 10 
possession, 0, 67, 10 
purposes, 0, 54, 10 
settler, 0, 40, 10 
prepared, 0, 52, 10 
claims, 0, 38, 10 
matter, 0, 38, 10 
already, 0, 44, 10 
 , -1, 4, 16 
country, 9, 115, 44 
indian, 6, 72, 33 
indians, 6, 86, 33 
western, 6, 95, 33 
hundred, 6, 101, 33 
british, 6, 70, 33 
northwest, 5, 110, 31 
states, 5, 68, 31 
mississippi, 5, 120, 31 
people, 5, 78, 31 
french, 4, 48, 25 
english, 4, 55, 25 
before, 3, 45, 22 
illinois, 3, 36, 22 
became, 3, 59, 22 
project, 3, 46, 22 
little, 3, 23, 22 
between, 3, 61, 22 
indiana, 3, 49, 22 
general, 3, 52, 22 
american, 2, 55, 19 
frontier, 2, 39, 19 
settlers, 2, 42, 19 
united, 2, 34, 19 
without, 2, 40, 19 
through, 2, 43, 19 
however, 2, 50, 19 
detroit, 2, 34, 19 
government, 2, 70, 19 
population, 2, 58, 19 
southern, 2, 51, 19 
brought, 2, 43, 19 
kentucky, 2, 54, 19 
against, 2, 41, 19 
territory, 2, 43, 19 
harrison, 2, 47, 19 
should, 2, 38, 19 
governor, 2, 52, 19 
settlements, 1, 60, 16 
redskins, 1, 43, 16 
carried, 1, 36, 16 
settlement, 1, 54, 16 
vincennes, 1, 53, 16 
history, 1, 34, 16 
within, 1, 29, 16 
valley, 1, 29, 16 
almost, 1, 35, 16 
troops, 1, 33, 16 
treaty, 1, 29, 16 
thousand, 1, 49, 16 
wabash, 1, 42, 16 
expedition, 1, 53, 16 
virginia, 1, 35, 16 
congress, 1, 48, 16 
himself, 1, 37, 16 
present, 1, 40, 16 
during, 1, 33, 16 
gutenberg, 1, 54, 16 
tribes, 1, 28, 16 
northern, 1, 44, 16 
washington, 1, 60, 16 
together, 1, 43, 16 
warriors, 1, 41, 16 
village, 1, 32, 16 
region, 1, 33, 16 
reached, 1, 44, 16 
westward, 1, 50, 16 
common, 1, 48, 16 
sometimes, 0, 52, 14 
tecumseh, 0, 47, 14 
although, 0, 42, 14 
america, 0, 38, 14 
england, 0, 39, 14 
lincoln, 0, 30, 14 
another, 0, 36, 14 
nation, 0, 29, 14 
attack, 0, 27, 14 
spring, 0, 29, 14 
arrived, 0, 32, 14 
military, 0, 33, 14 
pennsylvania, 0, 63, 14 
public, 0, 28, 14 
pontiac, 0, 34, 14 
further, 0, 29, 14 
possible, 0, 40, 14 
winter, 0, 28, 14 
forest, 0, 25, 14 
kaskaskia, 0, 47, 14 
commandant, 0, 63, 14 
national, 0, 38, 14 
indeed, 0, 33, 14 
william, 0, 32, 14 
called, 0, 28, 14 
colonies, 0, 40, 14 
chapter, 0, 35, 14 
soldiers, 0, 37, 14 
forests, 0, 30, 14 
received, 0, 41, 14 
themselves, 0, 54, 14 
likely, 0, 23, 14 
forces, 0, 28, 14 
events, 0, 31, 14 
spanish, 0, 37, 14 
seaboard, 0, 46, 14 
eastern, 0, 35, 14 
pioneer, 0, 36, 14 
beyond, 0, 36, 14 
months, 0, 35, 14 
passed, 0, 35, 14 
following, 0, 42, 14 
opportunity, 0, 52, 14 
hamilton, 0, 41, 14 
jefferson, 0, 40, 14 
families, 0, 36, 14 
michigan, 0, 44, 14 
family, 0, 27, 14 
wisconsin, 0, 47, 14 
second, 0, 35, 14 
principal, 0, 40, 14 
children, 0, 38, 14 
throughout, 0, 51, 14 
traders, 0, 32, 14 
spirit, 0, 21, 14 
britain, 0, 28, 14 
officers, 0, 33, 14 
regulars, 0, 39, 14 
etexts, 0, 27, 14 
france, 0, 29, 14 
course, 0, 32, 14 
number, 0, 37, 14 
perhaps, 0, 39, 14 
policy, 0, 27, 14 
cincinnati, 0, 44, 14 
though, 0, 33, 14 
across, 0, 31, 14 
finally, 0, 26, 14 
garrison, 0, 39, 14 
enough, 0, 37, 14 
entire, 0, 26, 14 
supplies, 0, 40, 14 
george, 0, 34, 14 
company, 0, 44, 14 
manner, 0, 37, 14 
battle, 0, 25, 14 
coming, 0, 35, 14 
nothing, 0, 35, 14 
gathered, 0, 43, 14 
hardly, 0, 29, 14 
command, 0, 48, 14 
wilderness, 0, 51, 14 
summer, 0, 39, 14 
building, 0, 38, 14 
leader, 0, 30, 14 
earlier, 0, 29, 14 
chiefly, 0, 29, 14 
regions, 0, 35, 14 
natives, 0, 33, 14 
slavery, 0, 33, 14 
strong, 0, 29, 14 
followed, 0, 40, 14 
filled, 0, 21, 14 
territories, 0, 42, 14 
authority, 0, 40, 14 
situation, 0, 39, 14 
important, 0, 44, 14 
streams, 0, 37, 14 
difficulty, 0, 36, 14 
always, 0, 33, 14 
county, 0, 31, 14 
stream, 0, 32, 14 
whites, 0, 30, 14 
ground, 0, 34, 14 
century, 0, 34, 14 
failed, 0, 25, 14 
return, 0, 27, 14 
americans, 0, 50, 14 
purchase, 0, 45, 14 
father, 0, 26, 14 
intended, 0, 42, 14 
middle, 0, 32, 14 
settled, 0, 30, 14 
rapidly, 0, 31, 14 
emigrants, 0, 47, 14 
except, 0, 31, 14 
legislature, 0, 48, 14 
orleans, 0, 35, 14 
dispatched, 0, 52, 14 
million, 0, 30, 14 
villages, 0, 36, 14 
inhabitants, 0, 51, 14 
prairie, 0, 29, 14 
organized, 0, 48, 14 
maumee, 0, 43, 14 
reported, 0, 40, 14 
possession, 0, 54, 14 
purposes, 0, 45, 14 
settler, 0, 27, 14 
prepared, 0, 44, 14 
claims, 0, 30, 14 
matter, 0, 29, 14 
already, 0, 35, 14 
 , -1, 4, 16 
