# tag, weight, width (pixels), height(pixels)
# last tag is white space (fake)
#after sentinel the data may be repeated for alt fonts
should, 9, 112, 38 
master, 8, 105, 36 
pamela, 6, 88, 30 
little, 5, 42, 27 
myself, 4, 62, 23 
jewkes, 4, 66, 23 
though, 3, 55, 20 
thought, 2, 53, 17 
before, 2, 45, 17 
jervis, 2, 38, 17 
father, 2, 40, 17 
letter, 1, 29, 15 
indeed, 1, 38, 15 
nothing, 1, 42, 15 
mother, 0, 35, 11 
cannot, 0, 35, 11 
honour, 0, 36, 11 
because, 0, 44, 11 
williams, 0, 38, 11 
always, 0, 34, 11 
better, 0, 30, 11 
 , -1, 4, 16 
should, 9, 167, 36 
master, 8, 149, 32 
pamela, 6, 124, 27 
little, 5, 80, 23 
myself, 4, 82, 20 
jewkes, 4, 85, 20 
though, 3, 73, 17 
thought, 2, 64, 15 
before, 2, 54, 15 
jervis, 2, 49, 15 
father, 2, 51, 15 
letter, 1, 35, 11 
indeed, 1, 44, 11 
nothing, 1, 49, 11 
mother, 0, 40, 10 
cannot, 0, 40, 10 
honour, 0, 40, 10 
because, 0, 49, 10 
williams, 0, 47, 10 
always, 0, 40, 10 
better, 0, 36, 10 
 , -1, 4, 16 
should, 9, 104, 44 
master, 8, 102, 41 
pamela, 6, 90, 33 
little, 5, 42, 31 
myself, 4, 51, 25 
jewkes, 4, 55, 25 
though, 3, 49, 22 
thought, 2, 42, 19 
before, 2, 36, 19 
jervis, 2, 30, 19 
father, 2, 32, 19 
letter, 1, 25, 16 
indeed, 1, 36, 16 
nothing, 1, 39, 16 
mother, 0, 33, 14 
cannot, 0, 32, 14 
honour, 0, 34, 14 
because, 0, 41, 14 
williams, 0, 38, 14 
always, 0, 33, 14 
better, 0, 26, 14 
 , -1, 4, 16 
