# tag, weight, width (pixels), height(pixels)
# last tag is white space (fake)
#after sentinel the data may be repeated for alt fonts
should, 9, 112, 38 
master, 8, 105, 36 
pamela, 7, 100, 32 
little, 6, 53, 30 
myself, 5, 69, 27 
jewkes, 4, 66, 23 
though, 4, 66, 23 
thought, 3, 60, 20 
before, 3, 51, 20 
jervis, 3, 42, 20 
father, 3, 46, 20 
letter, 2, 35, 17 
indeed, 2, 49, 17 
nothing, 2, 53, 17 
mother, 1, 40, 15 
cannot, 1, 39, 15 
honour, 1, 39, 15 
because, 1, 49, 15 
williams, 1, 46, 15 
always, 1, 40, 15 
better, 1, 33, 15 
goodness, 1, 56, 15 
another, 0, 40, 11 
without, 0, 37, 11 
things, 0, 31, 11 
believe, 0, 37, 11 
pleased, 0, 41, 11 
ladies, 0, 30, 11 
reason, 0, 35, 11 
creature, 0, 42, 11 
gentleman, 0, 54, 11 
wicked, 0, 34, 11 
ladyship, 0, 42, 11 
pretty, 0, 29, 11 
daughter, 0, 46, 11 
answer, 0, 36, 11 
forgive, 0, 35, 11 
sister, 0, 27, 11 
himself, 0, 36, 11 
against, 0, 38, 11 
present, 0, 39, 11 
brought, 0, 40, 11 
company, 0, 46, 11 
yourself, 0, 40, 11 
manner, 0, 38, 11 
favour, 0, 32, 11 
matter, 0, 32, 11 
person, 0, 35, 11 
replied, 0, 35, 11 
please, 0, 34, 11 
pleasure, 0, 44, 11 
 , -1, 4, 16 
should, 9, 167, 36 
master, 8, 149, 32 
pamela, 7, 136, 30 
little, 6, 92, 27 
myself, 5, 104, 23 
jewkes, 4, 85, 20 
though, 4, 85, 20 
thought, 3, 81, 17 
before, 3, 69, 17 
jervis, 3, 62, 17 
father, 3, 64, 17 
letter, 2, 47, 15 
indeed, 2, 56, 15 
nothing, 2, 63, 15 
mother, 1, 44, 11 
cannot, 1, 44, 11 
honour, 1, 45, 11 
because, 1, 54, 11 
williams, 1, 50, 11 
always, 1, 43, 11 
better, 1, 39, 11 
goodness, 1, 62, 11 
another, 0, 45, 10 
without, 0, 43, 10 
things, 0, 37, 10 
believe, 0, 43, 10 
pleased, 0, 46, 10 
ladies, 0, 36, 10 
reason, 0, 40, 10 
creature, 0, 50, 10 
gentleman, 0, 60, 10 
wicked, 0, 40, 10 
ladyship, 0, 50, 10 
pretty, 0, 36, 10 
daughter, 0, 52, 10 
answer, 0, 41, 10 
forgive, 0, 42, 10 
sister, 0, 35, 10 
himself, 0, 43, 10 
against, 0, 44, 10 
present, 0, 45, 10 
brought, 0, 45, 10 
company, 0, 51, 10 
yourself, 0, 49, 10 
manner, 0, 42, 10 
favour, 0, 38, 10 
matter, 0, 38, 10 
person, 0, 40, 10 
replied, 0, 41, 10 
please, 0, 39, 10 
pleasure, 0, 51, 10 
 , -1, 4, 16 
should, 9, 104, 44 
master, 8, 102, 41 
pamela, 7, 101, 38 
little, 6, 44, 33 
myself, 5, 73, 31 
jewkes, 4, 55, 25 
though, 4, 54, 25 
thought, 3, 53, 22 
before, 3, 45, 22 
jervis, 3, 34, 22 
father, 3, 40, 22 
letter, 2, 27, 19 
indeed, 2, 38, 19 
nothing, 2, 41, 19 
mother, 1, 38, 16 
cannot, 1, 36, 16 
honour, 1, 38, 16 
because, 1, 46, 16 
williams, 1, 39, 16 
always, 1, 36, 16 
better, 1, 30, 16 
goodness, 1, 52, 16 
another, 0, 36, 14 
without, 0, 33, 14 
things, 0, 28, 14 
believe, 0, 34, 14 
pleased, 0, 38, 14 
ladies, 0, 28, 14 
reason, 0, 33, 14 
creature, 0, 39, 14 
gentleman, 0, 51, 14 
wicked, 0, 33, 14 
ladyship, 0, 40, 14 
pretty, 0, 25, 14 
daughter, 0, 43, 14 
answer, 0, 35, 14 
forgive, 0, 31, 14 
sister, 0, 24, 14 
himself, 0, 33, 14 
against, 0, 34, 14 
present, 0, 35, 14 
brought, 0, 36, 14 
company, 0, 44, 14 
yourself, 0, 37, 14 
manner, 0, 37, 14 
favour, 0, 29, 14 
matter, 0, 29, 14 
person, 0, 33, 14 
replied, 0, 32, 14 
please, 0, 32, 14 
pleasure, 0, 42, 14 
 , -1, 4, 16 
