# tag, weight, width (pixels), height(pixels)
# last tag is white space (fake)
#after sentinel the data may be repeated for alt fonts
should, 9, 112, 38 
master, 9, 111, 38 
pamela, 7, 100, 32 
little, 6, 53, 30 
myself, 5, 69, 27 
jewkes, 5, 72, 27 
though, 4, 66, 23 
thought, 4, 72, 23 
before, 4, 61, 23 
jervis, 3, 42, 20 
father, 3, 46, 20 
letter, 3, 40, 20 
indeed, 3, 54, 20 
nothing, 3, 59, 20 
mother, 2, 49, 17 
cannot, 2, 48, 17 
honour, 2, 50, 17 
because, 2, 61, 17 
williams, 2, 58, 17 
always, 2, 50, 17 
better, 2, 40, 17 
goodness, 2, 70, 17 
another, 1, 43, 15 
without, 1, 41, 15 
things, 1, 35, 15 
believe, 1, 41, 15 
pleased, 1, 45, 15 
ladies, 1, 34, 15 
reason, 1, 39, 15 
creature, 1, 47, 15 
gentleman, 1, 60, 15 
wicked, 1, 40, 15 
ladyship, 1, 48, 15 
pretty, 1, 33, 15 
daughter, 1, 50, 15 
answer, 1, 41, 15 
forgive, 1, 39, 15 
sister, 1, 32, 15 
himself, 1, 42, 15 
against, 1, 42, 15 
present, 1, 43, 15 
brought, 1, 43, 15 
company, 1, 53, 15 
yourself, 1, 46, 15 
manner, 1, 43, 15 
favour, 1, 36, 15 
matter, 1, 37, 15 
person, 1, 39, 15 
replied, 1, 38, 15 
please, 1, 38, 15 
pleasure, 1, 49, 15 
morning, 0, 41, 11 
together, 0, 43, 11 
honest, 0, 35, 11 
chariot, 0, 35, 11 
occasion, 0, 45, 11 
parents, 0, 39, 11 
masters, 0, 40, 11 
assure, 0, 34, 11 
enough, 0, 39, 11 
between, 0, 44, 11 
return, 0, 30, 11 
coming, 0, 36, 11 
family, 0, 29, 11 
looked, 0, 34, 11 
herself, 0, 35, 11 
desire, 0, 31, 11 
expect, 0, 34, 11 
called, 0, 30, 11 
rather, 0, 30, 11 
davers, 0, 34, 11 
dearest, 0, 39, 11 
virtue, 0, 28, 11 
longman, 0, 44, 11 
closet, 0, 30, 11 
generous, 0, 48, 11 
brother, 0, 37, 11 
something, 0, 53, 11 
hardly, 0, 31, 11 
servants, 0, 43, 11 
married, 0, 38, 11 
perhaps, 0, 42, 11 
seemed, 0, 40, 11 
garden, 0, 36, 11 
turned, 0, 33, 11 
darnford, 0, 43, 11 
suppose, 0, 44, 11 
innocence, 0, 53, 11 
servant, 0, 38, 11 
afraid, 0, 29, 11 
resolved, 0, 43, 11 
through, 0, 40, 11 
neither, 0, 36, 11 
happiness, 0, 53, 11 
having, 0, 34, 11 
papers, 0, 35, 11 
dinner, 0, 32, 11 
conduct, 0, 41, 11 
friend, 0, 29, 11 
innocent, 0, 44, 11 
condition, 0, 47, 11 
almost, 0, 33, 11 
strange, 0, 39, 11 
account, 0, 41, 11 
nobody, 0, 38, 11 
besides, 0, 40, 11 
wonder, 0, 37, 11 
clothes, 0, 37, 11 
returned, 0, 43, 11 
opportunity, 0, 58, 11 
kissed, 0, 32, 11 
friends, 0, 35, 11 
blessed, 0, 40, 11 
afterwards, 0, 53, 11 
thursday, 0, 44, 11 
gentlemen, 0, 54, 11 
forced, 0, 32, 11 
andrews, 0, 43, 11 
worthy, 0, 33, 11 
peters, 0, 32, 11 
oblige, 0, 31, 11 
behaviour, 0, 51, 11 
excuse, 0, 36, 11 
answered, 0, 49, 11 
opinion, 0, 38, 11 
saying, 0, 33, 11 
husband, 0, 45, 11 
fortune, 0, 37, 11 
forget, 0, 30, 11 
moment, 0, 40, 11 
unworthy, 0, 46, 11 
concern, 0, 41, 11 
escape, 0, 37, 11 
project, 0, 35, 11 
letters, 0, 32, 11 
oclock, 0, 32, 11 
whether, 0, 41, 11 
however, 0, 43, 11 
seeing, 0, 34, 11 
intended, 0, 45, 11 
tomorrow, 0, 46, 11 
obliged, 0, 38, 11 
kindly, 0, 29, 11 
thoughts, 0, 45, 11 
guineas, 0, 41, 11 
become, 0, 40, 11 
colbrand, 0, 44, 11 
deserve, 0, 41, 11 
passed, 0, 37, 11 
kindness, 0, 45, 11 
written, 0, 34, 11 
matters, 0, 38, 11 
writing, 0, 33, 11 
humble, 0, 37, 11 
foolish, 0, 34, 11 
ashamed, 0, 47, 11 
towards, 0, 40, 11 
wished, 0, 35, 11 
subject, 0, 37, 11 
trouble, 0, 36, 11 
continued, 0, 51, 11 
wretch, 0, 33, 11 
received, 0, 43, 11 
consider, 0, 43, 11 
therefore, 0, 47, 11 
already, 0, 38, 11 
permit, 0, 31, 11 
themselves, 0, 57, 11 
question, 0, 44, 11 
presence, 0, 47, 11 
dreadful, 0, 42, 11 
otherwise, 0, 49, 11 
estate, 0, 32, 11 
obliging, 0, 40, 11 
passion, 0, 40, 11 
window, 0, 37, 11 
purpose, 0, 42, 11 
either, 0, 29, 11 
notice, 0, 31, 11 
several, 0, 37, 11 
pardon, 0, 36, 11 
people, 0, 35, 11 
divine, 0, 30, 11 
danger, 0, 36, 11 
attend, 0, 33, 11 
promise, 0, 40, 11 
future, 0, 30, 11 
stairs, 0, 27, 11 
agreeable, 0, 52, 11 
mistress, 0, 41, 11 
taking, 0, 31, 11 
begged, 0, 39, 11 
carried, 0, 35, 11 
honesty, 0, 41, 11 
prayers, 0, 38, 11 
mothers, 0, 41, 11 
former, 0, 32, 11 
walked, 0, 35, 11 
grateful, 0, 39, 11 
parlour, 0, 36, 11 
ordered, 0, 40, 11 
 , -1, 4, 16 
should, 9, 167, 36 
master, 9, 165, 36 
pamela, 7, 136, 30 
little, 6, 92, 27 
myself, 5, 104, 23 
jewkes, 5, 106, 23 
though, 4, 85, 20 
thought, 4, 95, 20 
before, 4, 81, 20 
jervis, 3, 62, 17 
father, 3, 64, 17 
letter, 3, 59, 17 
indeed, 3, 73, 17 
nothing, 3, 81, 17 
mother, 2, 58, 15 
cannot, 2, 57, 15 
honour, 2, 57, 15 
because, 2, 70, 15 
williams, 2, 70, 15 
always, 2, 58, 15 
better, 2, 51, 15 
goodness, 2, 80, 15 
another, 1, 50, 11 
without, 1, 47, 11 
things, 1, 40, 11 
believe, 1, 47, 11 
pleased, 1, 51, 11 
ladies, 1, 39, 11 
reason, 1, 44, 11 
creature, 1, 54, 11 
gentleman, 1, 67, 11 
wicked, 1, 43, 11 
ladyship, 1, 54, 11 
pretty, 1, 38, 11 
daughter, 1, 58, 11 
answer, 1, 45, 11 
forgive, 1, 45, 11 
sister, 1, 36, 11 
himself, 1, 46, 11 
against, 1, 48, 11 
present, 1, 49, 11 
brought, 1, 50, 11 
company, 1, 56, 11 
yourself, 1, 52, 11 
manner, 1, 47, 11 
favour, 1, 41, 11 
matter, 1, 41, 11 
person, 1, 44, 11 
replied, 1, 45, 11 
please, 1, 43, 11 
pleasure, 1, 56, 11 
morning, 0, 46, 10 
together, 0, 50, 10 
honest, 0, 40, 10 
chariot, 0, 42, 10 
occasion, 0, 53, 10 
parents, 0, 45, 10 
masters, 0, 47, 10 
assure, 0, 40, 10 
enough, 0, 42, 10 
between, 0, 48, 10 
return, 0, 36, 10 
coming, 0, 41, 10 
family, 0, 36, 10 
looked, 0, 39, 10 
herself, 0, 42, 10 
desire, 0, 37, 10 
expect, 0, 40, 10 
called, 0, 36, 10 
rather, 0, 36, 10 
davers, 0, 40, 10 
dearest, 0, 45, 10 
virtue, 0, 35, 10 
longman, 0, 48, 10 
closet, 0, 37, 10 
generous, 0, 54, 10 
brother, 0, 43, 10 
something, 0, 60, 10 
hardly, 0, 37, 10 
servants, 0, 52, 10 
married, 0, 44, 10 
perhaps, 0, 47, 10 
seemed, 0, 44, 10 
garden, 0, 40, 10 
turned, 0, 38, 10 
darnford, 0, 50, 10 
suppose, 0, 49, 10 
innocence, 0, 60, 10 
servant, 0, 45, 10 
afraid, 0, 35, 10 
resolved, 0, 51, 10 
through, 0, 45, 10 
neither, 0, 42, 10 
happiness, 0, 60, 10 
having, 0, 39, 10 
papers, 0, 40, 10 
dinner, 0, 37, 10 
conduct, 0, 47, 10 
friend, 0, 35, 10 
innocent, 0, 51, 10 
condition, 0, 55, 10 
almost, 0, 39, 10 
strange, 0, 45, 10 
account, 0, 47, 10 
nobody, 0, 42, 10 
besides, 0, 46, 10 
wonder, 0, 41, 10 
clothes, 0, 44, 10 
returned, 0, 50, 10 
opportunity, 0, 68, 10 
kissed, 0, 39, 10 
friends, 0, 42, 10 
blessed, 0, 46, 10 
afterwards, 0, 63, 10 
thursday, 0, 52, 10 
gentlemen, 0, 60, 10 
forced, 0, 38, 10 
andrews, 0, 48, 10 
worthy, 0, 39, 10 
peters, 0, 38, 10 
oblige, 0, 36, 10 
behaviour, 0, 58, 10 
excuse, 0, 42, 10 
answered, 0, 55, 10 
opinion, 0, 43, 10 
saying, 0, 39, 10 
husband, 0, 49, 10 
fortune, 0, 43, 10 
forget, 0, 36, 10 
moment, 0, 44, 10 
unworthy, 0, 53, 10 
concern, 0, 47, 10 
escape, 0, 42, 10 
project, 0, 42, 10 
letters, 0, 40, 10 
oclock, 0, 39, 10 
whether, 0, 46, 10 
however, 0, 48, 10 
seeing, 0, 39, 10 
intended, 0, 51, 10 
tomorrow, 0, 53, 10 
obliged, 0, 43, 10 
kindly, 0, 36, 10 
thoughts, 0, 52, 10 
guineas, 0, 46, 10 
become, 0, 44, 10 
colbrand, 0, 51, 10 
deserve, 0, 47, 10 
passed, 0, 42, 10 
kindness, 0, 53, 10 
written, 0, 41, 10 
matters, 0, 45, 10 
writing, 0, 40, 10 
humble, 0, 41, 10 
foolish, 0, 41, 10 
ashamed, 0, 51, 10 
towards, 0, 46, 10 
wished, 0, 40, 10 
subject, 0, 44, 10 
trouble, 0, 42, 10 
continued, 0, 58, 10 
wretch, 0, 39, 10 
received, 0, 51, 10 
consider, 0, 51, 10 
therefore, 0, 55, 10 
already, 0, 44, 10 
permit, 0, 37, 10 
themselves, 0, 67, 10 
question, 0, 51, 10 
presence, 0, 54, 10 
dreadful, 0, 49, 10 
otherwise, 0, 57, 10 
estate, 0, 38, 10 
obliging, 0, 47, 10 
passion, 0, 46, 10 
window, 0, 41, 10 
purpose, 0, 47, 10 
either, 0, 35, 10 
notice, 0, 37, 10 
several, 0, 44, 10 
pardon, 0, 40, 10 
people, 0, 39, 10 
divine, 0, 36, 10 
danger, 0, 40, 10 
attend, 0, 38, 10 
promise, 0, 46, 10 
future, 0, 36, 10 
stairs, 0, 35, 10 
agreeable, 0, 58, 10 
mistress, 0, 51, 10 
taking, 0, 37, 10 
begged, 0, 42, 10 
carried, 0, 42, 10 
honesty, 0, 47, 10 
prayers, 0, 45, 10 
mothers, 0, 47, 10 
former, 0, 38, 10 
walked, 0, 40, 10 
grateful, 0, 47, 10 
parlour, 0, 42, 10 
ordered, 0, 45, 10 
 , -1, 4, 16 
should, 9, 104, 44 
master, 9, 108, 44 
pamela, 7, 101, 38 
little, 6, 44, 33 
myself, 5, 73, 31 
jewkes, 5, 78, 31 
though, 4, 54, 25 
thought, 4, 58, 25 
before, 4, 49, 25 
jervis, 3, 34, 22 
father, 3, 40, 22 
letter, 3, 33, 22 
indeed, 3, 47, 22 
nothing, 3, 51, 22 
mother, 2, 41, 19 
cannot, 2, 39, 19 
honour, 2, 40, 19 
because, 2, 50, 19 
williams, 2, 46, 19 
always, 2, 41, 19 
better, 2, 32, 19 
goodness, 2, 58, 19 
another, 1, 41, 16 
without, 1, 37, 16 
things, 1, 31, 16 
believe, 1, 37, 16 
pleased, 1, 42, 16 
ladies, 1, 30, 16 
reason, 1, 37, 16 
creature, 1, 43, 16 
gentleman, 1, 56, 16 
wicked, 1, 36, 16 
ladyship, 1, 42, 16 
pretty, 1, 29, 16 
daughter, 1, 47, 16 
answer, 1, 39, 16 
forgive, 1, 35, 16 
sister, 1, 27, 16 
himself, 1, 37, 16 
against, 1, 38, 16 
present, 1, 40, 16 
brought, 1, 41, 16 
company, 1, 50, 16 
yourself, 1, 40, 16 
manner, 1, 42, 16 
favour, 1, 33, 16 
matter, 1, 34, 16 
person, 1, 37, 16 
replied, 1, 35, 16 
please, 1, 35, 16 
pleasure, 1, 45, 16 
morning, 0, 39, 14 
together, 0, 39, 14 
honest, 0, 32, 14 
chariot, 0, 31, 14 
occasion, 0, 43, 14 
parents, 0, 35, 14 
masters, 0, 37, 14 
assure, 0, 32, 14 
enough, 0, 37, 14 
between, 0, 41, 14 
return, 0, 27, 14 
coming, 0, 35, 14 
family, 0, 27, 14 
looked, 0, 32, 14 
herself, 0, 31, 14 
desire, 0, 29, 14 
expect, 0, 31, 14 
called, 0, 28, 14 
rather, 0, 27, 14 
davers, 0, 32, 14 
dearest, 0, 35, 14 
virtue, 0, 25, 14 
longman, 0, 42, 14 
closet, 0, 27, 14 
generous, 0, 46, 14 
brother, 0, 33, 14 
something, 0, 50, 14 
hardly, 0, 29, 14 
servants, 0, 40, 14 
married, 0, 36, 14 
perhaps, 0, 39, 14 
seemed, 0, 39, 14 
garden, 0, 34, 14 
turned, 0, 30, 14 
darnford, 0, 40, 14 
suppose, 0, 41, 14 
innocence, 0, 50, 14 
servant, 0, 34, 14 
afraid, 0, 26, 14 
resolved, 0, 41, 14 
through, 0, 36, 14 
neither, 0, 32, 14 
happiness, 0, 50, 14 
having, 0, 32, 14 
papers, 0, 33, 14 
dinner, 0, 30, 14 
conduct, 0, 37, 14 
friend, 0, 26, 14 
innocent, 0, 41, 14 
condition, 0, 43, 14 
almost, 0, 31, 14 
strange, 0, 35, 14 
account, 0, 37, 14 
nobody, 0, 36, 14 
besides, 0, 37, 14 
wonder, 0, 36, 14 
clothes, 0, 33, 14 
returned, 0, 40, 14 
opportunity, 0, 52, 14 
kissed, 0, 30, 14 
friends, 0, 31, 14 
blessed, 0, 37, 14 
afterwards, 0, 49, 14 
thursday, 0, 41, 14 
gentlemen, 0, 51, 14 
forced, 0, 29, 14 
andrews, 0, 41, 14 
worthy, 0, 31, 14 
peters, 0, 29, 14 
oblige, 0, 29, 14 
behaviour, 0, 48, 14 
excuse, 0, 34, 14 
answered, 0, 48, 14 
opinion, 0, 35, 14 
saying, 0, 31, 14 
husband, 0, 42, 14 
fortune, 0, 32, 14 
forget, 0, 26, 14 
moment, 0, 39, 14 
unworthy, 0, 44, 14 
concern, 0, 38, 14 
escape, 0, 35, 14 
project, 0, 31, 14 
letters, 0, 27, 14 
oclock, 0, 30, 14 
whether, 0, 38, 14 
however, 0, 41, 14 
seeing, 0, 32, 14 
intended, 0, 42, 14 
tomorrow, 0, 45, 14 
obliged, 0, 35, 14 
kindly, 0, 27, 14 
thoughts, 0, 41, 14 
guineas, 0, 38, 14 
become, 0, 39, 14 
colbrand, 0, 42, 14 
deserve, 0, 38, 14 
passed, 0, 35, 14 
kindness, 0, 43, 14 
written, 0, 30, 14 
matters, 0, 34, 14 
writing, 0, 30, 14 
humble, 0, 36, 14 
foolish, 0, 30, 14 
ashamed, 0, 45, 14 
towards, 0, 37, 14 
wished, 0, 34, 14 
subject, 0, 33, 14 
trouble, 0, 32, 14 
continued, 0, 47, 14 
wretch, 0, 31, 14 
received, 0, 41, 14 
consider, 0, 41, 14 
therefore, 0, 42, 14 
already, 0, 35, 14 
permit, 0, 29, 14 
themselves, 0, 54, 14 
question, 0, 41, 14 
presence, 0, 45, 14 
dreadful, 0, 39, 14 
otherwise, 0, 46, 14 
estate, 0, 28, 14 
obliging, 0, 38, 14 
passion, 0, 37, 14 
window, 0, 37, 14 
purpose, 0, 39, 14 
either, 0, 26, 14 
notice, 0, 28, 14 
several, 0, 34, 14 
pardon, 0, 34, 14 
people, 0, 33, 14 
divine, 0, 28, 14 
danger, 0, 34, 14 
attend, 0, 29, 14 
promise, 0, 38, 14 
future, 0, 26, 14 
stairs, 0, 24, 14 
agreeable, 0, 49, 14 
mistress, 0, 39, 14 
taking, 0, 28, 14 
begged, 0, 37, 14 
carried, 0, 32, 14 
honesty, 0, 37, 14 
prayers, 0, 35, 14 
mothers, 0, 38, 14 
former, 0, 30, 14 
walked, 0, 34, 14 
grateful, 0, 35, 14 
parlour, 0, 33, 14 
ordered, 0, 37, 14 
 , -1, 4, 16 
