# tag, weight, width (pixels), height(pixels)
# last tag is white space (fake)
#after sentinel the data may be repeated for alt fonts
should, 9, 112, 38 
master, 9, 111, 38 
pamela, 7, 100, 32 
little, 6, 53, 30 
myself, 5, 69, 27 
jewkes, 5, 72, 27 
though, 4, 66, 23 
thought, 4, 72, 23 
before, 4, 61, 23 
jervis, 3, 42, 20 
father, 3, 46, 20 
letter, 3, 40, 20 
indeed, 3, 54, 20 
nothing, 2, 53, 17 
mother, 2, 49, 17 
cannot, 2, 48, 17 
honour, 2, 50, 17 
because, 2, 61, 17 
williams, 2, 58, 17 
always, 1, 40, 15 
better, 1, 33, 15 
goodness, 1, 56, 15 
another, 1, 43, 15 
without, 1, 41, 15 
things, 1, 35, 15 
believe, 1, 41, 15 
pleased, 1, 45, 15 
ladies, 1, 34, 15 
reason, 1, 39, 15 
creature, 1, 47, 15 
gentleman, 1, 60, 15 
wicked, 0, 34, 11 
ladyship, 0, 42, 11 
pretty, 0, 29, 11 
daughter, 0, 46, 11 
answer, 0, 36, 11 
forgive, 0, 35, 11 
sister, 0, 27, 11 
himself, 0, 36, 11 
against, 0, 38, 11 
present, 0, 39, 11 
brought, 0, 40, 11 
company, 0, 46, 11 
yourself, 0, 40, 11 
manner, 0, 38, 11 
favour, 0, 32, 11 
matter, 0, 32, 11 
person, 0, 35, 11 
replied, 0, 35, 11 
please, 0, 34, 11 
pleasure, 0, 44, 11 
morning, 0, 41, 11 
together, 0, 43, 11 
honest, 0, 35, 11 
chariot, 0, 35, 11 
occasion, 0, 45, 11 
parents, 0, 39, 11 
masters, 0, 40, 11 
assure, 0, 34, 11 
enough, 0, 39, 11 
between, 0, 44, 11 
return, 0, 30, 11 
coming, 0, 36, 11 
family, 0, 29, 11 
looked, 0, 34, 11 
herself, 0, 35, 11 
desire, 0, 31, 11 
expect, 0, 34, 11 
called, 0, 30, 11 
rather, 0, 30, 11 
davers, 0, 34, 11 
dearest, 0, 39, 11 
virtue, 0, 28, 11 
longman, 0, 44, 11 
closet, 0, 30, 11 
generous, 0, 48, 11 
brother, 0, 37, 11 
something, 0, 53, 11 
hardly, 0, 31, 11 
servants, 0, 43, 11 
married, 0, 38, 11 
perhaps, 0, 42, 11 
seemed, 0, 40, 11 
garden, 0, 36, 11 
turned, 0, 33, 11 
darnford, 0, 43, 11 
suppose, 0, 44, 11 
innocence, 0, 53, 11 
servant, 0, 38, 11 
afraid, 0, 29, 11 
resolved, 0, 43, 11 
through, 0, 40, 11 
neither, 0, 36, 11 
happiness, 0, 53, 11 
having, 0, 34, 11 
papers, 0, 35, 11 
dinner, 0, 32, 11 
conduct, 0, 41, 11 
friend, 0, 29, 11 
innocent, 0, 44, 11 
condition, 0, 47, 11 
 , -1, 4, 16 
should, 9, 167, 36 
master, 9, 165, 36 
pamela, 7, 136, 30 
little, 6, 92, 27 
myself, 5, 104, 23 
jewkes, 5, 106, 23 
though, 4, 85, 20 
thought, 4, 95, 20 
before, 4, 81, 20 
jervis, 3, 62, 17 
father, 3, 64, 17 
letter, 3, 59, 17 
indeed, 3, 73, 17 
nothing, 2, 63, 15 
mother, 2, 58, 15 
cannot, 2, 57, 15 
honour, 2, 57, 15 
because, 2, 70, 15 
williams, 2, 70, 15 
always, 1, 43, 11 
better, 1, 39, 11 
goodness, 1, 62, 11 
another, 1, 50, 11 
without, 1, 47, 11 
things, 1, 40, 11 
believe, 1, 47, 11 
pleased, 1, 51, 11 
ladies, 1, 39, 11 
reason, 1, 44, 11 
creature, 1, 54, 11 
gentleman, 1, 67, 11 
wicked, 0, 40, 10 
ladyship, 0, 50, 10 
pretty, 0, 36, 10 
daughter, 0, 52, 10 
answer, 0, 41, 10 
forgive, 0, 42, 10 
sister, 0, 35, 10 
himself, 0, 43, 10 
against, 0, 44, 10 
present, 0, 45, 10 
brought, 0, 45, 10 
company, 0, 51, 10 
yourself, 0, 49, 10 
manner, 0, 42, 10 
favour, 0, 38, 10 
matter, 0, 38, 10 
person, 0, 40, 10 
replied, 0, 41, 10 
please, 0, 39, 10 
pleasure, 0, 51, 10 
morning, 0, 46, 10 
together, 0, 50, 10 
honest, 0, 40, 10 
chariot, 0, 42, 10 
occasion, 0, 53, 10 
parents, 0, 45, 10 
masters, 0, 47, 10 
assure, 0, 40, 10 
enough, 0, 42, 10 
between, 0, 48, 10 
return, 0, 36, 10 
coming, 0, 41, 10 
family, 0, 36, 10 
looked, 0, 39, 10 
herself, 0, 42, 10 
desire, 0, 37, 10 
expect, 0, 40, 10 
called, 0, 36, 10 
rather, 0, 36, 10 
davers, 0, 40, 10 
dearest, 0, 45, 10 
virtue, 0, 35, 10 
longman, 0, 48, 10 
closet, 0, 37, 10 
generous, 0, 54, 10 
brother, 0, 43, 10 
something, 0, 60, 10 
hardly, 0, 37, 10 
servants, 0, 52, 10 
married, 0, 44, 10 
perhaps, 0, 47, 10 
seemed, 0, 44, 10 
garden, 0, 40, 10 
turned, 0, 38, 10 
darnford, 0, 50, 10 
suppose, 0, 49, 10 
innocence, 0, 60, 10 
servant, 0, 45, 10 
afraid, 0, 35, 10 
resolved, 0, 51, 10 
through, 0, 45, 10 
neither, 0, 42, 10 
happiness, 0, 60, 10 
having, 0, 39, 10 
papers, 0, 40, 10 
dinner, 0, 37, 10 
conduct, 0, 47, 10 
friend, 0, 35, 10 
innocent, 0, 51, 10 
condition, 0, 55, 10 
 , -1, 4, 16 
should, 9, 104, 44 
master, 9, 108, 44 
pamela, 7, 101, 38 
little, 6, 44, 33 
myself, 5, 73, 31 
jewkes, 5, 78, 31 
though, 4, 54, 25 
thought, 4, 58, 25 
before, 4, 49, 25 
jervis, 3, 34, 22 
father, 3, 40, 22 
letter, 3, 33, 22 
indeed, 3, 47, 22 
nothing, 2, 41, 19 
mother, 2, 41, 19 
cannot, 2, 39, 19 
honour, 2, 40, 19 
because, 2, 50, 19 
williams, 2, 46, 19 
always, 1, 36, 16 
better, 1, 30, 16 
goodness, 1, 52, 16 
another, 1, 41, 16 
without, 1, 37, 16 
things, 1, 31, 16 
believe, 1, 37, 16 
pleased, 1, 42, 16 
ladies, 1, 30, 16 
reason, 1, 37, 16 
creature, 1, 43, 16 
gentleman, 1, 56, 16 
wicked, 0, 33, 14 
ladyship, 0, 40, 14 
pretty, 0, 25, 14 
daughter, 0, 43, 14 
answer, 0, 35, 14 
forgive, 0, 31, 14 
sister, 0, 24, 14 
himself, 0, 33, 14 
against, 0, 34, 14 
present, 0, 35, 14 
brought, 0, 36, 14 
company, 0, 44, 14 
yourself, 0, 37, 14 
manner, 0, 37, 14 
favour, 0, 29, 14 
matter, 0, 29, 14 
person, 0, 33, 14 
replied, 0, 32, 14 
please, 0, 32, 14 
pleasure, 0, 42, 14 
morning, 0, 39, 14 
together, 0, 39, 14 
honest, 0, 32, 14 
chariot, 0, 31, 14 
occasion, 0, 43, 14 
parents, 0, 35, 14 
masters, 0, 37, 14 
assure, 0, 32, 14 
enough, 0, 37, 14 
between, 0, 41, 14 
return, 0, 27, 14 
coming, 0, 35, 14 
family, 0, 27, 14 
looked, 0, 32, 14 
herself, 0, 31, 14 
desire, 0, 29, 14 
expect, 0, 31, 14 
called, 0, 28, 14 
rather, 0, 27, 14 
davers, 0, 32, 14 
dearest, 0, 35, 14 
virtue, 0, 25, 14 
longman, 0, 42, 14 
closet, 0, 27, 14 
generous, 0, 46, 14 
brother, 0, 33, 14 
something, 0, 50, 14 
hardly, 0, 29, 14 
servants, 0, 40, 14 
married, 0, 36, 14 
perhaps, 0, 39, 14 
seemed, 0, 39, 14 
garden, 0, 34, 14 
turned, 0, 30, 14 
darnford, 0, 40, 14 
suppose, 0, 41, 14 
innocence, 0, 50, 14 
servant, 0, 34, 14 
afraid, 0, 26, 14 
resolved, 0, 41, 14 
through, 0, 36, 14 
neither, 0, 32, 14 
happiness, 0, 50, 14 
having, 0, 32, 14 
papers, 0, 33, 14 
dinner, 0, 30, 14 
conduct, 0, 37, 14 
friend, 0, 26, 14 
innocent, 0, 41, 14 
condition, 0, 43, 14 
 , -1, 4, 16 
