# tag, weight, width (pixels), height(pixels)
# last tag is white space (fake)
#after sentinel the data may be repeated for alt fonts
buddha, 9, 124, 38 
fahien, 4, 59, 23 
chinese, 3, 62, 20 
chapter, 2, 53, 17 
country, 2, 52, 17 
buddhas, 2, 62, 17 
buddhist, 2, 61, 17 
called, 1, 34, 15 
vihara, 1, 35, 15 
buddhism, 1, 56, 15 
having, 1, 38, 15 
kingdom, 1, 49, 15 
account, 1, 46, 15 
people, 1, 38, 15 
present, 1, 43, 15 
sakyamuni, 1, 63, 15 
offerings, 1, 50, 15 
himself, 1, 42, 15 
another, 1, 43, 15 
should, 1, 38, 15 
without, 1, 41, 15 
monastery, 1, 61, 15 
narrative, 1, 50, 15 
however, 1, 48, 15 
davids, 0, 33, 11 
between, 0, 44, 11 
before, 0, 33, 11 
immediately, 0, 60, 11 
thousand, 0, 48, 11 
attained, 0, 42, 11 
meaning, 0, 44, 11 
places, 0, 33, 11 
through, 0, 40, 11 
different, 0, 43, 11 
according, 0, 50, 11 
became, 0, 40, 11 
project, 0, 35, 11 
hundred, 0, 43, 11 
cubits, 0, 30, 11 
brought, 0, 40, 11 
various, 0, 37, 11 
precious, 0, 43, 11 
heaven, 0, 38, 11 
former, 0, 32, 11 
yojanas, 0, 40, 11 
buddhistic, 0, 52, 11 
second, 0, 37, 11 
ground, 0, 36, 11 
travellers, 0, 46, 11 
sacred, 0, 34, 11 
others, 0, 32, 11 
probably, 0, 44, 11 
bodhisattva, 0, 60, 11 
become, 0, 40, 11 
flowers, 0, 36, 11 
characters, 0, 53, 11 
sanskrit, 0, 39, 11 
fahiens, 0, 38, 11 
wisdom, 0, 37, 11 
monasteries, 0, 62, 11 
buddhists, 0, 50, 11 
themselves, 0, 57, 11 
parinirvana, 0, 57, 11 
rather, 0, 30, 11 
nirvana, 0, 38, 11 
number, 0, 38, 11 
capital, 0, 34, 11 
disciples, 0, 44, 11 
converted, 0, 51, 11 
thought, 0, 40, 11 
common, 0, 42, 11 
father, 0, 30, 11 
distance, 0, 43, 11 
kasyapa, 0, 43, 11 
gutenberg, 0, 53, 11 
character, 0, 48, 11 
author, 0, 33, 11 
received, 0, 43, 11 
course, 0, 34, 11 
entered, 0, 40, 11 
ananda, 0, 39, 11 
period, 0, 32, 11 
indian, 0, 31, 11 
together, 0, 43, 11 
within, 0, 29, 11 
ceylon, 0, 33, 11 
return, 0, 30, 11 
vinaya, 0, 33, 11 
mountains, 0, 53, 11 
middle, 0, 33, 11 
kingdoms, 0, 48, 11 
countries, 0, 47, 11 
perfect, 0, 36, 11 
appear, 0, 36, 11 
erected, 0, 39, 11 
towards, 0, 40, 11 
families, 0, 38, 11 
wished, 0, 35, 11 
students, 0, 44, 11 
translation, 0, 54, 11 
arrived, 0, 35, 11 
manual, 0, 37, 11 
connexion, 0, 53, 11 
mentioned, 0, 54, 11 
returned, 0, 43, 11 
dynasty, 0, 40, 11 
appears, 0, 42, 11 
family, 0, 29, 11 
several, 0, 37, 11 
indeed, 0, 35, 11 
incense, 0, 40, 11 
meditation, 0, 53, 11 
following, 0, 45, 11 
mahayana, 0, 53, 11 
explained, 0, 50, 11 
etexts, 0, 31, 11 
equivalent, 0, 53, 11 
ancient, 0, 38, 11 
western, 0, 40, 11 
things, 0, 31, 11 
famous, 0, 37, 11 
suppose, 0, 44, 11 
always, 0, 34, 11 
mother, 0, 35, 11 
thirty, 0, 25, 11 
travels, 0, 34, 11 
substances, 0, 58, 11 
millions, 0, 37, 11 
existing, 0, 39, 11 
hinayana, 0, 47, 11 
appearance, 0, 61, 11 
twenty, 0, 33, 11 
reared, 0, 33, 11 
little, 0, 21, 11 
elephant, 0, 45, 11 
followed, 0, 42, 11 
brahman, 0, 45, 11 
wicked, 0, 34, 11 
merchants, 0, 53, 11 
worship, 0, 39, 11 
bhikshu, 0, 40, 11 
sutras, 0, 31, 11 
afterwards, 0, 53, 11 
better, 0, 30, 11 
watters, 0, 37, 11 
presented, 0, 52, 11 
followers, 0, 45, 11 
khoten, 0, 35, 11 
therefore, 0, 47, 11 
receive, 0, 37, 11 
attain, 0, 29, 11 
portion, 0, 36, 11 
height, 0, 32, 11 
tushita, 0, 35, 11 
central, 0, 35, 11 
record, 0, 32, 11 
stories, 0, 34, 11 
summer, 0, 39, 11 
corean, 0, 35, 11 
principal, 0, 43, 11 
because, 0, 44, 11 
further, 0, 34, 11 
school, 0, 33, 11 
crossed, 0, 40, 11 
buddhaship, 0, 60, 11 
referred, 0, 40, 11 
identified, 0, 47, 11 
catalogue, 0, 51, 11 
passed, 0, 37, 11 
living, 0, 26, 11 
generally, 0, 47, 11 
forward, 0, 38, 11 
vaisali, 0, 32, 11 
mountain, 0, 47, 11 
legends, 0, 41, 11 
maitreya, 0, 43, 11 
subsequently, 0, 68, 11 
inhabitants, 0, 57, 11 
worldhonoured, 0, 76, 11 
sramana, 0, 44, 11 
silver, 0, 26, 11 
hardys, 0, 34, 11 
images, 0, 36, 11 
though, 0, 36, 11 
ministers, 0, 45, 11 
version, 0, 37, 11 
general, 0, 39, 11 
remained, 0, 47, 11 
assembly, 0, 47, 11 
crossing, 0, 42, 11 
information, 0, 57, 11 
sometimes, 0, 54, 11 
northern, 0, 43, 11 
almsbowl, 0, 46, 11 
kapilavastu, 0, 58, 11 
perhaps, 0, 42, 11 
formerly, 0, 40, 11 
person, 0, 35, 11 
reborn, 0, 33, 11 
difficult, 0, 37, 11 
palace, 0, 34, 11 
 , -1, 4, 16 
buddha, 9, 178, 36 
fahien, 4, 79, 20 
chinese, 3, 84, 17 
chapter, 2, 64, 15 
country, 2, 64, 15 
buddhas, 2, 70, 15 
buddhist, 2, 73, 15 
called, 1, 39, 11 
vihara, 1, 40, 11 
buddhism, 1, 61, 11 
having, 1, 43, 11 
kingdom, 1, 53, 11 
account, 1, 51, 11 
people, 1, 44, 11 
present, 1, 49, 11 
sakyamuni, 1, 67, 11 
offerings, 1, 58, 11 
himself, 1, 46, 11 
another, 1, 50, 11 
should, 1, 43, 11 
without, 1, 47, 11 
monastery, 1, 66, 11 
narrative, 1, 58, 11 
however, 1, 53, 11 
davids, 0, 39, 10 
between, 0, 48, 10 
before, 0, 38, 10 
immediately, 0, 70, 10 
thousand, 0, 54, 10 
attained, 0, 49, 10 
meaning, 0, 48, 10 
places, 0, 39, 10 
through, 0, 45, 10 
different, 0, 52, 10 
according, 0, 58, 10 
became, 0, 44, 10 
project, 0, 42, 10 
hundred, 0, 47, 10 
cubits, 0, 37, 10 
brought, 0, 45, 10 
various, 0, 44, 10 
precious, 0, 51, 10 
heaven, 0, 42, 10 
former, 0, 38, 10 
yojanas, 0, 46, 10 
buddhistic, 0, 62, 10 
second, 0, 42, 10 
ground, 0, 40, 10 
travellers, 0, 58, 10 
sacred, 0, 40, 10 
others, 0, 38, 10 
probably, 0, 51, 10 
bodhisattva, 0, 70, 10 
become, 0, 44, 10 
flowers, 0, 43, 10 
characters, 0, 64, 10 
sanskrit, 0, 49, 10 
fahiens, 0, 44, 10 
wisdom, 0, 42, 10 
monasteries, 0, 72, 10 
buddhists, 0, 58, 10 
themselves, 0, 67, 10 
parinirvana, 0, 67, 10 
rather, 0, 36, 10 
nirvana, 0, 44, 10 
number, 0, 42, 10 
capital, 0, 41, 10 
disciples, 0, 54, 10 
converted, 0, 59, 10 
thought, 0, 45, 10 
common, 0, 46, 10 
father, 0, 36, 10 
distance, 0, 51, 10 
kasyapa, 0, 49, 10 
gutenberg, 0, 59, 10 
character, 0, 57, 10 
author, 0, 38, 10 
received, 0, 51, 10 
course, 0, 40, 10 
entered, 0, 45, 10 
ananda, 0, 42, 10 
period, 0, 37, 10 
indian, 0, 36, 10 
together, 0, 50, 10 
within, 0, 35, 10 
ceylon, 0, 39, 10 
return, 0, 36, 10 
vinaya, 0, 39, 10 
mountains, 0, 60, 10 
middle, 0, 38, 10 
kingdoms, 0, 55, 10 
countries, 0, 56, 10 
perfect, 0, 43, 10 
appear, 0, 40, 10 
erected, 0, 45, 10 
towards, 0, 46, 10 
families, 0, 47, 10 
wished, 0, 40, 10 
students, 0, 52, 10 
translation, 0, 65, 10 
arrived, 0, 42, 10 
manual, 0, 41, 10 
connexion, 0, 60, 10 
mentioned, 0, 60, 10 
returned, 0, 50, 10 
dynasty, 0, 47, 10 
appears, 0, 47, 10 
family, 0, 36, 10 
several, 0, 44, 10 
indeed, 0, 39, 10 
incense, 0, 46, 10 
meditation, 0, 62, 10 
following, 0, 53, 10 
mahayana, 0, 58, 10 
explained, 0, 57, 10 
etexts, 0, 38, 10 
equivalent, 0, 62, 10 
ancient, 0, 44, 10 
western, 0, 46, 10 
things, 0, 37, 10 
famous, 0, 42, 10 
suppose, 0, 49, 10 
always, 0, 40, 10 
mother, 0, 40, 10 
thirty, 0, 33, 10 
travels, 0, 42, 10 
substances, 0, 68, 10 
millions, 0, 46, 10 
existing, 0, 48, 10 
hinayana, 0, 53, 10 
appearance, 0, 68, 10 
twenty, 0, 39, 10 
reared, 0, 38, 10 
little, 0, 29, 10 
elephant, 0, 51, 10 
followed, 0, 49, 10 
brahman, 0, 49, 10 
wicked, 0, 40, 10 
merchants, 0, 61, 10 
worship, 0, 45, 10 
bhikshu, 0, 46, 10 
sutras, 0, 38, 10 
afterwards, 0, 63, 10 
better, 0, 36, 10 
watters, 0, 44, 10 
presented, 0, 59, 10 
followers, 0, 54, 10 
khoten, 0, 40, 10 
therefore, 0, 55, 10 
receive, 0, 44, 10 
attain, 0, 35, 10 
portion, 0, 42, 10 
height, 0, 37, 10 
tushita, 0, 42, 10 
central, 0, 42, 10 
record, 0, 38, 10 
stories, 0, 42, 10 
summer, 0, 44, 10 
corean, 0, 40, 10 
principal, 0, 52, 10 
because, 0, 49, 10 
further, 0, 41, 10 
school, 0, 39, 10 
crossed, 0, 47, 10 
buddhaship, 0, 67, 10 
referred, 0, 48, 10 
identified, 0, 57, 10 
catalogue, 0, 58, 10 
passed, 0, 42, 10 
living, 0, 33, 10 
generally, 0, 55, 10 
forward, 0, 44, 10 
vaisali, 0, 40, 10 
mountain, 0, 53, 10 
legends, 0, 46, 10 
maitreya, 0, 51, 10 
subsequently, 0, 79, 10 
inhabitants, 0, 67, 10 
worldhonoured, 0, 85, 10 
sramana, 0, 49, 10 
silver, 0, 34, 10 
hardys, 0, 40, 10 
images, 0, 41, 10 
though, 0, 40, 10 
ministers, 0, 55, 10 
version, 0, 44, 10 
general, 0, 44, 10 
remained, 0, 53, 10 
assembly, 0, 55, 10 
crossing, 0, 51, 10 
information, 0, 67, 10 
sometimes, 0, 62, 10 
northern, 0, 50, 10 
almsbowl, 0, 53, 10 
kapilavastu, 0, 69, 10 
perhaps, 0, 47, 10 
formerly, 0, 49, 10 
person, 0, 40, 10 
reborn, 0, 38, 10 
difficult, 0, 48, 10 
palace, 0, 39, 10 
 , -1, 4, 16 
buddha, 9, 119, 44 
fahien, 4, 47, 25 
chinese, 3, 54, 22 
chapter, 2, 43, 19 
country, 2, 43, 19 
buddhas, 2, 50, 19 
buddhist, 2, 49, 19 
called, 1, 30, 16 
vihara, 1, 32, 16 
buddhism, 1, 52, 16 
having, 1, 35, 16 
kingdom, 1, 46, 16 
account, 1, 42, 16 
people, 1, 36, 16 
present, 1, 40, 16 
sakyamuni, 1, 57, 16 
offerings, 1, 44, 16 
himself, 1, 37, 16 
another, 1, 41, 16 
should, 1, 35, 16 
without, 1, 37, 16 
monastery, 1, 56, 16 
narrative, 1, 45, 16 
however, 1, 46, 16 
davids, 0, 31, 14 
between, 0, 41, 14 
before, 0, 30, 14 
immediately, 0, 57, 14 
thousand, 0, 45, 14 
attained, 0, 38, 14 
meaning, 0, 42, 14 
places, 0, 31, 14 
through, 0, 36, 14 
different, 0, 37, 14 
according, 0, 47, 14 
became, 0, 39, 14 
project, 0, 31, 14 
hundred, 0, 40, 14 
cubits, 0, 27, 14 
brought, 0, 36, 14 
various, 0, 34, 14 
precious, 0, 41, 14 
heaven, 0, 36, 14 
former, 0, 30, 14 
yojanas, 0, 37, 14 
buddhistic, 0, 48, 14 
second, 0, 35, 14 
ground, 0, 34, 14 
travellers, 0, 42, 14 
sacred, 0, 32, 14 
others, 0, 29, 14 
probably, 0, 42, 14 
bodhisattva, 0, 54, 14 
become, 0, 39, 14 
flowers, 0, 33, 14 
characters, 0, 49, 14 
sanskrit, 0, 36, 14 
fahiens, 0, 34, 14 
wisdom, 0, 37, 14 
monasteries, 0, 58, 14 
buddhists, 0, 46, 14 
themselves, 0, 54, 14 
parinirvana, 0, 53, 14 
rather, 0, 27, 14 
nirvana, 0, 35, 14 
number, 0, 37, 14 
capital, 0, 30, 14 
disciples, 0, 41, 14 
converted, 0, 47, 14 
thought, 0, 35, 14 
common, 0, 42, 14 
father, 0, 26, 14 
distance, 0, 40, 14 
kasyapa, 0, 40, 14 
gutenberg, 0, 49, 14 
character, 0, 44, 14 
author, 0, 30, 14 
received, 0, 41, 14 
course, 0, 32, 14 
entered, 0, 36, 14 
ananda, 0, 37, 14 
period, 0, 30, 14 
indian, 0, 29, 14 
together, 0, 39, 14 
within, 0, 27, 14 
ceylon, 0, 31, 14 
return, 0, 27, 14 
vinaya, 0, 31, 14 
mountains, 0, 50, 14 
middle, 0, 32, 14 
kingdoms, 0, 47, 14 
countries, 0, 43, 14 
perfect, 0, 31, 14 
appear, 0, 34, 14 
erected, 0, 35, 14 
towards, 0, 37, 14 
families, 0, 36, 14 
wished, 0, 34, 14 
students, 0, 40, 14 
translation, 0, 48, 14 
arrived, 0, 32, 14 
manual, 0, 36, 14 
connexion, 0, 50, 14 
mentioned, 0, 51, 14 
returned, 0, 40, 14 
dynasty, 0, 36, 14 
appears, 0, 39, 14 
family, 0, 27, 14 
several, 0, 34, 14 
indeed, 0, 33, 14 
incense, 0, 37, 14 
meditation, 0, 49, 14 
following, 0, 42, 14 
mahayana, 0, 52, 14 
explained, 0, 47, 14 
etexts, 0, 27, 14 
equivalent, 0, 49, 14 
ancient, 0, 34, 14 
western, 0, 37, 14 
things, 0, 28, 14 
famous, 0, 35, 14 
suppose, 0, 41, 14 
always, 0, 33, 14 
mother, 0, 33, 14 
thirty, 0, 21, 14 
travels, 0, 30, 14 
substances, 0, 54, 14 
millions, 0, 36, 14 
existing, 0, 36, 14 
hinayana, 0, 45, 14 
appearance, 0, 58, 14 
twenty, 0, 30, 14 
reared, 0, 31, 14 
little, 0, 17, 14 
elephant, 0, 42, 14 
followed, 0, 40, 14 
brahman, 0, 43, 14 
wicked, 0, 33, 14 
merchants, 0, 50, 14 
worship, 0, 37, 14 
bhikshu, 0, 37, 14 
sutras, 0, 28, 14 
afterwards, 0, 49, 14 
better, 0, 26, 14 
watters, 0, 33, 14 
presented, 0, 48, 14 
followers, 0, 42, 14 
khoten, 0, 32, 14 
therefore, 0, 42, 14 
receive, 0, 34, 14 
attain, 0, 25, 14 
portion, 0, 32, 14 
height, 0, 29, 14 
tushita, 0, 30, 14 
central, 0, 31, 14 
record, 0, 30, 14 
stories, 0, 30, 14 
summer, 0, 39, 14 
corean, 0, 33, 14 
principal, 0, 40, 14 
because, 0, 41, 14 
further, 0, 29, 14 
school, 0, 31, 14 
crossed, 0, 37, 14 
buddhaship, 0, 57, 14 
referred, 0, 37, 14 
identified, 0, 42, 14 
catalogue, 0, 47, 14 
passed, 0, 35, 14 
living, 0, 24, 14 
generally, 0, 44, 14 
forward, 0, 35, 14 
vaisali, 0, 29, 14 
mountain, 0, 45, 14 
legends, 0, 38, 14 
maitreya, 0, 41, 14 
subsequently, 0, 63, 14 
inhabitants, 0, 51, 14 
worldhonoured, 0, 73, 14 
sramana, 0, 42, 14 
silver, 0, 24, 14 
hardys, 0, 32, 14 
images, 0, 35, 14 
though, 0, 33, 14 
ministers, 0, 42, 14 
version, 0, 34, 14 
general, 0, 36, 14 
remained, 0, 46, 14 
assembly, 0, 46, 14 
crossing, 0, 40, 14 
information, 0, 52, 14 
sometimes, 0, 52, 14 
northern, 0, 40, 14 
almsbowl, 0, 46, 14 
kapilavastu, 0, 53, 14 
perhaps, 0, 39, 14 
formerly, 0, 38, 14 
person, 0, 33, 14 
reborn, 0, 31, 14 
difficult, 0, 31, 14 
palace, 0, 32, 14 
 , -1, 4, 16 
