# tag, weight, width (pixels), height(pixels)
# last tag is white space (fake)
#after sentinel the data may be repeated for alt fonts
buddha, 9, 124, 38 
fahien, 4, 59, 23 
chinese, 2, 56, 17 
chapter, 2, 53, 17 
country, 2, 52, 17 
buddhas, 1, 49, 15 
buddhist, 1, 49, 15 
called, 1, 34, 15 
vihara, 1, 35, 15 
buddhism, 1, 56, 15 
having, 1, 38, 15 
kingdom, 1, 49, 15 
account, 1, 46, 15 
people, 1, 38, 15 
present, 1, 43, 15 
sakyamuni, 1, 63, 15 
offerings, 1, 50, 15 
himself, 1, 42, 15 
another, 0, 40, 11 
should, 0, 34, 11 
without, 0, 37, 11 
monastery, 0, 53, 11 
narrative, 0, 45, 11 
however, 0, 43, 11 
davids, 0, 33, 11 
between, 0, 44, 11 
before, 0, 33, 11 
immediately, 0, 60, 11 
thousand, 0, 48, 11 
attained, 0, 42, 11 
meaning, 0, 44, 11 
places, 0, 33, 11 
through, 0, 40, 11 
different, 0, 43, 11 
according, 0, 50, 11 
became, 0, 40, 11 
project, 0, 35, 11 
hundred, 0, 43, 11 
cubits, 0, 30, 11 
brought, 0, 40, 11 
various, 0, 37, 11 
precious, 0, 43, 11 
heaven, 0, 38, 11 
former, 0, 32, 11 
yojanas, 0, 40, 11 
buddhistic, 0, 52, 11 
second, 0, 37, 11 
ground, 0, 36, 11 
travellers, 0, 46, 11 
sacred, 0, 34, 11 
others, 0, 32, 11 
probably, 0, 44, 11 
bodhisattva, 0, 60, 11 
become, 0, 40, 11 
flowers, 0, 36, 11 
characters, 0, 53, 11 
sanskrit, 0, 39, 11 
fahiens, 0, 38, 11 
wisdom, 0, 37, 11 
monasteries, 0, 62, 11 
buddhists, 0, 50, 11 
themselves, 0, 57, 11 
parinirvana, 0, 57, 11 
rather, 0, 30, 11 
nirvana, 0, 38, 11 
number, 0, 38, 11 
capital, 0, 34, 11 
disciples, 0, 44, 11 
converted, 0, 51, 11 
thought, 0, 40, 11 
common, 0, 42, 11 
father, 0, 30, 11 
distance, 0, 43, 11 
kasyapa, 0, 43, 11 
gutenberg, 0, 53, 11 
character, 0, 48, 11 
author, 0, 33, 11 
received, 0, 43, 11 
course, 0, 34, 11 
entered, 0, 40, 11 
ananda, 0, 39, 11 
period, 0, 32, 11 
indian, 0, 31, 11 
together, 0, 43, 11 
within, 0, 29, 11 
ceylon, 0, 33, 11 
return, 0, 30, 11 
vinaya, 0, 33, 11 
mountains, 0, 53, 11 
middle, 0, 33, 11 
kingdoms, 0, 48, 11 
countries, 0, 47, 11 
perfect, 0, 36, 11 
appear, 0, 36, 11 
erected, 0, 39, 11 
towards, 0, 40, 11 
families, 0, 38, 11 
wished, 0, 35, 11 
students, 0, 44, 11 
translation, 0, 54, 11 
arrived, 0, 35, 11 
 , -1, 4, 16 
buddha, 9, 178, 36 
fahien, 4, 79, 20 
chinese, 2, 66, 15 
chapter, 2, 64, 15 
country, 2, 64, 15 
buddhas, 1, 55, 11 
buddhist, 1, 56, 11 
called, 1, 39, 11 
vihara, 1, 40, 11 
buddhism, 1, 61, 11 
having, 1, 43, 11 
kingdom, 1, 53, 11 
account, 1, 51, 11 
people, 1, 44, 11 
present, 1, 49, 11 
sakyamuni, 1, 67, 11 
offerings, 1, 58, 11 
himself, 1, 46, 11 
another, 0, 45, 10 
should, 0, 39, 10 
without, 0, 43, 10 
monastery, 0, 61, 10 
narrative, 0, 54, 10 
however, 0, 48, 10 
davids, 0, 39, 10 
between, 0, 48, 10 
before, 0, 38, 10 
immediately, 0, 70, 10 
thousand, 0, 54, 10 
attained, 0, 49, 10 
meaning, 0, 48, 10 
places, 0, 39, 10 
through, 0, 45, 10 
different, 0, 52, 10 
according, 0, 58, 10 
became, 0, 44, 10 
project, 0, 42, 10 
hundred, 0, 47, 10 
cubits, 0, 37, 10 
brought, 0, 45, 10 
various, 0, 44, 10 
precious, 0, 51, 10 
heaven, 0, 42, 10 
former, 0, 38, 10 
yojanas, 0, 46, 10 
buddhistic, 0, 62, 10 
second, 0, 42, 10 
ground, 0, 40, 10 
travellers, 0, 58, 10 
sacred, 0, 40, 10 
others, 0, 38, 10 
probably, 0, 51, 10 
bodhisattva, 0, 70, 10 
become, 0, 44, 10 
flowers, 0, 43, 10 
characters, 0, 64, 10 
sanskrit, 0, 49, 10 
fahiens, 0, 44, 10 
wisdom, 0, 42, 10 
monasteries, 0, 72, 10 
buddhists, 0, 58, 10 
themselves, 0, 67, 10 
parinirvana, 0, 67, 10 
rather, 0, 36, 10 
nirvana, 0, 44, 10 
number, 0, 42, 10 
capital, 0, 41, 10 
disciples, 0, 54, 10 
converted, 0, 59, 10 
thought, 0, 45, 10 
common, 0, 46, 10 
father, 0, 36, 10 
distance, 0, 51, 10 
kasyapa, 0, 49, 10 
gutenberg, 0, 59, 10 
character, 0, 57, 10 
author, 0, 38, 10 
received, 0, 51, 10 
course, 0, 40, 10 
entered, 0, 45, 10 
ananda, 0, 42, 10 
period, 0, 37, 10 
indian, 0, 36, 10 
together, 0, 50, 10 
within, 0, 35, 10 
ceylon, 0, 39, 10 
return, 0, 36, 10 
vinaya, 0, 39, 10 
mountains, 0, 60, 10 
middle, 0, 38, 10 
kingdoms, 0, 55, 10 
countries, 0, 56, 10 
perfect, 0, 43, 10 
appear, 0, 40, 10 
erected, 0, 45, 10 
towards, 0, 46, 10 
families, 0, 47, 10 
wished, 0, 40, 10 
students, 0, 52, 10 
translation, 0, 65, 10 
arrived, 0, 42, 10 
 , -1, 4, 16 
buddha, 9, 119, 44 
fahien, 4, 47, 25 
chinese, 2, 45, 19 
chapter, 2, 43, 19 
country, 2, 43, 19 
buddhas, 1, 47, 16 
buddhist, 1, 44, 16 
called, 1, 30, 16 
vihara, 1, 32, 16 
buddhism, 1, 52, 16 
having, 1, 35, 16 
kingdom, 1, 46, 16 
account, 1, 42, 16 
people, 1, 36, 16 
present, 1, 40, 16 
sakyamuni, 1, 57, 16 
offerings, 1, 44, 16 
himself, 1, 37, 16 
another, 0, 36, 14 
should, 0, 32, 14 
without, 0, 33, 14 
monastery, 0, 50, 14 
narrative, 0, 41, 14 
however, 0, 41, 14 
davids, 0, 31, 14 
between, 0, 41, 14 
before, 0, 30, 14 
immediately, 0, 57, 14 
thousand, 0, 45, 14 
attained, 0, 38, 14 
meaning, 0, 42, 14 
places, 0, 31, 14 
through, 0, 36, 14 
different, 0, 37, 14 
according, 0, 47, 14 
became, 0, 39, 14 
project, 0, 31, 14 
hundred, 0, 40, 14 
cubits, 0, 27, 14 
brought, 0, 36, 14 
various, 0, 34, 14 
precious, 0, 41, 14 
heaven, 0, 36, 14 
former, 0, 30, 14 
yojanas, 0, 37, 14 
buddhistic, 0, 48, 14 
second, 0, 35, 14 
ground, 0, 34, 14 
travellers, 0, 42, 14 
sacred, 0, 32, 14 
others, 0, 29, 14 
probably, 0, 42, 14 
bodhisattva, 0, 54, 14 
become, 0, 39, 14 
flowers, 0, 33, 14 
characters, 0, 49, 14 
sanskrit, 0, 36, 14 
fahiens, 0, 34, 14 
wisdom, 0, 37, 14 
monasteries, 0, 58, 14 
buddhists, 0, 46, 14 
themselves, 0, 54, 14 
parinirvana, 0, 53, 14 
rather, 0, 27, 14 
nirvana, 0, 35, 14 
number, 0, 37, 14 
capital, 0, 30, 14 
disciples, 0, 41, 14 
converted, 0, 47, 14 
thought, 0, 35, 14 
common, 0, 42, 14 
father, 0, 26, 14 
distance, 0, 40, 14 
kasyapa, 0, 40, 14 
gutenberg, 0, 49, 14 
character, 0, 44, 14 
author, 0, 30, 14 
received, 0, 41, 14 
course, 0, 32, 14 
entered, 0, 36, 14 
ananda, 0, 37, 14 
period, 0, 30, 14 
indian, 0, 29, 14 
together, 0, 39, 14 
within, 0, 27, 14 
ceylon, 0, 31, 14 
return, 0, 27, 14 
vinaya, 0, 31, 14 
mountains, 0, 50, 14 
middle, 0, 32, 14 
kingdoms, 0, 47, 14 
countries, 0, 43, 14 
perfect, 0, 31, 14 
appear, 0, 34, 14 
erected, 0, 35, 14 
towards, 0, 37, 14 
families, 0, 36, 14 
wished, 0, 34, 14 
students, 0, 40, 14 
translation, 0, 48, 14 
arrived, 0, 32, 14 
 , -1, 4, 16 
