# tag, weight, width (pixels), height(pixels)
# last tag is white space (fake)
#after sentinel the data may be repeated for alt fonts
buddha, 9, 124, 38 
fahien, 3, 49, 20 
chinese, 2, 56, 17 
chapter, 2, 53, 17 
country, 1, 43, 15 
buddhas, 1, 49, 15 
buddhist, 1, 49, 15 
called, 1, 34, 15 
vihara, 1, 35, 15 
buddhism, 1, 56, 15 
having, 1, 38, 15 
kingdom, 1, 49, 15 
account, 1, 46, 15 
people, 1, 38, 15 
present, 1, 43, 15 
sakyamuni, 0, 54, 11 
offerings, 0, 45, 11 
himself, 0, 36, 11 
another, 0, 40, 11 
should, 0, 34, 11 
without, 0, 37, 11 
monastery, 0, 53, 11 
narrative, 0, 45, 11 
however, 0, 43, 11 
davids, 0, 33, 11 
between, 0, 44, 11 
before, 0, 33, 11 
immediately, 0, 60, 11 
thousand, 0, 48, 11 
attained, 0, 42, 11 
meaning, 0, 44, 11 
places, 0, 33, 11 
through, 0, 40, 11 
different, 0, 43, 11 
according, 0, 50, 11 
became, 0, 40, 11 
project, 0, 35, 11 
hundred, 0, 43, 11 
cubits, 0, 30, 11 
brought, 0, 40, 11 
various, 0, 37, 11 
precious, 0, 43, 11 
heaven, 0, 38, 11 
former, 0, 32, 11 
yojanas, 0, 40, 11 
buddhistic, 0, 52, 11 
second, 0, 37, 11 
ground, 0, 36, 11 
travellers, 0, 46, 11 
sacred, 0, 34, 11 
others, 0, 32, 11 
 , -1, 4, 16 
buddha, 9, 178, 36 
fahien, 3, 68, 17 
chinese, 2, 66, 15 
chapter, 2, 64, 15 
country, 1, 48, 11 
buddhas, 1, 55, 11 
buddhist, 1, 56, 11 
called, 1, 39, 11 
vihara, 1, 40, 11 
buddhism, 1, 61, 11 
having, 1, 43, 11 
kingdom, 1, 53, 11 
account, 1, 51, 11 
people, 1, 44, 11 
present, 1, 49, 11 
sakyamuni, 0, 62, 10 
offerings, 0, 54, 10 
himself, 0, 43, 10 
another, 0, 45, 10 
should, 0, 39, 10 
without, 0, 43, 10 
monastery, 0, 61, 10 
narrative, 0, 54, 10 
however, 0, 48, 10 
davids, 0, 39, 10 
between, 0, 48, 10 
before, 0, 38, 10 
immediately, 0, 70, 10 
thousand, 0, 54, 10 
attained, 0, 49, 10 
meaning, 0, 48, 10 
places, 0, 39, 10 
through, 0, 45, 10 
different, 0, 52, 10 
according, 0, 58, 10 
became, 0, 44, 10 
project, 0, 42, 10 
hundred, 0, 47, 10 
cubits, 0, 37, 10 
brought, 0, 45, 10 
various, 0, 44, 10 
precious, 0, 51, 10 
heaven, 0, 42, 10 
former, 0, 38, 10 
yojanas, 0, 46, 10 
buddhistic, 0, 62, 10 
second, 0, 42, 10 
ground, 0, 40, 10 
travellers, 0, 58, 10 
sacred, 0, 40, 10 
others, 0, 38, 10 
 , -1, 4, 16 
buddha, 9, 119, 44 
fahien, 3, 42, 22 
chinese, 2, 45, 19 
chapter, 2, 43, 19 
country, 1, 39, 16 
buddhas, 1, 47, 16 
buddhist, 1, 44, 16 
called, 1, 30, 16 
vihara, 1, 32, 16 
buddhism, 1, 52, 16 
having, 1, 35, 16 
kingdom, 1, 46, 16 
account, 1, 42, 16 
people, 1, 36, 16 
present, 1, 40, 16 
sakyamuni, 0, 52, 14 
offerings, 0, 40, 14 
himself, 0, 33, 14 
another, 0, 36, 14 
should, 0, 32, 14 
without, 0, 33, 14 
monastery, 0, 50, 14 
narrative, 0, 41, 14 
however, 0, 41, 14 
davids, 0, 31, 14 
between, 0, 41, 14 
before, 0, 30, 14 
immediately, 0, 57, 14 
thousand, 0, 45, 14 
attained, 0, 38, 14 
meaning, 0, 42, 14 
places, 0, 31, 14 
through, 0, 36, 14 
different, 0, 37, 14 
according, 0, 47, 14 
became, 0, 39, 14 
project, 0, 31, 14 
hundred, 0, 40, 14 
cubits, 0, 27, 14 
brought, 0, 36, 14 
various, 0, 34, 14 
precious, 0, 41, 14 
heaven, 0, 36, 14 
former, 0, 30, 14 
yojanas, 0, 37, 14 
buddhistic, 0, 48, 14 
second, 0, 35, 14 
ground, 0, 34, 14 
travellers, 0, 42, 14 
sacred, 0, 32, 14 
others, 0, 29, 14 
 , -1, 4, 16 
