# tag, weight, width (pixels), height(pixels)
# last tag is white space (fake)
#after sentinel the data may be repeated for alt fonts
buddha, 9, 124, 38 
fahien, 3, 49, 20 
chinese, 2, 56, 17 
chapter, 1, 43, 15 
country, 1, 43, 15 
buddhas, 0, 45, 11 
buddhist, 0, 44, 11 
called, 0, 30, 11 
vihara, 0, 31, 11 
buddhism, 0, 49, 11 
having, 0, 34, 11 
kingdom, 0, 43, 11 
account, 0, 41, 11 
people, 0, 35, 11 
present, 0, 39, 11 
sakyamuni, 0, 54, 11 
offerings, 0, 45, 11 
himself, 0, 36, 11 
another, 0, 40, 11 
should, 0, 34, 11 
without, 0, 37, 11 
 , -1, 4, 16 
buddha, 9, 178, 36 
fahien, 3, 68, 17 
chinese, 2, 66, 15 
chapter, 1, 49, 11 
country, 1, 48, 11 
buddhas, 0, 49, 10 
buddhist, 0, 51, 10 
called, 0, 36, 10 
vihara, 0, 37, 10 
buddhism, 0, 55, 10 
having, 0, 39, 10 
kingdom, 0, 48, 10 
account, 0, 47, 10 
people, 0, 39, 10 
present, 0, 45, 10 
sakyamuni, 0, 62, 10 
offerings, 0, 54, 10 
himself, 0, 43, 10 
another, 0, 45, 10 
should, 0, 39, 10 
without, 0, 43, 10 
 , -1, 4, 16 
buddha, 9, 119, 44 
fahien, 3, 42, 22 
chinese, 2, 45, 19 
chapter, 1, 40, 16 
country, 1, 39, 16 
buddhas, 0, 42, 14 
buddhist, 0, 41, 14 
called, 0, 28, 14 
vihara, 0, 29, 14 
buddhism, 0, 48, 14 
having, 0, 32, 14 
kingdom, 0, 41, 14 
account, 0, 37, 14 
people, 0, 33, 14 
present, 0, 35, 14 
sakyamuni, 0, 52, 14 
offerings, 0, 40, 14 
himself, 0, 33, 14 
another, 0, 36, 14 
should, 0, 32, 14 
without, 0, 33, 14 
 , -1, 4, 16 
