# tag, weight, width (pixels), height(pixels)
# last tag is white space (fake)
#after sentinel the data may be repeated for alt fonts
buddha, 9, 124, 38 
doctrine, 9, 134, 38 
nature, 6, 79, 30 
things, 6, 78, 30 
through, 5, 80, 27 
reality, 5, 63, 27 
nothing, 5, 77, 27 
called, 4, 57, 23 
itself, 4, 45, 23 
mahayana, 3, 84, 20 
because, 3, 68, 20 
without, 3, 57, 20 
patriarch, 3, 70, 20 
master, 3, 55, 20 
should, 3, 53, 20 
another, 3, 61, 20 
beings, 3, 53, 20 
himself, 3, 57, 20 
spirit, 3, 38, 20 
therefore, 3, 72, 20 
chinese, 3, 62, 20 
buddhist, 3, 68, 20 
school, 3, 52, 20 
spiritual, 3, 62, 20 
existence, 2, 68, 17 
sutras, 2, 43, 17 
before, 2, 45, 17 
enlightened, 2, 84, 17 
author, 2, 45, 17 
universal, 2, 65, 17 
universe, 1, 49, 15 
different, 1, 47, 15 
according, 1, 56, 15 
buddhism, 1, 56, 15 
emperor, 1, 47, 15 
enlightenment, 1, 81, 15 
however, 1, 48, 15 
within, 1, 33, 15 
present, 1, 43, 15 
teacher, 1, 43, 15 
japanese, 1, 52, 15 
exists, 1, 35, 15 
shakya, 1, 42, 15 
origin, 1, 31, 15 
meditation, 1, 60, 15 
objects, 1, 42, 15 
cannot, 1, 39, 15 
hinayana, 1, 52, 15 
heaven, 1, 42, 15 
matter, 1, 37, 15 
people, 1, 38, 15 
following, 1, 50, 15 
latter, 1, 29, 15 
individual, 1, 54, 15 
against, 1, 42, 15 
others, 1, 36, 15 
mental, 0, 34, 11 
change, 0, 38, 11 
person, 0, 35, 11 
history, 0, 34, 11 
monastery, 0, 53, 11 
second, 0, 37, 11 
themselves, 0, 57, 11 
buddhanature, 0, 72, 11 
replied, 0, 35, 11 
disciples, 0, 44, 11 
worlds, 0, 32, 11 
consciousness, 0, 75, 11 
founder, 0, 40, 11 
chapter, 0, 39, 11 
living, 0, 26, 11 
having, 0, 34, 11 
eternal, 0, 36, 11 
period, 0, 32, 11 
wisdom, 0, 37, 11 
unreal, 0, 32, 11 
neither, 0, 36, 11 
disciple, 0, 38, 11 
thought, 0, 40, 11 
project, 0, 35, 11 
believe, 0, 37, 11 
bodhidharma, 0, 67, 11 
taught, 0, 33, 11 
teachers, 0, 44, 11 
between, 0, 44, 11 
masters, 0, 40, 11 
scholars, 0, 42, 11 
external, 0, 41, 11 
dynasty, 0, 40, 11 
buddhas, 0, 45, 11 
pleasure, 0, 44, 11 
translated, 0, 51, 11 
highest, 0, 38, 11 
saying, 0, 33, 11 
instruction, 0, 53, 11 
everything, 0, 53, 11 
samurai, 0, 40, 11 
always, 0, 34, 11 
former, 0, 32, 11 
simply, 0, 31, 11 
illusion, 0, 35, 11 
 , -1, 4, 16 
buddha, 9, 178, 36 
doctrine, 9, 208, 36 
nature, 6, 115, 27 
things, 6, 115, 27 
through, 5, 122, 23 
reality, 5, 105, 23 
nothing, 5, 120, 23 
called, 4, 77, 20 
itself, 4, 67, 20 
mahayana, 3, 107, 17 
because, 3, 89, 17 
without, 3, 79, 17 
patriarch, 3, 98, 17 
master, 3, 72, 17 
should, 3, 72, 17 
another, 3, 82, 17 
beings, 3, 72, 17 
himself, 3, 79, 17 
spirit, 3, 58, 17 
therefore, 3, 99, 17 
chinese, 3, 84, 17 
buddhist, 3, 93, 17 
school, 3, 71, 17 
spiritual, 3, 92, 17 
existence, 2, 83, 15 
sutras, 2, 54, 15 
before, 2, 54, 15 
enlightened, 2, 99, 15 
author, 2, 54, 15 
universal, 2, 79, 15 
universe, 1, 55, 11 
different, 1, 56, 11 
according, 1, 63, 11 
buddhism, 1, 61, 11 
emperor, 1, 52, 11 
enlightenment, 1, 92, 11 
however, 1, 53, 11 
within, 1, 38, 11 
present, 1, 49, 11 
teacher, 1, 49, 11 
japanese, 1, 59, 11 
exists, 1, 38, 11 
shakya, 1, 45, 11 
origin, 1, 37, 11 
meditation, 1, 68, 11 
objects, 1, 47, 11 
cannot, 1, 44, 11 
hinayana, 1, 59, 11 
heaven, 1, 47, 11 
matter, 1, 41, 11 
people, 1, 44, 11 
following, 1, 58, 11 
latter, 1, 35, 11 
individual, 1, 63, 11 
against, 1, 48, 11 
others, 1, 41, 11 
mental, 0, 39, 10 
change, 0, 42, 10 
person, 0, 40, 10 
history, 0, 42, 10 
monastery, 0, 61, 10 
second, 0, 42, 10 
themselves, 0, 67, 10 
buddhanature, 0, 80, 10 
replied, 0, 41, 10 
disciples, 0, 54, 10 
worlds, 0, 38, 10 
consciousness, 0, 88, 10 
founder, 0, 45, 10 
chapter, 0, 45, 10 
living, 0, 33, 10 
having, 0, 39, 10 
eternal, 0, 42, 10 
period, 0, 37, 10 
wisdom, 0, 42, 10 
unreal, 0, 37, 10 
neither, 0, 42, 10 
disciple, 0, 47, 10 
thought, 0, 45, 10 
project, 0, 42, 10 
believe, 0, 43, 10 
bodhidharma, 0, 74, 10 
taught, 0, 38, 10 
teachers, 0, 52, 10 
between, 0, 48, 10 
masters, 0, 47, 10 
scholars, 0, 51, 10 
external, 0, 49, 10 
dynasty, 0, 47, 10 
buddhas, 0, 49, 10 
pleasure, 0, 51, 10 
translated, 0, 61, 10 
highest, 0, 44, 10 
saying, 0, 39, 10 
instruction, 0, 65, 10 
everything, 0, 63, 10 
samurai, 0, 46, 10 
always, 0, 40, 10 
former, 0, 38, 10 
simply, 0, 38, 10 
illusion, 0, 44, 10 
 , -1, 4, 16 
buddha, 9, 119, 44 
doctrine, 9, 123, 44 
nature, 6, 76, 33 
things, 6, 71, 33 
through, 5, 87, 31 
reality, 5, 65, 31 
nothing, 5, 84, 31 
called, 4, 45, 25 
itself, 4, 33, 25 
mahayana, 3, 77, 22 
because, 3, 61, 22 
without, 3, 49, 22 
patriarch, 3, 60, 22 
master, 3, 50, 22 
should, 3, 46, 22 
another, 3, 54, 22 
beings, 3, 46, 22 
himself, 3, 49, 22 
spirit, 3, 30, 22 
therefore, 3, 63, 22 
chinese, 3, 54, 22 
buddhist, 3, 59, 22 
school, 3, 45, 22 
spiritual, 3, 50, 22 
existence, 2, 56, 19 
sutras, 2, 36, 19 
before, 2, 36, 19 
enlightened, 2, 65, 19 
author, 2, 36, 19 
universal, 2, 52, 19 
universe, 1, 44, 16 
different, 1, 41, 16 
according, 1, 51, 16 
buddhism, 1, 52, 16 
emperor, 1, 46, 16 
enlightenment, 1, 74, 16 
however, 1, 46, 16 
within, 1, 29, 16 
present, 1, 40, 16 
teacher, 1, 40, 16 
japanese, 1, 48, 16 
exists, 1, 29, 16 
shakya, 1, 38, 16 
origin, 1, 28, 16 
meditation, 1, 54, 16 
objects, 1, 37, 16 
cannot, 1, 36, 16 
hinayana, 1, 48, 16 
heaven, 1, 40, 16 
matter, 1, 34, 16 
people, 1, 36, 16 
following, 1, 44, 16 
latter, 1, 25, 16 
individual, 1, 47, 16 
against, 1, 38, 16 
others, 1, 33, 16 
mental, 0, 32, 14 
change, 0, 36, 14 
person, 0, 33, 14 
history, 0, 30, 14 
monastery, 0, 50, 14 
second, 0, 35, 14 
themselves, 0, 54, 14 
buddhanature, 0, 67, 14 
replied, 0, 32, 14 
disciples, 0, 41, 14 
worlds, 0, 31, 14 
consciousness, 0, 71, 14 
founder, 0, 36, 14 
chapter, 0, 35, 14 
living, 0, 24, 14 
having, 0, 32, 14 
eternal, 0, 32, 14 
period, 0, 30, 14 
wisdom, 0, 37, 14 
unreal, 0, 30, 14 
neither, 0, 32, 14 
disciple, 0, 36, 14 
thought, 0, 35, 14 
project, 0, 31, 14 
believe, 0, 34, 14 
bodhidharma, 0, 64, 14 
taught, 0, 29, 14 
teachers, 0, 41, 14 
between, 0, 41, 14 
masters, 0, 37, 14 
scholars, 0, 40, 14 
external, 0, 38, 14 
dynasty, 0, 36, 14 
buddhas, 0, 42, 14 
pleasure, 0, 42, 14 
translated, 0, 46, 14 
highest, 0, 34, 14 
saying, 0, 31, 14 
instruction, 0, 47, 14 
everything, 0, 49, 14 
samurai, 0, 38, 14 
always, 0, 33, 14 
former, 0, 30, 14 
simply, 0, 30, 14 
illusion, 0, 33, 14 
 , -1, 4, 16 
