# tag, weight, width (pixels), height(pixels)
# last tag is white space (fake)
#after sentinel the data may be repeated for alt fonts
buddha, 9, 124, 38 
doctrine, 9, 134, 38 
nature, 4, 61, 23 
things, 4, 58, 23 
through, 3, 61, 20 
reality, 2, 43, 17 
nothing, 2, 53, 17 
called, 1, 34, 15 
itself, 1, 28, 15 
mahayana, 0, 53, 11 
because, 0, 44, 11 
without, 0, 37, 11 
patriarch, 0, 45, 11 
master, 0, 34, 11 
should, 0, 34, 11 
another, 0, 40, 11 
beings, 0, 34, 11 
himself, 0, 36, 11 
spirit, 0, 24, 11 
therefore, 0, 47, 11 
chinese, 0, 40, 11 
 , -1, 4, 16 
buddha, 9, 178, 36 
doctrine, 9, 208, 36 
nature, 4, 81, 20 
things, 4, 78, 20 
through, 3, 82, 17 
reality, 2, 56, 15 
nothing, 2, 63, 15 
called, 1, 39, 11 
itself, 1, 33, 11 
mahayana, 0, 58, 10 
because, 0, 49, 10 
without, 0, 43, 10 
patriarch, 0, 54, 10 
master, 0, 40, 10 
should, 0, 39, 10 
another, 0, 45, 10 
beings, 0, 39, 10 
himself, 0, 43, 10 
spirit, 0, 32, 10 
therefore, 0, 55, 10 
chinese, 0, 46, 10 
 , -1, 4, 16 
buddha, 9, 119, 44 
doctrine, 9, 123, 44 
nature, 4, 49, 25 
things, 4, 46, 25 
through, 3, 54, 22 
reality, 2, 33, 19 
nothing, 2, 41, 19 
called, 1, 30, 16 
itself, 1, 22, 16 
mahayana, 0, 52, 14 
because, 0, 41, 14 
without, 0, 33, 14 
patriarch, 0, 41, 14 
master, 0, 32, 14 
should, 0, 32, 14 
another, 0, 36, 14 
beings, 0, 32, 14 
himself, 0, 33, 14 
spirit, 0, 21, 14 
therefore, 0, 42, 14 
chinese, 0, 37, 14 
 , -1, 4, 16 
