# tag, weight, width (pixels), height(pixels)
# last tag is white space (fake)
#after sentinel the data may be repeated for alt fonts
buddha, 9, 124, 38 
doctrine, 9, 134, 38 
nature, 6, 79, 30 
things, 6, 78, 30 
through, 6, 99, 30 
reality, 5, 63, 27 
nothing, 5, 77, 27 
called, 5, 61, 27 
itself, 4, 45, 23 
mahayana, 4, 100, 23 
because, 4, 82, 23 
without, 4, 68, 23 
patriarch, 4, 84, 23 
master, 4, 65, 23 
should, 4, 64, 23 
another, 3, 61, 20 
beings, 3, 53, 20 
himself, 3, 57, 20 
spirit, 3, 38, 20 
therefore, 3, 72, 20 
chinese, 3, 62, 20 
buddhist, 3, 68, 20 
school, 3, 52, 20 
spiritual, 3, 62, 20 
existence, 3, 76, 20 
sutras, 3, 49, 20 
before, 3, 51, 20 
enlightened, 3, 93, 20 
author, 2, 45, 17 
universal, 2, 65, 17 
universe, 2, 61, 17 
different, 2, 57, 17 
according, 2, 70, 17 
buddhism, 2, 70, 17 
emperor, 2, 59, 17 
enlightenment, 2, 101, 17 
however, 2, 61, 17 
within, 2, 42, 17 
present, 2, 53, 17 
teacher, 2, 53, 17 
japanese, 2, 66, 17 
exists, 2, 41, 17 
shakya, 2, 51, 17 
origin, 2, 40, 17 
meditation, 2, 74, 17 
objects, 2, 51, 17 
cannot, 2, 48, 17 
hinayana, 1, 52, 15 
heaven, 1, 42, 15 
matter, 1, 37, 15 
people, 1, 38, 15 
following, 1, 50, 15 
latter, 1, 29, 15 
individual, 1, 54, 15 
against, 1, 42, 15 
others, 1, 36, 15 
mental, 1, 39, 15 
change, 1, 42, 15 
person, 1, 39, 15 
history, 1, 39, 15 
monastery, 1, 61, 15 
second, 1, 42, 15 
themselves, 1, 67, 15 
buddhanature, 1, 78, 15 
replied, 1, 38, 15 
disciples, 1, 51, 15 
worlds, 1, 37, 15 
consciousness, 1, 87, 15 
founder, 1, 43, 15 
chapter, 1, 43, 15 
living, 1, 30, 15 
having, 1, 38, 15 
eternal, 1, 39, 15 
period, 1, 35, 15 
wisdom, 1, 44, 15 
unreal, 1, 35, 15 
neither, 1, 39, 15 
disciple, 1, 44, 15 
thought, 1, 43, 15 
project, 1, 39, 15 
believe, 1, 41, 15 
bodhidharma, 1, 74, 15 
taught, 1, 36, 15 
teachers, 1, 50, 15 
between, 1, 48, 15 
masters, 1, 47, 15 
scholars, 1, 49, 15 
external, 0, 41, 11 
dynasty, 0, 40, 11 
buddhas, 0, 45, 11 
pleasure, 0, 44, 11 
translated, 0, 51, 11 
highest, 0, 38, 11 
saying, 0, 33, 11 
instruction, 0, 53, 11 
everything, 0, 53, 11 
samurai, 0, 40, 11 
always, 0, 34, 11 
former, 0, 32, 11 
simply, 0, 31, 11 
illusion, 0, 35, 11 
future, 0, 30, 11 
common, 0, 42, 11 
doctrines, 0, 47, 11 
actions, 0, 37, 11 
instance, 0, 43, 11 
divine, 0, 30, 11 
object, 0, 31, 11 
beyond, 0, 38, 11 
understand, 0, 58, 11 
entirely, 0, 37, 11 
flowers, 0, 36, 11 
subject, 0, 37, 11 
become, 0, 40, 11 
mahayanism, 0, 63, 11 
temple, 0, 34, 11 
possible, 0, 42, 11 
physical, 0, 41, 11 
religious, 0, 43, 11 
rinzai, 0, 27, 11 
gutenberg, 0, 53, 11 
scholar, 0, 37, 11 
little, 0, 21, 11 
society, 0, 36, 11 
interests, 0, 44, 11 
morality, 0, 39, 11 
reason, 0, 35, 11 
hinayanism, 0, 57, 11 
fourth, 0, 30, 11 
phenomena, 0, 61, 11 
theory, 0, 32, 11 
nirvana, 0, 38, 11 
various, 0, 37, 11 
important, 0, 48, 11 
bright, 0, 29, 11 
written, 0, 34, 11 
causes, 0, 36, 11 
something, 0, 53, 11 
action, 0, 31, 11 
absolute, 0, 44, 11 
number, 0, 38, 11 
animals, 0, 39, 11 
produced, 0, 48, 11 
preached, 0, 48, 11 
profound, 0, 46, 11 
states, 0, 31, 11 
thousands, 0, 54, 11 
buddhists, 0, 50, 11 
passions, 0, 45, 11 
example, 0, 43, 11 
purpose, 0, 42, 11 
brought, 0, 40, 11 
sentient, 0, 41, 11 
religion, 0, 37, 11 
appear, 0, 36, 11 
dhyana, 0, 38, 11 
sacred, 0, 34, 11 
material, 0, 40, 11 
hundred, 0, 43, 11 
follows, 0, 35, 11 
socalled, 0, 42, 11 
endowed, 0, 47, 11 
greatest, 0, 42, 11 
question, 0, 44, 11 
outside, 0, 38, 11 
phenomenal, 0, 63, 11 
explain, 0, 37, 11 
desire, 0, 31, 11 
persons, 0, 41, 11 
supernatural, 0, 64, 11 
country, 0, 38, 11 
relation, 0, 38, 11 
making, 0, 36, 11 
virtues, 0, 34, 11 
attain, 0, 29, 11 
scriptures, 0, 49, 11 
discipline, 0, 47, 11 
appearances, 0, 67, 11 
philosophy, 0, 55, 11 
dharma, 0, 38, 11 
higher, 0, 32, 11 
experience, 0, 56, 11 
zenists, 0, 36, 11 
observed, 0, 47, 11 
yourself, 0, 40, 11 
during, 0, 32, 11 
thousand, 0, 48, 11 
became, 0, 40, 11 
direct, 0, 28, 11 
worship, 0, 39, 11 
influence, 0, 47, 11 
consists, 0, 41, 11 
student, 0, 39, 11 
teachings, 0, 50, 11 
sitting, 0, 31, 11 
ancient, 0, 38, 11 
powers, 0, 36, 11 
activity, 0, 35, 11 
famous, 0, 37, 11 
temporary, 0, 51, 11 
moment, 0, 40, 11 
 , -1, 4, 16 
buddha, 9, 178, 36 
doctrine, 9, 208, 36 
nature, 6, 115, 27 
things, 6, 115, 27 
through, 6, 141, 27 
reality, 5, 105, 23 
nothing, 5, 120, 23 
called, 5, 97, 23 
itself, 4, 67, 20 
mahayana, 4, 124, 20 
because, 4, 103, 20 
without, 4, 92, 20 
patriarch, 4, 115, 20 
master, 4, 85, 20 
should, 4, 83, 20 
another, 3, 82, 17 
beings, 3, 72, 17 
himself, 3, 79, 17 
spirit, 3, 58, 17 
therefore, 3, 99, 17 
chinese, 3, 84, 17 
buddhist, 3, 93, 17 
school, 3, 71, 17 
spiritual, 3, 92, 17 
existence, 3, 104, 17 
sutras, 3, 67, 17 
before, 3, 69, 17 
enlightened, 3, 128, 17 
author, 2, 54, 15 
universal, 2, 79, 15 
universe, 2, 73, 15 
different, 2, 74, 15 
according, 2, 83, 15 
buddhism, 2, 80, 15 
emperor, 2, 68, 15 
enlightenment, 2, 120, 15 
however, 2, 69, 15 
within, 2, 51, 15 
present, 2, 64, 15 
teacher, 2, 64, 15 
japanese, 2, 76, 15 
exists, 2, 53, 15 
shakya, 2, 60, 15 
origin, 2, 49, 15 
meditation, 2, 90, 15 
objects, 2, 63, 15 
cannot, 2, 57, 15 
hinayana, 1, 59, 11 
heaven, 1, 47, 11 
matter, 1, 41, 11 
people, 1, 44, 11 
following, 1, 58, 11 
latter, 1, 35, 11 
individual, 1, 63, 11 
against, 1, 48, 11 
others, 1, 41, 11 
mental, 1, 43, 11 
change, 1, 47, 11 
person, 1, 44, 11 
history, 1, 44, 11 
monastery, 1, 66, 11 
second, 1, 46, 11 
themselves, 1, 72, 11 
buddhanature, 1, 90, 11 
replied, 1, 45, 11 
disciples, 1, 57, 11 
worlds, 1, 41, 11 
consciousness, 1, 94, 11 
founder, 1, 50, 11 
chapter, 1, 49, 11 
living, 1, 35, 11 
having, 1, 43, 11 
eternal, 1, 46, 11 
period, 1, 41, 11 
wisdom, 1, 46, 11 
unreal, 1, 41, 11 
neither, 1, 46, 11 
disciple, 1, 50, 11 
thought, 1, 50, 11 
project, 1, 45, 11 
believe, 1, 47, 11 
bodhidharma, 1, 83, 11 
taught, 1, 42, 11 
teachers, 1, 56, 11 
between, 1, 54, 11 
masters, 1, 50, 11 
scholars, 1, 54, 11 
external, 0, 49, 10 
dynasty, 0, 47, 10 
buddhas, 0, 49, 10 
pleasure, 0, 51, 10 
translated, 0, 61, 10 
highest, 0, 44, 10 
saying, 0, 39, 10 
instruction, 0, 65, 10 
everything, 0, 63, 10 
samurai, 0, 46, 10 
always, 0, 40, 10 
former, 0, 38, 10 
simply, 0, 38, 10 
illusion, 0, 44, 10 
future, 0, 36, 10 
common, 0, 46, 10 
doctrines, 0, 56, 10 
actions, 0, 44, 10 
instance, 0, 51, 10 
divine, 0, 36, 10 
object, 0, 37, 10 
beyond, 0, 42, 10 
understand, 0, 66, 10 
entirely, 0, 46, 10 
flowers, 0, 43, 10 
subject, 0, 44, 10 
become, 0, 44, 10 
mahayanism, 0, 71, 10 
temple, 0, 39, 10 
possible, 0, 50, 10 
physical, 0, 50, 10 
religious, 0, 52, 10 
rinzai, 0, 34, 10 
gutenberg, 0, 59, 10 
scholar, 0, 44, 10 
little, 0, 29, 10 
society, 0, 44, 10 
interests, 0, 54, 10 
morality, 0, 48, 10 
reason, 0, 40, 10 
hinayanism, 0, 66, 10 
fourth, 0, 36, 10 
phenomena, 0, 65, 10 
theory, 0, 38, 10 
nirvana, 0, 44, 10 
various, 0, 44, 10 
important, 0, 56, 10 
bright, 0, 35, 10 
written, 0, 41, 10 
causes, 0, 42, 10 
something, 0, 60, 10 
action, 0, 37, 10 
absolute, 0, 51, 10 
number, 0, 42, 10 
animals, 0, 45, 10 
produced, 0, 54, 10 
preached, 0, 54, 10 
profound, 0, 52, 10 
states, 0, 38, 10 
thousands, 0, 61, 10 
buddhists, 0, 58, 10 
passions, 0, 53, 10 
example, 0, 48, 10 
purpose, 0, 47, 10 
brought, 0, 45, 10 
sentient, 0, 49, 10 
religion, 0, 45, 10 
appear, 0, 40, 10 
dhyana, 0, 42, 10 
sacred, 0, 40, 10 
material, 0, 48, 10 
hundred, 0, 47, 10 
follows, 0, 42, 10 
socalled, 0, 50, 10 
endowed, 0, 50, 10 
greatest, 0, 50, 10 
question, 0, 51, 10 
outside, 0, 44, 10 
phenomenal, 0, 69, 10 
explain, 0, 43, 10 
desire, 0, 37, 10 
persons, 0, 47, 10 
supernatural, 0, 75, 10 
country, 0, 45, 10 
relation, 0, 46, 10 
making, 0, 41, 10 
virtues, 0, 42, 10 
attain, 0, 35, 10 
scriptures, 0, 61, 10 
discipline, 0, 58, 10 
appearances, 0, 75, 10 
philosophy, 0, 64, 10 
dharma, 0, 42, 10 
higher, 0, 37, 10 
experience, 0, 65, 10 
zenists, 0, 44, 10 
observed, 0, 54, 10 
yourself, 0, 49, 10 
during, 0, 37, 10 
thousand, 0, 54, 10 
became, 0, 44, 10 
direct, 0, 35, 10 
worship, 0, 45, 10 
influence, 0, 55, 10 
consists, 0, 51, 10 
student, 0, 45, 10 
teachings, 0, 58, 10 
sitting, 0, 39, 10 
ancient, 0, 44, 10 
powers, 0, 41, 10 
activity, 0, 46, 10 
famous, 0, 42, 10 
temporary, 0, 59, 10 
moment, 0, 44, 10 
 , -1, 4, 16 
buddha, 9, 119, 44 
doctrine, 9, 123, 44 
nature, 6, 76, 33 
things, 6, 71, 33 
through, 6, 92, 33 
reality, 5, 65, 31 
nothing, 5, 84, 31 
called, 5, 66, 31 
itself, 4, 33, 25 
mahayana, 4, 85, 25 
because, 4, 68, 25 
without, 4, 55, 25 
patriarch, 4, 66, 25 
master, 4, 54, 25 
should, 4, 52, 25 
another, 3, 54, 22 
beings, 3, 46, 22 
himself, 3, 49, 22 
spirit, 3, 30, 22 
therefore, 3, 63, 22 
chinese, 3, 54, 22 
buddhist, 3, 59, 22 
school, 3, 45, 22 
spiritual, 3, 50, 22 
existence, 3, 66, 22 
sutras, 3, 43, 22 
before, 3, 45, 22 
enlightened, 3, 80, 22 
author, 2, 36, 19 
universal, 2, 52, 19 
universe, 2, 50, 19 
different, 2, 45, 19 
according, 2, 57, 19 
buddhism, 2, 58, 19 
emperor, 2, 49, 19 
enlightenment, 2, 81, 19 
however, 2, 50, 19 
within, 2, 32, 19 
present, 2, 43, 19 
teacher, 2, 43, 19 
japanese, 2, 53, 19 
exists, 2, 34, 19 
shakya, 2, 43, 19 
origin, 2, 30, 19 
meditation, 2, 59, 19 
objects, 2, 41, 19 
cannot, 2, 39, 19 
hinayana, 1, 48, 16 
heaven, 1, 40, 16 
matter, 1, 34, 16 
people, 1, 36, 16 
following, 1, 44, 16 
latter, 1, 25, 16 
individual, 1, 47, 16 
against, 1, 38, 16 
others, 1, 33, 16 
mental, 1, 36, 16 
change, 1, 40, 16 
person, 1, 37, 16 
history, 1, 34, 16 
monastery, 1, 56, 16 
second, 1, 39, 16 
themselves, 1, 60, 16 
buddhanature, 1, 75, 16 
replied, 1, 35, 16 
disciples, 1, 43, 16 
worlds, 1, 34, 16 
consciousness, 1, 77, 16 
founder, 1, 41, 16 
chapter, 1, 40, 16 
living, 1, 25, 16 
having, 1, 35, 16 
eternal, 1, 36, 16 
period, 1, 33, 16 
wisdom, 1, 41, 16 
unreal, 1, 33, 16 
neither, 1, 36, 16 
disciple, 1, 37, 16 
thought, 1, 40, 16 
project, 1, 35, 16 
believe, 1, 37, 16 
bodhidharma, 1, 71, 16 
taught, 1, 33, 16 
teachers, 1, 45, 16 
between, 1, 46, 16 
masters, 1, 43, 16 
scholars, 1, 43, 16 
external, 0, 38, 14 
dynasty, 0, 36, 14 
buddhas, 0, 42, 14 
pleasure, 0, 42, 14 
translated, 0, 46, 14 
highest, 0, 34, 14 
saying, 0, 31, 14 
instruction, 0, 47, 14 
everything, 0, 49, 14 
samurai, 0, 38, 14 
always, 0, 33, 14 
former, 0, 30, 14 
simply, 0, 30, 14 
illusion, 0, 33, 14 
future, 0, 26, 14 
common, 0, 42, 14 
doctrines, 0, 43, 14 
actions, 0, 33, 14 
instance, 0, 40, 14 
divine, 0, 28, 14 
object, 0, 28, 14 
beyond, 0, 36, 14 
understand, 0, 54, 14 
entirely, 0, 34, 14 
flowers, 0, 33, 14 
subject, 0, 33, 14 
become, 0, 39, 14 
mahayanism, 0, 62, 14 
temple, 0, 32, 14 
possible, 0, 40, 14 
physical, 0, 39, 14 
religious, 0, 40, 14 
rinzai, 0, 25, 14 
gutenberg, 0, 49, 14 
scholar, 0, 34, 14 
little, 0, 17, 14 
society, 0, 32, 14 
interests, 0, 39, 14 
morality, 0, 37, 14 
reason, 0, 33, 14 
hinayanism, 0, 55, 14 
fourth, 0, 26, 14 
phenomena, 0, 59, 14 
theory, 0, 29, 14 
nirvana, 0, 35, 14 
various, 0, 34, 14 
important, 0, 44, 14 
bright, 0, 26, 14 
written, 0, 30, 14 
causes, 0, 34, 14 
something, 0, 50, 14 
action, 0, 28, 14 
absolute, 0, 41, 14 
number, 0, 37, 14 
animals, 0, 37, 14 
produced, 0, 46, 14 
preached, 0, 46, 14 
profound, 0, 43, 14 
states, 0, 27, 14 
thousands, 0, 50, 14 
buddhists, 0, 46, 14 
passions, 0, 43, 14 
example, 0, 41, 14 
purpose, 0, 39, 14 
brought, 0, 36, 14 
sentient, 0, 37, 14 
religion, 0, 35, 14 
appear, 0, 34, 14 
dhyana, 0, 36, 14 
sacred, 0, 32, 14 
material, 0, 38, 14 
hundred, 0, 40, 14 
follows, 0, 32, 14 
socalled, 0, 40, 14 
endowed, 0, 45, 14 
greatest, 0, 38, 14 
question, 0, 41, 14 
outside, 0, 34, 14 
phenomenal, 0, 61, 14 
explain, 0, 34, 14 
desire, 0, 29, 14 
persons, 0, 38, 14 
supernatural, 0, 59, 14 
country, 0, 34, 14 
relation, 0, 35, 14 
making, 0, 35, 14 
virtues, 0, 30, 14 
attain, 0, 25, 14 
scriptures, 0, 45, 14 
discipline, 0, 44, 14 
appearances, 0, 63, 14 
philosophy, 0, 52, 14 
dharma, 0, 37, 14 
higher, 0, 30, 14 
experience, 0, 53, 14 
zenists, 0, 32, 14 
observed, 0, 45, 14 
yourself, 0, 37, 14 
during, 0, 30, 14 
thousand, 0, 45, 14 
became, 0, 39, 14 
direct, 0, 25, 14 
worship, 0, 37, 14 
influence, 0, 43, 14 
consists, 0, 38, 14 
student, 0, 34, 14 
teachings, 0, 46, 14 
sitting, 0, 26, 14 
ancient, 0, 34, 14 
powers, 0, 35, 14 
activity, 0, 31, 14 
famous, 0, 35, 14 
temporary, 0, 48, 14 
moment, 0, 39, 14 
 , -1, 4, 16 
