# tag, weight, width (pixels), height(pixels)
# last tag is white space (fake)
#after sentinel the data may be repeated for alt fonts
buddha, 9, 124, 38 
doctrine, 9, 134, 38 
nature, 6, 79, 30 
things, 5, 63, 27 
through, 5, 80, 27 
reality, 4, 58, 23 
nothing, 4, 71, 23 
called, 3, 47, 20 
itself, 3, 37, 20 
mahayana, 3, 84, 20 
because, 3, 68, 20 
without, 3, 57, 20 
patriarch, 2, 62, 17 
master, 2, 48, 17 
should, 2, 48, 17 
another, 2, 54, 17 
beings, 2, 48, 17 
himself, 2, 51, 17 
spirit, 2, 34, 17 
therefore, 2, 63, 17 
chinese, 2, 56, 17 
buddhist, 2, 61, 17 
school, 2, 47, 17 
spiritual, 2, 56, 17 
existence, 2, 68, 17 
sutras, 1, 36, 15 
before, 1, 36, 15 
enlightened, 1, 66, 15 
author, 1, 36, 15 
universal, 1, 52, 15 
universe, 0, 43, 11 
different, 0, 43, 11 
according, 0, 50, 11 
buddhism, 0, 49, 11 
emperor, 0, 42, 11 
enlightenment, 0, 73, 11 
however, 0, 43, 11 
within, 0, 29, 11 
present, 0, 39, 11 
teacher, 0, 39, 11 
japanese, 0, 47, 11 
exists, 0, 29, 11 
shakya, 0, 36, 11 
origin, 0, 28, 11 
meditation, 0, 53, 11 
objects, 0, 37, 11 
cannot, 0, 35, 11 
hinayana, 0, 47, 11 
heaven, 0, 38, 11 
matter, 0, 32, 11 
people, 0, 35, 11 
 , -1, 4, 16 
buddha, 9, 178, 36 
doctrine, 9, 208, 36 
nature, 6, 115, 27 
things, 5, 100, 23 
through, 5, 122, 23 
reality, 4, 83, 20 
nothing, 4, 94, 20 
called, 3, 67, 17 
itself, 3, 57, 17 
mahayana, 3, 107, 17 
because, 3, 89, 17 
without, 3, 79, 17 
patriarch, 2, 77, 15 
master, 2, 58, 15 
should, 2, 56, 15 
another, 2, 64, 15 
beings, 2, 56, 15 
himself, 2, 63, 15 
spirit, 2, 46, 15 
therefore, 2, 78, 15 
chinese, 2, 66, 15 
buddhist, 2, 73, 15 
school, 2, 56, 15 
spiritual, 2, 72, 15 
existence, 2, 83, 15 
sutras, 1, 40, 11 
before, 1, 42, 11 
enlightened, 1, 77, 11 
author, 1, 42, 11 
universal, 1, 59, 11 
universe, 0, 51, 10 
different, 0, 52, 10 
according, 0, 58, 10 
buddhism, 0, 55, 10 
emperor, 0, 47, 10 
enlightenment, 0, 83, 10 
however, 0, 48, 10 
within, 0, 35, 10 
present, 0, 45, 10 
teacher, 0, 45, 10 
japanese, 0, 53, 10 
exists, 0, 37, 10 
shakya, 0, 42, 10 
origin, 0, 34, 10 
meditation, 0, 62, 10 
objects, 0, 44, 10 
cannot, 0, 40, 10 
hinayana, 0, 53, 10 
heaven, 0, 42, 10 
matter, 0, 38, 10 
people, 0, 39, 10 
 , -1, 4, 16 
buddha, 9, 119, 44 
doctrine, 9, 123, 44 
nature, 6, 76, 33 
things, 5, 68, 31 
through, 5, 87, 31 
reality, 4, 44, 25 
nothing, 4, 57, 25 
called, 3, 39, 22 
itself, 3, 29, 22 
mahayana, 3, 77, 22 
because, 3, 61, 22 
without, 3, 49, 22 
patriarch, 2, 50, 19 
master, 2, 41, 19 
should, 2, 38, 19 
another, 2, 43, 19 
beings, 2, 38, 19 
himself, 2, 41, 19 
spirit, 2, 26, 19 
therefore, 2, 51, 19 
chinese, 2, 45, 19 
buddhist, 2, 49, 19 
school, 2, 38, 19 
spiritual, 2, 43, 19 
existence, 2, 56, 19 
sutras, 1, 32, 16 
before, 1, 34, 16 
enlightened, 1, 61, 16 
author, 1, 34, 16 
universal, 1, 46, 16 
universe, 0, 41, 14 
different, 0, 37, 14 
according, 0, 47, 14 
buddhism, 0, 48, 14 
emperor, 0, 40, 14 
enlightenment, 0, 68, 14 
however, 0, 41, 14 
within, 0, 27, 14 
present, 0, 35, 14 
teacher, 0, 35, 14 
japanese, 0, 45, 14 
exists, 0, 26, 14 
shakya, 0, 34, 14 
origin, 0, 26, 14 
meditation, 0, 49, 14 
objects, 0, 33, 14 
cannot, 0, 32, 14 
hinayana, 0, 45, 14 
heaven, 0, 36, 14 
matter, 0, 29, 14 
people, 0, 33, 14 
 , -1, 4, 16 
