# tag, weight, width (pixels), height(pixels)
# last tag is white space (fake)
#after sentinel the data may be repeated for alt fonts
before, 9, 104, 38 
through, 7, 111, 32 
golden, 6, 85, 30 
people, 6, 83, 30 
answered, 5, 102, 27 
prophet, 5, 80, 27 
beyond, 4, 71, 23 
things, 4, 58, 23 
valley, 3, 46, 20 
against, 3, 58, 20 
fields, 3, 42, 20 
armies, 3, 54, 20 
morning, 3, 65, 20 
evening, 2, 57, 17 
worlds, 2, 47, 17 
mountains, 2, 74, 17 
worship, 2, 56, 17 
behind, 2, 49, 17 
temple, 2, 48, 17 
project, 1, 39, 15 
together, 1, 47, 15 
prayers, 1, 43, 15 
dreams, 1, 43, 15 
across, 1, 39, 15 
journey, 1, 42, 15 
little, 1, 24, 15 
should, 1, 38, 15 
cities, 1, 31, 15 
towards, 1, 45, 15 
because, 1, 49, 15 
prophets, 1, 50, 15 
garden, 1, 39, 15 
twilight, 0, 35, 11 
nought, 0, 36, 11 
saying, 0, 33, 11 
voices, 0, 32, 11 
gleaming, 0, 46, 11 
palace, 0, 34, 11 
yarnith, 0, 35, 11 
called, 0, 30, 11 
gutenberg, 0, 53, 11 
mountain, 0, 47, 11 
turned, 0, 33, 11 
famine, 0, 34, 11 
between, 0, 44, 11 
cliffs, 0, 23, 11 
another, 0, 40, 11 
gathered, 0, 46, 11 
looked, 0, 34, 11 
sardathrion, 0, 58, 11 
knowledge, 0, 55, 11 
 , -1, 4, 16 
before, 9, 159, 36 
through, 7, 155, 30 
golden, 6, 122, 27 
people, 6, 120, 27 
answered, 5, 146, 23 
prophet, 5, 121, 23 
beyond, 4, 89, 20 
things, 4, 78, 20 
valley, 3, 66, 17 
against, 3, 80, 17 
fields, 3, 62, 17 
armies, 3, 72, 17 
morning, 3, 86, 17 
evening, 2, 66, 15 
worlds, 2, 55, 15 
mountains, 2, 87, 15 
worship, 2, 65, 15 
behind, 2, 56, 15 
temple, 2, 57, 15 
project, 1, 45, 11 
together, 1, 55, 11 
prayers, 1, 48, 11 
dreams, 1, 46, 11 
across, 1, 42, 11 
journey, 1, 48, 11 
little, 1, 30, 11 
should, 1, 43, 11 
cities, 1, 35, 11 
towards, 1, 50, 11 
because, 1, 54, 11 
prophets, 1, 57, 11 
garden, 1, 45, 11 
twilight, 0, 44, 10 
nought, 0, 40, 10 
saying, 0, 39, 10 
voices, 0, 39, 10 
gleaming, 0, 52, 10 
palace, 0, 39, 10 
yarnith, 0, 42, 10 
called, 0, 36, 10 
gutenberg, 0, 59, 10 
mountain, 0, 53, 10 
turned, 0, 38, 10 
famine, 0, 39, 10 
between, 0, 48, 10 
cliffs, 0, 32, 10 
another, 0, 45, 10 
gathered, 0, 52, 10 
looked, 0, 39, 10 
sardathrion, 0, 68, 10 
knowledge, 0, 61, 10 
 , -1, 4, 16 
before, 9, 99, 44 
through, 7, 102, 38 
golden, 6, 82, 33 
people, 6, 82, 33 
answered, 5, 112, 31 
prophet, 5, 87, 31 
beyond, 4, 59, 25 
things, 4, 46, 25 
valley, 3, 38, 22 
against, 3, 50, 22 
fields, 3, 34, 22 
armies, 3, 48, 22 
morning, 3, 58, 22 
evening, 2, 45, 19 
worlds, 2, 38, 19 
mountains, 2, 61, 19 
worship, 2, 45, 19 
behind, 2, 38, 19 
temple, 2, 39, 19 
project, 1, 35, 16 
together, 1, 43, 16 
prayers, 1, 40, 16 
dreams, 1, 41, 16 
across, 1, 35, 16 
journey, 1, 39, 16 
little, 1, 18, 16 
should, 1, 35, 16 
cities, 1, 25, 16 
towards, 1, 42, 16 
because, 1, 46, 16 
prophets, 1, 46, 16 
garden, 1, 38, 16 
twilight, 0, 32, 14 
nought, 0, 33, 14 
saying, 0, 31, 14 
voices, 0, 30, 14 
gleaming, 0, 45, 14 
palace, 0, 32, 14 
yarnith, 0, 31, 14 
called, 0, 28, 14 
gutenberg, 0, 49, 14 
mountain, 0, 45, 14 
turned, 0, 30, 14 
famine, 0, 32, 14 
between, 0, 41, 14 
cliffs, 0, 19, 14 
another, 0, 36, 14 
gathered, 0, 43, 14 
looked, 0, 32, 14 
sardathrion, 0, 53, 14 
knowledge, 0, 53, 14 
 , -1, 4, 16 
