# tag, weight, width (pixels), height(pixels)
# last tag is white space (fake)
#after sentinel the data may be repeated for alt fonts
before, 9, 104, 38 
through, 7, 111, 32 
golden, 7, 96, 32 
people, 7, 94, 32 
answered, 6, 118, 30 
prophet, 5, 80, 27 
beyond, 5, 77, 27 
things, 5, 63, 27 
valley, 4, 56, 23 
against, 4, 70, 23 
fields, 4, 51, 23 
armies, 4, 64, 23 
morning, 4, 77, 23 
evening, 3, 63, 20 
worlds, 3, 52, 20 
mountains, 3, 83, 20 
worship, 3, 62, 20 
behind, 3, 54, 20 
temple, 3, 54, 20 
project, 3, 54, 20 
together, 3, 66, 20 
prayers, 3, 60, 20 
dreams, 3, 60, 20 
across, 3, 53, 20 
journey, 3, 59, 20 
little, 3, 32, 20 
should, 2, 48, 17 
cities, 2, 37, 17 
towards, 2, 56, 17 
because, 2, 61, 17 
prophets, 2, 62, 17 
garden, 2, 50, 17 
twilight, 2, 50, 17 
nought, 2, 49, 17 
saying, 2, 47, 17 
voices, 2, 46, 17 
gleaming, 2, 66, 17 
palace, 2, 48, 17 
yarnith, 2, 48, 17 
called, 2, 43, 17 
gutenberg, 2, 72, 17 
mountain, 2, 66, 17 
turned, 2, 45, 17 
famine, 1, 39, 15 
between, 1, 48, 15 
cliffs, 1, 28, 15 
another, 1, 43, 15 
gathered, 1, 50, 15 
looked, 1, 38, 15 
sardathrion, 1, 64, 15 
knowledge, 1, 61, 15 
therefore, 1, 51, 15 
kithneb, 1, 42, 15 
forgotten, 1, 51, 15 
though, 1, 39, 15 
strange, 1, 43, 15 
crying, 1, 35, 15 
sarnidac, 1, 49, 15 
desert, 1, 36, 15 
pestilence, 1, 59, 15 
coming, 1, 42, 15 
suddenly, 1, 52, 15 
gardens, 1, 46, 15 
marble, 1, 39, 15 
khanazar, 1, 53, 15 
passed, 1, 42, 15 
others, 1, 36, 15 
islands, 1, 41, 15 
houses, 1, 42, 15 
inzana, 1, 38, 15 
having, 1, 38, 15 
averon, 1, 39, 15 
ebooks, 1, 42, 15 
strode, 1, 36, 15 
making, 1, 42, 15 
secret, 1, 36, 15 
pegana, 1, 42, 15 
beneath, 1, 46, 15 
poppies, 1, 45, 15 
flowers, 0, 36, 11 
sailed, 0, 30, 11 
peganas, 0, 45, 11 
forest, 0, 29, 11 
followed, 0, 42, 11 
travellers, 0, 46, 11 
thunder, 0, 40, 11 
streets, 0, 35, 11 
wherein, 0, 40, 11 
stands, 0, 34, 11 
tintaggon, 0, 49, 11 
always, 0, 34, 11 
longer, 0, 32, 11 
figure, 0, 29, 11 
greater, 0, 37, 11 
mlideen, 0, 40, 11 
sought, 0, 35, 11 
further, 0, 34, 11 
temples, 0, 40, 11 
priests, 0, 34, 11 
camels, 0, 35, 11 
singing, 0, 37, 11 
dreamed, 0, 45, 11 
answer, 0, 36, 11 
alatta, 0, 29, 11 
standing, 0, 44, 11 
played, 0, 34, 11 
running, 0, 39, 11 
beggar, 0, 36, 11 
without, 0, 37, 11 
dawnchild, 0, 51, 11 
forward, 0, 38, 11 
neither, 0, 36, 11 
became, 0, 40, 11 
sometimes, 0, 54, 11 
themselves, 0, 57, 11 
carved, 0, 34, 11 
sacrifice, 0, 42, 11 
certain, 0, 35, 11 
return, 0, 30, 11 
silent, 0, 27, 11 
concerning, 0, 56, 11 
silver, 0, 26, 11 
shadows, 0, 45, 11 
whether, 0, 41, 11 
princes, 0, 37, 11 
summit, 0, 35, 11 
pointed, 0, 39, 11 
around, 0, 36, 11 
mighty, 0, 33, 11 
figures, 0, 35, 11 
prayer, 0, 32, 11 
uplifted, 0, 38, 11 
sitting, 0, 31, 11 
uldoon, 0, 35, 11 
follow, 0, 29, 11 
hidden, 0, 35, 11 
valleys, 0, 35, 11 
within, 0, 29, 11 
starlight, 0, 41, 11 
brought, 0, 40, 11 
lonely, 0, 30, 11 
rivers, 0, 27, 11 
nothing, 0, 39, 11 
munrao, 0, 38, 11 
striding, 0, 37, 11 
cattle, 0, 28, 11 
runazar, 0, 39, 11 
please, 0, 34, 11 
distance, 0, 43, 11 
memories, 0, 48, 11 
states, 0, 31, 11 
seated, 0, 35, 11 
thousand, 0, 48, 11 
istahn, 0, 31, 11 
himself, 0, 36, 11 
straight, 0, 38, 11 
masters, 0, 40, 11 
plains, 0, 30, 11 
agrodaun, 0, 49, 11 
search, 0, 34, 11 
khamazan, 0, 52, 11 
speaking, 0, 46, 11 
childhood, 0, 50, 11 
crystal, 0, 33, 11 
ebalon, 0, 35, 11 
sorrow, 0, 33, 11 
therein, 0, 36, 11 
harper, 0, 33, 11 
wisdom, 0, 37, 11 
pleasant, 0, 44, 11 
shadow, 0, 39, 11 
flocks, 0, 29, 11 
stillness, 0, 41, 11 
master, 0, 34, 11 
altars, 0, 28, 11 
playing, 0, 37, 11 
children, 0, 40, 11 
beasts, 0, 34, 11 
broken, 0, 35, 11 
travel, 0, 28, 11 
heralds, 0, 38, 11 
shepherds, 0, 54, 11 
copyright, 0, 47, 11 
laughed, 0, 42, 11 
marched, 0, 44, 11 
zornadhu, 0, 48, 11 
afterwards, 0, 53, 11 
million, 0, 32, 11 
seeing, 0, 34, 11 
lament, 0, 34, 11 
fingers, 0, 35, 11 
streams, 0, 40, 11 
darkness, 0, 46, 11 
earthward, 0, 51, 11 
zeenar, 0, 35, 11 
smiled, 0, 32, 11 
leaves, 0, 33, 11 
gleamed, 0, 44, 11 
spaces, 0, 36, 11 
silence, 0, 36, 11 
island, 0, 30, 11 
 , -1, 4, 16 
before, 9, 159, 36 
through, 7, 155, 30 
golden, 7, 133, 30 
people, 7, 131, 30 
answered, 6, 166, 27 
prophet, 5, 121, 23 
beyond, 5, 112, 23 
things, 5, 100, 23 
valley, 4, 76, 20 
against, 4, 93, 20 
fields, 4, 72, 20 
armies, 4, 84, 20 
morning, 4, 100, 20 
evening, 3, 85, 17 
worlds, 3, 71, 17 
mountains, 3, 110, 17 
worship, 3, 84, 17 
behind, 3, 73, 17 
temple, 3, 72, 17 
project, 3, 76, 17 
together, 3, 90, 17 
prayers, 3, 81, 17 
dreams, 3, 77, 17 
across, 3, 71, 17 
journey, 3, 81, 17 
little, 3, 53, 17 
should, 2, 56, 15 
cities, 2, 49, 15 
towards, 2, 66, 15 
because, 2, 70, 15 
prophets, 2, 74, 15 
garden, 2, 57, 15 
twilight, 2, 64, 15 
nought, 2, 57, 15 
saying, 2, 56, 15 
voices, 2, 56, 15 
gleaming, 2, 76, 15 
palace, 2, 56, 15 
yarnith, 2, 60, 15 
called, 2, 52, 15 
gutenberg, 2, 84, 15 
mountain, 2, 77, 15 
turned, 2, 54, 15 
famine, 1, 43, 11 
between, 1, 54, 11 
cliffs, 1, 32, 11 
another, 1, 50, 11 
gathered, 1, 58, 11 
looked, 1, 43, 11 
sardathrion, 1, 74, 11 
knowledge, 1, 68, 11 
therefore, 1, 60, 11 
kithneb, 1, 48, 11 
forgotten, 1, 60, 11 
though, 1, 45, 11 
strange, 1, 49, 11 
crying, 1, 39, 11 
sarnidac, 1, 55, 11 
desert, 1, 41, 11 
pestilence, 1, 67, 11 
coming, 1, 45, 11 
suddenly, 1, 58, 11 
gardens, 1, 52, 11 
marble, 1, 43, 11 
khanazar, 1, 59, 11 
passed, 1, 46, 11 
others, 1, 41, 11 
islands, 1, 46, 11 
houses, 1, 46, 11 
inzana, 1, 43, 11 
having, 1, 43, 11 
averon, 1, 44, 11 
ebooks, 1, 46, 11 
strode, 1, 41, 11 
making, 1, 45, 11 
secret, 1, 40, 11 
pegana, 1, 48, 11 
beneath, 1, 53, 11 
poppies, 1, 51, 11 
flowers, 0, 43, 10 
sailed, 0, 36, 10 
peganas, 0, 49, 10 
forest, 0, 36, 10 
followed, 0, 49, 10 
travellers, 0, 58, 10 
thunder, 0, 45, 10 
streets, 0, 43, 10 
wherein, 0, 45, 10 
stands, 0, 40, 10 
tintaggon, 0, 56, 10 
always, 0, 40, 10 
longer, 0, 37, 10 
figure, 0, 35, 10 
greater, 0, 43, 10 
mlideen, 0, 45, 10 
sought, 0, 40, 10 
further, 0, 41, 10 
temples, 0, 46, 10 
priests, 0, 42, 10 
camels, 0, 41, 10 
singing, 0, 43, 10 
dreamed, 0, 49, 10 
answer, 0, 41, 10 
alatta, 0, 35, 10 
standing, 0, 51, 10 
played, 0, 39, 10 
running, 0, 44, 10 
beggar, 0, 40, 10 
without, 0, 43, 10 
dawnchild, 0, 58, 10 
forward, 0, 44, 10 
neither, 0, 42, 10 
became, 0, 44, 10 
sometimes, 0, 62, 10 
themselves, 0, 67, 10 
carved, 0, 40, 10 
sacrifice, 0, 53, 10 
certain, 0, 42, 10 
return, 0, 36, 10 
silent, 0, 34, 10 
concerning, 0, 65, 10 
silver, 0, 34, 10 
shadows, 0, 50, 10 
whether, 0, 46, 10 
princes, 0, 44, 10 
summit, 0, 41, 10 
pointed, 0, 44, 10 
around, 0, 40, 10 
mighty, 0, 39, 10 
figures, 0, 42, 10 
prayer, 0, 38, 10 
uplifted, 0, 46, 10 
sitting, 0, 39, 10 
uldoon, 0, 39, 10 
follow, 0, 35, 10 
hidden, 0, 39, 10 
valleys, 0, 43, 10 
within, 0, 35, 10 
starlight, 0, 51, 10 
brought, 0, 45, 10 
lonely, 0, 36, 10 
rivers, 0, 35, 10 
nothing, 0, 44, 10 
munrao, 0, 42, 10 
striding, 0, 46, 10 
cattle, 0, 35, 10 
runazar, 0, 45, 10 
please, 0, 39, 10 
distance, 0, 51, 10 
memories, 0, 55, 10 
states, 0, 38, 10 
seated, 0, 40, 10 
thousand, 0, 54, 10 
istahn, 0, 37, 10 
himself, 0, 43, 10 
straight, 0, 47, 10 
masters, 0, 47, 10 
plains, 0, 36, 10 
agrodaun, 0, 54, 10 
search, 0, 40, 10 
khamazan, 0, 58, 10 
speaking, 0, 53, 10 
childhood, 0, 57, 10 
crystal, 0, 42, 10 
ebalon, 0, 39, 10 
sorrow, 0, 39, 10 
therein, 0, 42, 10 
harper, 0, 38, 10 
wisdom, 0, 42, 10 
pleasant, 0, 51, 10 
shadow, 0, 43, 10 
flocks, 0, 37, 10 
stillness, 0, 52, 10 
master, 0, 40, 10 
altars, 0, 35, 10 
playing, 0, 43, 10 
children, 0, 48, 10 
beasts, 0, 40, 10 
broken, 0, 40, 10 
travel, 0, 35, 10 
heralds, 0, 44, 10 
shepherds, 0, 61, 10 
copyright, 0, 56, 10 
laughed, 0, 46, 10 
marched, 0, 49, 10 
zornadhu, 0, 54, 10 
afterwards, 0, 63, 10 
million, 0, 39, 10 
seeing, 0, 39, 10 
lament, 0, 39, 10 
fingers, 0, 42, 10 
streams, 0, 47, 10 
darkness, 0, 54, 10 
earthward, 0, 58, 10 
zeenar, 0, 40, 10 
smiled, 0, 38, 10 
leaves, 0, 39, 10 
gleamed, 0, 48, 10 
spaces, 0, 42, 10 
silence, 0, 43, 10 
island, 0, 36, 10 
 , -1, 4, 16 
before, 9, 99, 44 
through, 7, 102, 38 
golden, 7, 92, 38 
people, 7, 92, 38 
answered, 6, 119, 33 
prophet, 5, 87, 31 
beyond, 5, 86, 31 
things, 5, 68, 31 
valley, 4, 44, 25 
against, 4, 56, 25 
fields, 4, 39, 25 
armies, 4, 53, 25 
morning, 4, 64, 25 
evening, 3, 55, 22 
worlds, 3, 45, 22 
mountains, 3, 74, 22 
worship, 3, 54, 22 
behind, 3, 47, 22 
temple, 3, 48, 22 
project, 3, 46, 22 
together, 3, 58, 22 
prayers, 3, 53, 22 
dreams, 3, 55, 22 
across, 3, 47, 22 
journey, 3, 51, 22 
little, 3, 23, 22 
should, 2, 38, 19 
cities, 2, 29, 19 
towards, 2, 46, 19 
because, 2, 50, 19 
prophets, 2, 51, 19 
garden, 2, 40, 19 
twilight, 2, 38, 19 
nought, 2, 39, 19 
saying, 2, 38, 19 
voices, 2, 38, 19 
gleaming, 2, 53, 19 
palace, 2, 38, 19 
yarnith, 2, 38, 19 
called, 2, 33, 19 
gutenberg, 2, 58, 19 
mountain, 2, 54, 19 
turned, 2, 36, 19 
famine, 1, 36, 16 
between, 1, 46, 16 
cliffs, 1, 21, 16 
another, 1, 41, 16 
gathered, 1, 47, 16 
looked, 1, 35, 16 
sardathrion, 1, 59, 16 
knowledge, 1, 57, 16 
therefore, 1, 47, 16 
kithneb, 1, 38, 16 
forgotten, 1, 46, 16 
though, 1, 37, 16 
strange, 1, 40, 16 
crying, 1, 31, 16 
sarnidac, 1, 44, 16 
desert, 1, 33, 16 
pestilence, 1, 52, 16 
coming, 1, 39, 16 
suddenly, 1, 47, 16 
gardens, 1, 44, 16 
marble, 1, 37, 16 
khanazar, 1, 49, 16 
passed, 1, 39, 16 
others, 1, 33, 16 
islands, 1, 36, 16 
houses, 1, 39, 16 
inzana, 1, 35, 16 
having, 1, 35, 16 
averon, 1, 37, 16 
ebooks, 1, 39, 16 
strode, 1, 33, 16 
making, 1, 39, 16 
secret, 1, 32, 16 
pegana, 1, 41, 16 
beneath, 1, 44, 16 
poppies, 1, 42, 16 
flowers, 0, 33, 14 
sailed, 0, 28, 14 
peganas, 0, 42, 14 
forest, 0, 25, 14 
followed, 0, 40, 14 
travellers, 0, 42, 14 
thunder, 0, 36, 14 
streets, 0, 30, 14 
wherein, 0, 38, 14 
stands, 0, 31, 14 
tintaggon, 0, 44, 14 
always, 0, 33, 14 
longer, 0, 30, 14 
figure, 0, 26, 14 
greater, 0, 33, 14 
mlideen, 0, 38, 14 
sought, 0, 32, 14 
further, 0, 29, 14 
temples, 0, 37, 14 
priests, 0, 30, 14 
camels, 0, 34, 14 
singing, 0, 34, 14 
dreamed, 0, 43, 14 
answer, 0, 35, 14 
alatta, 0, 25, 14 
standing, 0, 41, 14 
played, 0, 32, 14 
running, 0, 36, 14 
beggar, 0, 34, 14 
without, 0, 33, 14 
dawnchild, 0, 49, 14 
forward, 0, 35, 14 
neither, 0, 32, 14 
became, 0, 39, 14 
sometimes, 0, 52, 14 
themselves, 0, 54, 14 
carved, 0, 32, 14 
sacrifice, 0, 38, 14 
certain, 0, 31, 14 
return, 0, 27, 14 
silent, 0, 24, 14 
concerning, 0, 53, 14 
silver, 0, 24, 14 
shadows, 0, 43, 14 
whether, 0, 38, 14 
princes, 0, 34, 14 
summit, 0, 34, 14 
pointed, 0, 35, 14 
around, 0, 34, 14 
mighty, 0, 31, 14 
figures, 0, 31, 14 
prayer, 0, 30, 14 
uplifted, 0, 34, 14 
sitting, 0, 26, 14 
uldoon, 0, 33, 14 
follow, 0, 27, 14 
hidden, 0, 33, 14 
valleys, 0, 32, 14 
within, 0, 27, 14 
starlight, 0, 36, 14 
brought, 0, 36, 14 
lonely, 0, 28, 14 
rivers, 0, 25, 14 
nothing, 0, 35, 14 
munrao, 0, 37, 14 
striding, 0, 34, 14 
cattle, 0, 24, 14 
runazar, 0, 36, 14 
please, 0, 32, 14 
distance, 0, 40, 14 
memories, 0, 48, 14 
states, 0, 27, 14 
seated, 0, 32, 14 
thousand, 0, 45, 14 
istahn, 0, 28, 14 
himself, 0, 33, 14 
straight, 0, 34, 14 
masters, 0, 37, 14 
plains, 0, 28, 14 
agrodaun, 0, 47, 14 
search, 0, 32, 14 
khamazan, 0, 51, 14 
speaking, 0, 44, 14 
childhood, 0, 47, 14 
crystal, 0, 29, 14 
ebalon, 0, 33, 14 
sorrow, 0, 32, 14 
therein, 0, 32, 14 
harper, 0, 31, 14 
wisdom, 0, 37, 14 
pleasant, 0, 41, 14 
shadow, 0, 38, 14 
flocks, 0, 26, 14 
stillness, 0, 37, 14 
master, 0, 32, 14 
altars, 0, 25, 14 
playing, 0, 34, 14 
children, 0, 38, 14 
beasts, 0, 31, 14 
broken, 0, 33, 14 
travel, 0, 25, 14 
heralds, 0, 35, 14 
shepherds, 0, 51, 14 
copyright, 0, 43, 14 
laughed, 0, 39, 14 
marched, 0, 42, 14 
zornadhu, 0, 46, 14 
afterwards, 0, 49, 14 
million, 0, 30, 14 
seeing, 0, 32, 14 
lament, 0, 32, 14 
fingers, 0, 31, 14 
streams, 0, 37, 14 
darkness, 0, 44, 14 
earthward, 0, 48, 14 
zeenar, 0, 33, 14 
smiled, 0, 31, 14 
leaves, 0, 31, 14 
gleamed, 0, 42, 14 
spaces, 0, 34, 14 
silence, 0, 33, 14 
island, 0, 28, 14 
 , -1, 4, 16 
