# tag, weight, width (pixels), height(pixels)
# last tag is white space (fake)
#after sentinel the data may be repeated for alt fonts
before, 9, 104, 38 
through, 6, 99, 30 
golden, 5, 70, 27 
people, 5, 70, 27 
answered, 4, 93, 23 
prophet, 3, 61, 20 
beyond, 3, 59, 20 
things, 3, 48, 20 
valley, 2, 42, 17 
against, 1, 42, 15 
fields, 1, 31, 15 
armies, 1, 39, 15 
morning, 1, 46, 15 
evening, 0, 41, 11 
worlds, 0, 32, 11 
mountains, 0, 53, 11 
worship, 0, 39, 11 
behind, 0, 35, 11 
temple, 0, 34, 11 
project, 0, 35, 11 
together, 0, 43, 11 
 , -1, 4, 16 
before, 9, 159, 36 
through, 6, 141, 27 
golden, 5, 106, 23 
people, 5, 105, 23 
answered, 4, 118, 20 
prophet, 3, 82, 17 
beyond, 3, 77, 17 
things, 3, 67, 17 
valley, 2, 52, 15 
against, 1, 48, 11 
fields, 1, 36, 11 
armies, 1, 42, 11 
morning, 1, 51, 11 
evening, 0, 46, 10 
worlds, 0, 38, 10 
mountains, 0, 60, 10 
worship, 0, 45, 10 
behind, 0, 39, 10 
temple, 0, 39, 10 
project, 0, 42, 10 
together, 0, 50, 10 
 , -1, 4, 16 
before, 9, 99, 44 
through, 6, 92, 33 
golden, 5, 78, 31 
people, 5, 78, 31 
answered, 4, 78, 25 
prophet, 3, 54, 22 
beyond, 3, 53, 22 
things, 3, 41, 22 
valley, 2, 33, 19 
against, 1, 38, 16 
fields, 1, 26, 16 
armies, 1, 36, 16 
morning, 1, 44, 16 
evening, 0, 38, 14 
worlds, 0, 31, 14 
mountains, 0, 50, 14 
worship, 0, 37, 14 
behind, 0, 33, 14 
temple, 0, 32, 14 
project, 0, 31, 14 
together, 0, 39, 14 
 , -1, 4, 16 
