# tag, weight, width (pixels), height(pixels)
# last tag is white space (fake)
#after sentinel the data may be repeated for alt fonts
before, 9, 104, 38 
through, 7, 111, 32 
golden, 7, 96, 32 
people, 6, 83, 30 
answered, 5, 102, 27 
prophet, 5, 80, 27 
beyond, 5, 77, 27 
things, 5, 63, 27 
valley, 4, 56, 23 
against, 4, 70, 23 
fields, 4, 51, 23 
armies, 3, 54, 20 
morning, 3, 65, 20 
evening, 3, 63, 20 
worlds, 3, 52, 20 
mountains, 3, 83, 20 
worship, 3, 62, 20 
behind, 3, 54, 20 
temple, 3, 54, 20 
project, 2, 48, 17 
together, 2, 58, 17 
prayers, 2, 53, 17 
dreams, 2, 53, 17 
across, 2, 47, 17 
journey, 2, 53, 17 
little, 2, 29, 17 
should, 2, 48, 17 
cities, 2, 37, 17 
towards, 2, 56, 17 
because, 2, 61, 17 
prophets, 2, 62, 17 
garden, 2, 50, 17 
twilight, 1, 40, 15 
nought, 1, 39, 15 
saying, 1, 38, 15 
voices, 1, 38, 15 
gleaming, 1, 52, 15 
palace, 1, 38, 15 
yarnith, 1, 39, 15 
called, 1, 34, 15 
gutenberg, 1, 57, 15 
mountain, 1, 53, 15 
turned, 1, 36, 15 
famine, 1, 39, 15 
between, 1, 48, 15 
cliffs, 1, 28, 15 
another, 1, 43, 15 
gathered, 1, 50, 15 
looked, 1, 38, 15 
sardathrion, 0, 58, 11 
knowledge, 0, 55, 11 
therefore, 0, 47, 11 
kithneb, 0, 38, 11 
forgotten, 0, 47, 11 
though, 0, 36, 11 
strange, 0, 39, 11 
crying, 0, 30, 11 
sarnidac, 0, 43, 11 
desert, 0, 32, 11 
pestilence, 0, 52, 11 
coming, 0, 36, 11 
suddenly, 0, 46, 11 
gardens, 0, 42, 11 
marble, 0, 34, 11 
khanazar, 0, 47, 11 
passed, 0, 37, 11 
others, 0, 32, 11 
islands, 0, 36, 11 
houses, 0, 37, 11 
inzana, 0, 34, 11 
having, 0, 34, 11 
averon, 0, 35, 11 
ebooks, 0, 37, 11 
strode, 0, 32, 11 
making, 0, 36, 11 
secret, 0, 31, 11 
pegana, 0, 39, 11 
beneath, 0, 43, 11 
poppies, 0, 41, 11 
flowers, 0, 36, 11 
sailed, 0, 30, 11 
peganas, 0, 45, 11 
forest, 0, 29, 11 
followed, 0, 42, 11 
travellers, 0, 46, 11 
thunder, 0, 40, 11 
streets, 0, 35, 11 
wherein, 0, 40, 11 
stands, 0, 34, 11 
tintaggon, 0, 49, 11 
always, 0, 34, 11 
longer, 0, 32, 11 
figure, 0, 29, 11 
greater, 0, 37, 11 
mlideen, 0, 40, 11 
sought, 0, 35, 11 
further, 0, 34, 11 
temples, 0, 40, 11 
priests, 0, 34, 11 
camels, 0, 35, 11 
singing, 0, 37, 11 
 , -1, 4, 16 
before, 9, 159, 36 
through, 7, 155, 30 
golden, 7, 133, 30 
people, 6, 120, 27 
answered, 5, 146, 23 
prophet, 5, 121, 23 
beyond, 5, 112, 23 
things, 5, 100, 23 
valley, 4, 76, 20 
against, 4, 93, 20 
fields, 4, 72, 20 
armies, 3, 72, 17 
morning, 3, 86, 17 
evening, 3, 85, 17 
worlds, 3, 71, 17 
mountains, 3, 110, 17 
worship, 3, 84, 17 
behind, 3, 73, 17 
temple, 3, 72, 17 
project, 2, 60, 15 
together, 2, 71, 15 
prayers, 2, 64, 15 
dreams, 2, 61, 15 
across, 2, 57, 15 
journey, 2, 63, 15 
little, 2, 42, 15 
should, 2, 56, 15 
cities, 2, 49, 15 
towards, 2, 66, 15 
because, 2, 70, 15 
prophets, 2, 74, 15 
garden, 2, 57, 15 
twilight, 1, 47, 11 
nought, 1, 45, 11 
saying, 1, 42, 11 
voices, 1, 41, 11 
gleaming, 1, 58, 11 
palace, 1, 43, 11 
yarnith, 1, 45, 11 
called, 1, 39, 11 
gutenberg, 1, 66, 11 
mountain, 1, 59, 11 
turned, 1, 42, 11 
famine, 1, 43, 11 
between, 1, 54, 11 
cliffs, 1, 32, 11 
another, 1, 50, 11 
gathered, 1, 58, 11 
looked, 1, 43, 11 
sardathrion, 0, 68, 10 
knowledge, 0, 61, 10 
therefore, 0, 55, 10 
kithneb, 0, 44, 10 
forgotten, 0, 55, 10 
though, 0, 40, 10 
strange, 0, 45, 10 
crying, 0, 37, 10 
sarnidac, 0, 51, 10 
desert, 0, 38, 10 
pestilence, 0, 62, 10 
coming, 0, 41, 10 
suddenly, 0, 53, 10 
gardens, 0, 47, 10 
marble, 0, 39, 10 
khanazar, 0, 54, 10 
passed, 0, 42, 10 
others, 0, 38, 10 
islands, 0, 43, 10 
houses, 0, 42, 10 
inzana, 0, 39, 10 
having, 0, 39, 10 
averon, 0, 40, 10 
ebooks, 0, 42, 10 
strode, 0, 38, 10 
making, 0, 41, 10 
secret, 0, 38, 10 
pegana, 0, 42, 10 
beneath, 0, 47, 10 
poppies, 0, 46, 10 
flowers, 0, 43, 10 
sailed, 0, 36, 10 
peganas, 0, 49, 10 
forest, 0, 36, 10 
followed, 0, 49, 10 
travellers, 0, 58, 10 
thunder, 0, 45, 10 
streets, 0, 43, 10 
wherein, 0, 45, 10 
stands, 0, 40, 10 
tintaggon, 0, 56, 10 
always, 0, 40, 10 
longer, 0, 37, 10 
figure, 0, 35, 10 
greater, 0, 43, 10 
mlideen, 0, 45, 10 
sought, 0, 40, 10 
further, 0, 41, 10 
temples, 0, 46, 10 
priests, 0, 42, 10 
camels, 0, 41, 10 
singing, 0, 43, 10 
 , -1, 4, 16 
before, 9, 99, 44 
through, 7, 102, 38 
golden, 7, 92, 38 
people, 6, 82, 33 
answered, 5, 112, 31 
prophet, 5, 87, 31 
beyond, 5, 86, 31 
things, 5, 68, 31 
valley, 4, 44, 25 
against, 4, 56, 25 
fields, 4, 39, 25 
armies, 3, 48, 22 
morning, 3, 58, 22 
evening, 3, 55, 22 
worlds, 3, 45, 22 
mountains, 3, 74, 22 
worship, 3, 54, 22 
behind, 3, 47, 22 
temple, 3, 48, 22 
project, 2, 38, 19 
together, 2, 47, 19 
prayers, 2, 44, 19 
dreams, 2, 45, 19 
across, 2, 40, 19 
journey, 2, 42, 19 
little, 2, 20, 19 
should, 2, 38, 19 
cities, 2, 29, 19 
towards, 2, 46, 19 
because, 2, 50, 19 
prophets, 2, 51, 19 
garden, 2, 40, 19 
twilight, 1, 33, 16 
nought, 1, 37, 16 
saying, 1, 34, 16 
voices, 1, 33, 16 
gleaming, 1, 48, 16 
palace, 1, 35, 16 
yarnith, 1, 35, 16 
called, 1, 30, 16 
gutenberg, 1, 54, 16 
mountain, 1, 49, 16 
turned, 1, 34, 16 
famine, 1, 36, 16 
between, 1, 46, 16 
cliffs, 1, 21, 16 
another, 1, 41, 16 
gathered, 1, 47, 16 
looked, 1, 35, 16 
sardathrion, 0, 53, 14 
knowledge, 0, 53, 14 
therefore, 0, 42, 14 
kithneb, 0, 34, 14 
forgotten, 0, 41, 14 
though, 0, 33, 14 
strange, 0, 35, 14 
crying, 0, 28, 14 
sarnidac, 0, 41, 14 
desert, 0, 29, 14 
pestilence, 0, 48, 14 
coming, 0, 35, 14 
suddenly, 0, 44, 14 
gardens, 0, 39, 14 
marble, 0, 33, 14 
khanazar, 0, 45, 14 
passed, 0, 35, 14 
others, 0, 29, 14 
islands, 0, 33, 14 
houses, 0, 35, 14 
inzana, 0, 32, 14 
having, 0, 32, 14 
averon, 0, 33, 14 
ebooks, 0, 35, 14 
strode, 0, 29, 14 
making, 0, 35, 14 
secret, 0, 28, 14 
pegana, 0, 37, 14 
beneath, 0, 39, 14 
poppies, 0, 38, 14 
flowers, 0, 33, 14 
sailed, 0, 28, 14 
peganas, 0, 42, 14 
forest, 0, 25, 14 
followed, 0, 40, 14 
travellers, 0, 42, 14 
thunder, 0, 36, 14 
streets, 0, 30, 14 
wherein, 0, 38, 14 
stands, 0, 31, 14 
tintaggon, 0, 44, 14 
always, 0, 33, 14 
longer, 0, 30, 14 
figure, 0, 26, 14 
greater, 0, 33, 14 
mlideen, 0, 38, 14 
sought, 0, 32, 14 
further, 0, 29, 14 
temples, 0, 37, 14 
priests, 0, 30, 14 
camels, 0, 34, 14 
singing, 0, 34, 14 
 , -1, 4, 16 
