# tag, weight, width (pixels), height(pixels)
# last tag is white space (fake)
#after sentinel the data may be repeated for alt fonts
stephen, 9, 131, 38 
street, 5, 60, 27 
little, 5, 42, 27 
father, 5, 61, 27 
through, 4, 73, 23 
himself, 3, 57, 20 
before, 3, 51, 20 
because, 3, 68, 20 
something, 3, 83, 20 
always, 2, 50, 17 
dedalus, 2, 57, 17 
though, 2, 49, 17 
course, 2, 48, 17 
mulligan, 2, 61, 17 
behind, 2, 49, 17 
without, 2, 51, 17 
fellow, 2, 42, 17 
turned, 2, 45, 17 
better, 2, 40, 17 
between, 2, 61, 17 
against, 1, 42, 15 
another, 1, 43, 15 
coming, 1, 42, 15 
mother, 1, 40, 15 
towards, 1, 45, 15 
morning, 1, 46, 15 
having, 1, 38, 15 
thought, 1, 43, 15 
dublin, 1, 34, 15 
suppose, 1, 49, 15 
looking, 1, 41, 15 
things, 1, 35, 15 
theres, 1, 36, 15 
looked, 1, 38, 15 
martin, 1, 36, 15 
bloody, 1, 38, 15 
second, 1, 42, 15 
lenehan, 1, 45, 15 
nothing, 1, 42, 15 
wouldnt, 1, 44, 15 
wonder, 1, 41, 15 
passed, 1, 42, 15 
citizen, 1, 38, 15 
anything, 1, 49, 15 
corner, 1, 36, 15 
gentleman, 1, 60, 15 
called, 1, 34, 15 
should, 1, 38, 15 
moment, 1, 47, 15 
ireland, 0, 35, 11 
perhaps, 0, 42, 11 
brought, 0, 40, 11 
professor, 0, 48, 11 
people, 0, 35, 11 
couldnt, 0, 38, 11 
letter, 0, 26, 11 
master, 0, 34, 11 
walked, 0, 35, 11 
forward, 0, 38, 11 
remember, 0, 50, 11 
stephens, 0, 47, 11 
private, 0, 35, 11 
pocket, 0, 34, 11 
lovely, 0, 29, 11 
cunningham, 0, 62, 11 
leopold, 0, 38, 11 
believe, 0, 37, 11 
dignam, 0, 37, 11 
myself, 0, 32, 11 
slowly, 0, 30, 11 
conmee, 0, 40, 11 
enough, 0, 39, 11 
others, 0, 32, 11 
window, 0, 37, 11 
wanted, 0, 37, 11 
answered, 0, 49, 11 
blooms, 0, 36, 11 
friend, 0, 29, 11 
matter, 0, 32, 11 
evening, 0, 41, 11 
haines, 0, 34, 11 
across, 0, 33, 11 
talking, 0, 34, 11 
fingers, 0, 35, 11 
number, 0, 38, 11 
waiting, 0, 36, 11 
boylan, 0, 34, 11 
nature, 0, 33, 11 
getting, 0, 36, 11 
rather, 0, 30, 11 
breath, 0, 33, 11 
laughing, 0, 44, 11 
around, 0, 36, 11 
together, 0, 43, 11 
taking, 0, 31, 11 
simply, 0, 31, 11 
church, 0, 34, 11 
brother, 0, 37, 11 
saying, 0, 33, 11 
walking, 0, 38, 11 
married, 0, 38, 11 
country, 0, 38, 11 
quickly, 0, 35, 11 
person, 0, 35, 11 
somewhere, 0, 58, 11 
please, 0, 34, 11 
followed, 0, 42, 11 
children, 0, 40, 11 
answer, 0, 36, 11 
theyre, 0, 32, 11 
passing, 0, 40, 11 
sitting, 0, 31, 11 
change, 0, 38, 11 
dollard, 0, 35, 11 
themselves, 0, 57, 11 
shillings, 0, 41, 11 
pounds, 0, 38, 11 
public, 0, 30, 11 
trousers, 0, 41, 11 
office, 0, 28, 11 
yellow, 0, 31, 11 
bridge, 0, 32, 11 
figure, 0, 29, 11 
beauty, 0, 35, 11 
really, 0, 27, 11 
itself, 0, 24, 11 
lambert, 0, 38, 11 
daughter, 0, 46, 11 
present, 0, 39, 11 
anyhow, 0, 39, 11 
ladies, 0, 30, 11 
points, 0, 31, 11 
different, 0, 43, 11 
flower, 0, 30, 11 
silent, 0, 27, 11 
kelleher, 0, 40, 11 
certain, 0, 35, 11 
project, 0, 35, 11 
language, 0, 48, 11 
someone, 0, 47, 11 
blessed, 0, 40, 11 
beside, 0, 34, 11 
thinking, 0, 40, 11 
tongue, 0, 36, 11 
trying, 0, 28, 11 
caffrey, 0, 35, 11 
however, 0, 43, 11 
making, 0, 36, 11 
company, 0, 46, 11 
bronze, 0, 35, 11 
general, 0, 39, 11 
omolloy, 0, 39, 11 
thanks, 0, 34, 11 
within, 0, 29, 11 
letters, 0, 32, 11 
standing, 0, 44, 11 
turning, 0, 36, 11 
smiled, 0, 32, 11 
bright, 0, 29, 11 
question, 0, 44, 11 
natural, 0, 36, 11 
herself, 0, 35, 11 
mirror, 0, 28, 11 
husband, 0, 45, 11 
blazes, 0, 33, 11 
hamlet, 0, 34, 11 
account, 0, 41, 11 
possible, 0, 42, 11 
telling, 0, 31, 11 
crawford, 0, 43, 11 
running, 0, 39, 11 
business, 0, 45, 11 
forget, 0, 30, 11 
richie, 0, 27, 11 
florry, 0, 25, 11 
square, 0, 35, 11 
priest, 0, 28, 11 
doesnt, 0, 35, 11 
silver, 0, 26, 11 
shadow, 0, 39, 11 
female, 0, 34, 11 
hundred, 0, 43, 11 
sailor, 0, 27, 11 
laughed, 0, 42, 11 
inside, 0, 30, 11 
suddenly, 0, 46, 11 
family, 0, 29, 11 
cowley, 0, 34, 11 
shakespeare, 0, 66, 11 
everything, 0, 53, 11 
either, 0, 29, 11 
holding, 0, 38, 11 
beyond, 0, 38, 11 
yourself, 0, 40, 11 
eleven, 0, 34, 11 
gently, 0, 31, 11 
beautiful, 0, 45, 11 
finger, 0, 29, 11 
william, 0, 33, 11 
kernan, 0, 35, 11 
smiling, 0, 35, 11 
 , -1, 4, 16 
stephen, 9, 195, 36 
street, 5, 94, 23 
little, 5, 80, 23 
father, 5, 95, 23 
through, 4, 96, 20 
himself, 3, 79, 17 
before, 3, 69, 17 
because, 3, 89, 17 
something, 3, 110, 17 
always, 2, 58, 15 
dedalus, 2, 66, 15 
though, 2, 57, 15 
course, 2, 57, 15 
mulligan, 2, 72, 15 
behind, 2, 56, 15 
without, 2, 62, 15 
fellow, 2, 51, 15 
turned, 2, 54, 15 
better, 2, 51, 15 
between, 2, 69, 15 
against, 1, 48, 11 
another, 1, 50, 11 
coming, 1, 45, 11 
mother, 1, 44, 11 
towards, 1, 50, 11 
morning, 1, 51, 11 
having, 1, 43, 11 
thought, 1, 50, 11 
dublin, 1, 40, 11 
suppose, 1, 54, 11 
looking, 1, 47, 11 
things, 1, 40, 11 
theres, 1, 41, 11 
looked, 1, 43, 11 
martin, 1, 40, 11 
bloody, 1, 43, 11 
second, 1, 46, 11 
lenehan, 1, 52, 11 
nothing, 1, 49, 11 
wouldnt, 1, 50, 11 
wonder, 1, 46, 11 
passed, 1, 46, 11 
citizen, 1, 43, 11 
anything, 1, 56, 11 
corner, 1, 41, 11 
gentleman, 1, 67, 11 
called, 1, 39, 11 
should, 1, 43, 11 
moment, 1, 49, 11 
ireland, 0, 41, 10 
perhaps, 0, 47, 10 
brought, 0, 45, 10 
professor, 0, 57, 10 
people, 0, 39, 10 
couldnt, 0, 44, 10 
letter, 0, 33, 10 
master, 0, 40, 10 
walked, 0, 40, 10 
forward, 0, 44, 10 
remember, 0, 56, 10 
stephens, 0, 54, 10 
private, 0, 42, 10 
pocket, 0, 40, 10 
lovely, 0, 36, 10 
cunningham, 0, 69, 10 
leopold, 0, 43, 10 
believe, 0, 43, 10 
dignam, 0, 41, 10 
myself, 0, 39, 10 
slowly, 0, 37, 10 
conmee, 0, 44, 10 
enough, 0, 42, 10 
others, 0, 38, 10 
window, 0, 41, 10 
wanted, 0, 41, 10 
answered, 0, 55, 10 
blooms, 0, 41, 10 
friend, 0, 35, 10 
matter, 0, 38, 10 
evening, 0, 46, 10 
haines, 0, 39, 10 
across, 0, 40, 10 
talking, 0, 41, 10 
fingers, 0, 42, 10 
number, 0, 42, 10 
waiting, 0, 42, 10 
boylan, 0, 39, 10 
nature, 0, 38, 10 
getting, 0, 42, 10 
rather, 0, 36, 10 
breath, 0, 38, 10 
laughing, 0, 50, 10 
around, 0, 40, 10 
together, 0, 50, 10 
taking, 0, 37, 10 
simply, 0, 38, 10 
church, 0, 40, 10 
brother, 0, 43, 10 
saying, 0, 39, 10 
walking, 0, 44, 10 
married, 0, 44, 10 
country, 0, 45, 10 
quickly, 0, 43, 10 
person, 0, 40, 10 
somewhere, 0, 64, 10 
please, 0, 39, 10 
followed, 0, 49, 10 
children, 0, 48, 10 
answer, 0, 41, 10 
theyre, 0, 38, 10 
passing, 0, 46, 10 
sitting, 0, 39, 10 
change, 0, 42, 10 
dollard, 0, 41, 10 
themselves, 0, 67, 10 
shillings, 0, 51, 10 
pounds, 0, 42, 10 
public, 0, 36, 10 
trousers, 0, 50, 10 
office, 0, 35, 10 
yellow, 0, 37, 10 
bridge, 0, 37, 10 
figure, 0, 35, 10 
beauty, 0, 40, 10 
really, 0, 34, 10 
itself, 0, 32, 10 
lambert, 0, 44, 10 
daughter, 0, 52, 10 
present, 0, 45, 10 
anyhow, 0, 43, 10 
ladies, 0, 36, 10 
points, 0, 37, 10 
different, 0, 52, 10 
flower, 0, 36, 10 
silent, 0, 34, 10 
kelleher, 0, 48, 10 
certain, 0, 42, 10 
project, 0, 42, 10 
language, 0, 53, 10 
someone, 0, 51, 10 
blessed, 0, 46, 10 
beside, 0, 39, 10 
thinking, 0, 48, 10 
tongue, 0, 40, 10 
trying, 0, 35, 10 
caffrey, 0, 43, 10 
however, 0, 48, 10 
making, 0, 41, 10 
company, 0, 51, 10 
bronze, 0, 40, 10 
general, 0, 44, 10 
omolloy, 0, 45, 10 
thanks, 0, 40, 10 
within, 0, 35, 10 
letters, 0, 40, 10 
standing, 0, 51, 10 
turning, 0, 42, 10 
smiled, 0, 38, 10 
bright, 0, 35, 10 
question, 0, 51, 10 
natural, 0, 42, 10 
herself, 0, 42, 10 
mirror, 0, 35, 10 
husband, 0, 49, 10 
blazes, 0, 39, 10 
hamlet, 0, 39, 10 
account, 0, 47, 10 
possible, 0, 50, 10 
telling, 0, 38, 10 
crawford, 0, 51, 10 
running, 0, 44, 10 
business, 0, 53, 10 
forget, 0, 36, 10 
richie, 0, 34, 10 
florry, 0, 33, 10 
square, 0, 40, 10 
priest, 0, 35, 10 
doesnt, 0, 40, 10 
silver, 0, 34, 10 
shadow, 0, 43, 10 
female, 0, 39, 10 
hundred, 0, 47, 10 
sailor, 0, 34, 10 
laughed, 0, 46, 10 
inside, 0, 36, 10 
suddenly, 0, 53, 10 
family, 0, 36, 10 
cowley, 0, 40, 10 
shakespeare, 0, 75, 10 
everything, 0, 63, 10 
either, 0, 35, 10 
holding, 0, 43, 10 
beyond, 0, 42, 10 
yourself, 0, 49, 10 
eleven, 0, 39, 10 
gently, 0, 37, 10 
beautiful, 0, 53, 10 
finger, 0, 35, 10 
william, 0, 40, 10 
kernan, 0, 40, 10 
smiling, 0, 42, 10 
 , -1, 4, 16 
stephen, 9, 126, 44 
street, 5, 63, 31 
little, 5, 42, 31 
father, 5, 65, 31 
through, 4, 59, 25 
himself, 3, 49, 22 
before, 3, 45, 22 
because, 3, 61, 22 
something, 3, 74, 22 
always, 2, 41, 19 
dedalus, 2, 45, 19 
though, 2, 39, 19 
course, 2, 40, 19 
mulligan, 2, 48, 19 
behind, 2, 38, 19 
without, 2, 40, 19 
fellow, 2, 32, 19 
turned, 2, 36, 19 
better, 2, 32, 19 
between, 2, 49, 19 
against, 1, 38, 16 
another, 1, 41, 16 
coming, 1, 39, 16 
mother, 1, 38, 16 
towards, 1, 42, 16 
morning, 1, 44, 16 
having, 1, 35, 16 
thought, 1, 40, 16 
dublin, 1, 31, 16 
suppose, 1, 46, 16 
looking, 1, 37, 16 
things, 1, 31, 16 
theres, 1, 33, 16 
looked, 1, 35, 16 
martin, 1, 33, 16 
bloody, 1, 35, 16 
second, 1, 39, 16 
lenehan, 1, 43, 16 
nothing, 1, 39, 16 
wouldnt, 1, 41, 16 
wonder, 1, 40, 16 
passed, 1, 39, 16 
citizen, 1, 32, 16 
anything, 1, 44, 16 
corner, 1, 34, 16 
gentleman, 1, 56, 16 
called, 1, 30, 16 
should, 1, 35, 16 
moment, 1, 45, 16 
ireland, 0, 32, 14 
perhaps, 0, 39, 14 
brought, 0, 36, 14 
professor, 0, 44, 14 
people, 0, 33, 14 
couldnt, 0, 34, 14 
letter, 0, 22, 14 
master, 0, 32, 14 
walked, 0, 34, 14 
forward, 0, 35, 14 
remember, 0, 50, 14 
stephens, 0, 44, 14 
private, 0, 31, 14 
pocket, 0, 31, 14 
lovely, 0, 27, 14 
cunningham, 0, 60, 14 
leopold, 0, 35, 14 
believe, 0, 34, 14 
dignam, 0, 36, 14 
myself, 0, 30, 14 
slowly, 0, 29, 14 
conmee, 0, 39, 14 
enough, 0, 37, 14 
others, 0, 29, 14 
window, 0, 37, 14 
wanted, 0, 35, 14 
answered, 0, 48, 14 
blooms, 0, 35, 14 
friend, 0, 26, 14 
matter, 0, 29, 14 
evening, 0, 38, 14 
haines, 0, 32, 14 
across, 0, 31, 14 
talking, 0, 30, 14 
fingers, 0, 31, 14 
number, 0, 37, 14 
waiting, 0, 33, 14 
boylan, 0, 32, 14 
nature, 0, 30, 14 
getting, 0, 31, 14 
rather, 0, 27, 14 
breath, 0, 30, 14 
laughing, 0, 42, 14 
around, 0, 34, 14 
together, 0, 39, 14 
taking, 0, 28, 14 
simply, 0, 30, 14 
church, 0, 32, 14 
brother, 0, 33, 14 
saying, 0, 31, 14 
walking, 0, 36, 14 
married, 0, 36, 14 
country, 0, 34, 14 
quickly, 0, 32, 14 
person, 0, 33, 14 
somewhere, 0, 57, 14 
please, 0, 32, 14 
followed, 0, 40, 14 
children, 0, 38, 14 
answer, 0, 35, 14 
theyre, 0, 29, 14 
passing, 0, 37, 14 
sitting, 0, 26, 14 
change, 0, 36, 14 
dollard, 0, 32, 14 
themselves, 0, 54, 14 
shillings, 0, 38, 14 
pounds, 0, 36, 14 
public, 0, 28, 14 
trousers, 0, 38, 14 
office, 0, 24, 14 
yellow, 0, 30, 14 
bridge, 0, 30, 14 
figure, 0, 26, 14 
beauty, 0, 32, 14 
really, 0, 25, 14 
itself, 0, 20, 14 
lambert, 0, 35, 14 
daughter, 0, 43, 14 
present, 0, 35, 14 
anyhow, 0, 38, 14 
ladies, 0, 28, 14 
points, 0, 28, 14 
different, 0, 37, 14 
flower, 0, 28, 14 
silent, 0, 24, 14 
kelleher, 0, 38, 14 
certain, 0, 31, 14 
project, 0, 31, 14 
language, 0, 46, 14 
someone, 0, 45, 14 
blessed, 0, 37, 14 
beside, 0, 32, 14 
thinking, 0, 37, 14 
tongue, 0, 33, 14 
trying, 0, 25, 14 
caffrey, 0, 30, 14 
however, 0, 41, 14 
making, 0, 35, 14 
company, 0, 44, 14 
bronze, 0, 33, 14 
general, 0, 36, 14 
omolloy, 0, 37, 14 
thanks, 0, 31, 14 
within, 0, 27, 14 
letters, 0, 27, 14 
standing, 0, 41, 14 
turning, 0, 32, 14 
smiled, 0, 31, 14 
bright, 0, 26, 14 
question, 0, 41, 14 
natural, 0, 32, 14 
herself, 0, 31, 14 
mirror, 0, 27, 14 
husband, 0, 42, 14 
blazes, 0, 31, 14 
hamlet, 0, 32, 14 
account, 0, 37, 14 
possible, 0, 40, 14 
telling, 0, 27, 14 
crawford, 0, 41, 14 
running, 0, 36, 14 
business, 0, 43, 14 
forget, 0, 26, 14 
richie, 0, 25, 14 
florry, 0, 22, 14 
square, 0, 33, 14 
priest, 0, 25, 14 
doesnt, 0, 32, 14 
silver, 0, 24, 14 
shadow, 0, 38, 14 
female, 0, 32, 14 
hundred, 0, 40, 14 
sailor, 0, 25, 14 
laughed, 0, 39, 14 
inside, 0, 28, 14 
suddenly, 0, 44, 14 
family, 0, 27, 14 
cowley, 0, 33, 14 
shakespeare, 0, 62, 14 
everything, 0, 49, 14 
either, 0, 26, 14 
holding, 0, 35, 14 
beyond, 0, 36, 14 
yourself, 0, 37, 14 
eleven, 0, 32, 14 
gently, 0, 28, 14 
beautiful, 0, 40, 14 
finger, 0, 26, 14 
william, 0, 32, 14 
kernan, 0, 33, 14 
smiling, 0, 33, 14 
 , -1, 4, 16 
