# tag, weight, width (pixels), height(pixels)
# last tag is white space (fake)
#after sentinel the data may be repeated for alt fonts
stephen, 9, 131, 38 
street, 5, 60, 27 
little, 4, 39, 23 
father, 4, 55, 23 
through, 3, 61, 20 
himself, 3, 57, 20 
before, 3, 51, 20 
because, 3, 68, 20 
something, 2, 74, 17 
always, 2, 50, 17 
dedalus, 2, 57, 17 
though, 2, 49, 17 
course, 2, 48, 17 
mulligan, 1, 48, 15 
behind, 1, 38, 15 
without, 1, 41, 15 
fellow, 1, 33, 15 
turned, 1, 36, 15 
better, 1, 33, 15 
between, 1, 48, 15 
against, 1, 42, 15 
another, 0, 40, 11 
coming, 0, 36, 11 
mother, 0, 35, 11 
towards, 0, 40, 11 
morning, 0, 41, 11 
having, 0, 34, 11 
thought, 0, 40, 11 
dublin, 0, 31, 11 
suppose, 0, 44, 11 
looking, 0, 37, 11 
things, 0, 31, 11 
theres, 0, 32, 11 
looked, 0, 34, 11 
martin, 0, 31, 11 
bloody, 0, 34, 11 
second, 0, 37, 11 
lenehan, 0, 42, 11 
nothing, 0, 39, 11 
wouldnt, 0, 40, 11 
wonder, 0, 37, 11 
passed, 0, 37, 11 
citizen, 0, 33, 11 
anything, 0, 44, 11 
corner, 0, 32, 11 
gentleman, 0, 54, 11 
called, 0, 30, 11 
should, 0, 34, 11 
moment, 0, 40, 11 
ireland, 0, 35, 11 
perhaps, 0, 42, 11 
 , -1, 4, 16 
stephen, 9, 195, 36 
street, 5, 94, 23 
little, 4, 62, 20 
father, 4, 76, 20 
through, 3, 82, 17 
himself, 3, 79, 17 
before, 3, 69, 17 
because, 3, 89, 17 
something, 2, 87, 15 
always, 2, 58, 15 
dedalus, 2, 66, 15 
though, 2, 57, 15 
course, 2, 57, 15 
mulligan, 1, 54, 11 
behind, 1, 44, 11 
without, 1, 47, 11 
fellow, 1, 38, 11 
turned, 1, 42, 11 
better, 1, 39, 11 
between, 1, 54, 11 
against, 1, 48, 11 
another, 0, 45, 10 
coming, 0, 41, 10 
mother, 0, 40, 10 
towards, 0, 46, 10 
morning, 0, 46, 10 
having, 0, 39, 10 
thought, 0, 45, 10 
dublin, 0, 36, 10 
suppose, 0, 49, 10 
looking, 0, 43, 10 
things, 0, 37, 10 
theres, 0, 38, 10 
looked, 0, 39, 10 
martin, 0, 37, 10 
bloody, 0, 39, 10 
second, 0, 42, 10 
lenehan, 0, 46, 10 
nothing, 0, 44, 10 
wouldnt, 0, 45, 10 
wonder, 0, 41, 10 
passed, 0, 42, 10 
citizen, 0, 41, 10 
anything, 0, 51, 10 
corner, 0, 38, 10 
gentleman, 0, 60, 10 
called, 0, 36, 10 
should, 0, 39, 10 
moment, 0, 44, 10 
ireland, 0, 41, 10 
perhaps, 0, 47, 10 
 , -1, 4, 16 
stephen, 9, 126, 44 
street, 5, 63, 31 
little, 4, 27, 25 
father, 4, 43, 25 
through, 3, 54, 22 
himself, 3, 49, 22 
before, 3, 45, 22 
because, 3, 61, 22 
something, 2, 61, 19 
always, 2, 41, 19 
dedalus, 2, 45, 19 
though, 2, 39, 19 
course, 2, 40, 19 
mulligan, 1, 43, 16 
behind, 1, 36, 16 
without, 1, 37, 16 
fellow, 1, 29, 16 
turned, 1, 34, 16 
better, 1, 30, 16 
between, 1, 46, 16 
against, 1, 38, 16 
another, 0, 36, 14 
coming, 0, 35, 14 
mother, 0, 33, 14 
towards, 0, 37, 14 
morning, 0, 39, 14 
having, 0, 32, 14 
thought, 0, 35, 14 
dublin, 0, 29, 14 
suppose, 0, 41, 14 
looking, 0, 34, 14 
things, 0, 28, 14 
theres, 0, 29, 14 
looked, 0, 32, 14 
martin, 0, 29, 14 
bloody, 0, 32, 14 
second, 0, 35, 14 
lenehan, 0, 39, 14 
nothing, 0, 35, 14 
wouldnt, 0, 37, 14 
wonder, 0, 36, 14 
passed, 0, 35, 14 
citizen, 0, 29, 14 
anything, 0, 41, 14 
corner, 0, 30, 14 
gentleman, 0, 51, 14 
called, 0, 28, 14 
should, 0, 32, 14 
moment, 0, 39, 14 
ireland, 0, 32, 14 
perhaps, 0, 39, 14 
 , -1, 4, 16 
