# tag, weight, width (pixels), height(pixels)
# last tag is white space (fake)
#after sentinel the data may be repeated for alt fonts
stephen, 9, 131, 38 
street, 4, 54, 23 
little, 4, 39, 23 
father, 3, 46, 20 
through, 3, 61, 20 
himself, 2, 51, 17 
before, 2, 45, 17 
because, 2, 61, 17 
something, 1, 60, 15 
always, 1, 40, 15 
dedalus, 1, 45, 15 
though, 1, 39, 15 
course, 0, 34, 11 
mulligan, 0, 42, 11 
behind, 0, 35, 11 
without, 0, 37, 11 
fellow, 0, 29, 11 
turned, 0, 33, 11 
better, 0, 30, 11 
between, 0, 44, 11 
against, 0, 38, 11 
 , -1, 4, 16 
stephen, 9, 195, 36 
street, 4, 75, 20 
little, 4, 62, 20 
father, 3, 64, 17 
through, 3, 82, 17 
himself, 2, 63, 15 
before, 2, 54, 15 
because, 2, 70, 15 
something, 1, 66, 11 
always, 1, 43, 11 
dedalus, 1, 51, 11 
though, 1, 45, 11 
course, 0, 40, 10 
mulligan, 0, 49, 10 
behind, 0, 39, 10 
without, 0, 43, 10 
fellow, 0, 35, 10 
turned, 0, 38, 10 
better, 0, 36, 10 
between, 0, 48, 10 
against, 0, 44, 10 
 , -1, 4, 16 
stephen, 9, 126, 44 
street, 4, 42, 25 
little, 4, 27, 25 
father, 3, 40, 22 
through, 3, 54, 22 
himself, 2, 41, 19 
before, 2, 36, 19 
because, 2, 50, 19 
something, 1, 55, 16 
always, 1, 36, 16 
dedalus, 1, 42, 16 
though, 1, 37, 16 
course, 0, 32, 14 
mulligan, 0, 41, 14 
behind, 0, 33, 14 
without, 0, 33, 14 
fellow, 0, 27, 14 
turned, 0, 30, 14 
better, 0, 26, 14 
between, 0, 41, 14 
against, 0, 34, 14 
 , -1, 4, 16 
