# tag, weight, width (pixels), height(pixels)
# last tag is white space (fake)
#after sentinel the data may be repeated for alt fonts
stephen, 9, 131, 38 
street, 5, 60, 27 
little, 5, 42, 27 
father, 4, 55, 23 
through, 4, 73, 23 
himself, 3, 57, 20 
before, 3, 51, 20 
because, 3, 68, 20 
something, 2, 74, 17 
always, 2, 50, 17 
dedalus, 2, 57, 17 
though, 2, 49, 17 
course, 2, 48, 17 
mulligan, 2, 61, 17 
behind, 2, 49, 17 
without, 1, 41, 15 
fellow, 1, 33, 15 
turned, 1, 36, 15 
better, 1, 33, 15 
between, 1, 48, 15 
against, 1, 42, 15 
another, 1, 43, 15 
coming, 1, 42, 15 
mother, 1, 40, 15 
towards, 1, 45, 15 
morning, 1, 46, 15 
having, 1, 38, 15 
thought, 1, 43, 15 
dublin, 1, 34, 15 
suppose, 1, 49, 15 
looking, 1, 41, 15 
things, 1, 35, 15 
theres, 1, 36, 15 
looked, 1, 38, 15 
martin, 1, 36, 15 
bloody, 1, 38, 15 
second, 1, 42, 15 
lenehan, 1, 45, 15 
nothing, 0, 39, 11 
wouldnt, 0, 40, 11 
wonder, 0, 37, 11 
passed, 0, 37, 11 
citizen, 0, 33, 11 
anything, 0, 44, 11 
corner, 0, 32, 11 
gentleman, 0, 54, 11 
called, 0, 30, 11 
should, 0, 34, 11 
moment, 0, 40, 11 
ireland, 0, 35, 11 
perhaps, 0, 42, 11 
brought, 0, 40, 11 
professor, 0, 48, 11 
people, 0, 35, 11 
couldnt, 0, 38, 11 
letter, 0, 26, 11 
master, 0, 34, 11 
walked, 0, 35, 11 
forward, 0, 38, 11 
remember, 0, 50, 11 
stephens, 0, 47, 11 
private, 0, 35, 11 
pocket, 0, 34, 11 
lovely, 0, 29, 11 
cunningham, 0, 62, 11 
leopold, 0, 38, 11 
believe, 0, 37, 11 
dignam, 0, 37, 11 
myself, 0, 32, 11 
slowly, 0, 30, 11 
conmee, 0, 40, 11 
enough, 0, 39, 11 
others, 0, 32, 11 
window, 0, 37, 11 
wanted, 0, 37, 11 
answered, 0, 49, 11 
blooms, 0, 36, 11 
friend, 0, 29, 11 
matter, 0, 32, 11 
evening, 0, 41, 11 
haines, 0, 34, 11 
across, 0, 33, 11 
talking, 0, 34, 11 
fingers, 0, 35, 11 
number, 0, 38, 11 
waiting, 0, 36, 11 
boylan, 0, 34, 11 
nature, 0, 33, 11 
getting, 0, 36, 11 
rather, 0, 30, 11 
breath, 0, 33, 11 
laughing, 0, 44, 11 
around, 0, 36, 11 
together, 0, 43, 11 
taking, 0, 31, 11 
simply, 0, 31, 11 
church, 0, 34, 11 
brother, 0, 37, 11 
saying, 0, 33, 11 
walking, 0, 38, 11 
married, 0, 38, 11 
 , -1, 4, 16 
stephen, 9, 195, 36 
street, 5, 94, 23 
little, 5, 80, 23 
father, 4, 76, 20 
through, 4, 96, 20 
himself, 3, 79, 17 
before, 3, 69, 17 
because, 3, 89, 17 
something, 2, 87, 15 
always, 2, 58, 15 
dedalus, 2, 66, 15 
though, 2, 57, 15 
course, 2, 57, 15 
mulligan, 2, 72, 15 
behind, 2, 56, 15 
without, 1, 47, 11 
fellow, 1, 38, 11 
turned, 1, 42, 11 
better, 1, 39, 11 
between, 1, 54, 11 
against, 1, 48, 11 
another, 1, 50, 11 
coming, 1, 45, 11 
mother, 1, 44, 11 
towards, 1, 50, 11 
morning, 1, 51, 11 
having, 1, 43, 11 
thought, 1, 50, 11 
dublin, 1, 40, 11 
suppose, 1, 54, 11 
looking, 1, 47, 11 
things, 1, 40, 11 
theres, 1, 41, 11 
looked, 1, 43, 11 
martin, 1, 40, 11 
bloody, 1, 43, 11 
second, 1, 46, 11 
lenehan, 1, 52, 11 
nothing, 0, 44, 10 
wouldnt, 0, 45, 10 
wonder, 0, 41, 10 
passed, 0, 42, 10 
citizen, 0, 41, 10 
anything, 0, 51, 10 
corner, 0, 38, 10 
gentleman, 0, 60, 10 
called, 0, 36, 10 
should, 0, 39, 10 
moment, 0, 44, 10 
ireland, 0, 41, 10 
perhaps, 0, 47, 10 
brought, 0, 45, 10 
professor, 0, 57, 10 
people, 0, 39, 10 
couldnt, 0, 44, 10 
letter, 0, 33, 10 
master, 0, 40, 10 
walked, 0, 40, 10 
forward, 0, 44, 10 
remember, 0, 56, 10 
stephens, 0, 54, 10 
private, 0, 42, 10 
pocket, 0, 40, 10 
lovely, 0, 36, 10 
cunningham, 0, 69, 10 
leopold, 0, 43, 10 
believe, 0, 43, 10 
dignam, 0, 41, 10 
myself, 0, 39, 10 
slowly, 0, 37, 10 
conmee, 0, 44, 10 
enough, 0, 42, 10 
others, 0, 38, 10 
window, 0, 41, 10 
wanted, 0, 41, 10 
answered, 0, 55, 10 
blooms, 0, 41, 10 
friend, 0, 35, 10 
matter, 0, 38, 10 
evening, 0, 46, 10 
haines, 0, 39, 10 
across, 0, 40, 10 
talking, 0, 41, 10 
fingers, 0, 42, 10 
number, 0, 42, 10 
waiting, 0, 42, 10 
boylan, 0, 39, 10 
nature, 0, 38, 10 
getting, 0, 42, 10 
rather, 0, 36, 10 
breath, 0, 38, 10 
laughing, 0, 50, 10 
around, 0, 40, 10 
together, 0, 50, 10 
taking, 0, 37, 10 
simply, 0, 38, 10 
church, 0, 40, 10 
brother, 0, 43, 10 
saying, 0, 39, 10 
walking, 0, 44, 10 
married, 0, 44, 10 
 , -1, 4, 16 
stephen, 9, 126, 44 
street, 5, 63, 31 
little, 5, 42, 31 
father, 4, 43, 25 
through, 4, 59, 25 
himself, 3, 49, 22 
before, 3, 45, 22 
because, 3, 61, 22 
something, 2, 61, 19 
always, 2, 41, 19 
dedalus, 2, 45, 19 
though, 2, 39, 19 
course, 2, 40, 19 
mulligan, 2, 48, 19 
behind, 2, 38, 19 
without, 1, 37, 16 
fellow, 1, 29, 16 
turned, 1, 34, 16 
better, 1, 30, 16 
between, 1, 46, 16 
against, 1, 38, 16 
another, 1, 41, 16 
coming, 1, 39, 16 
mother, 1, 38, 16 
towards, 1, 42, 16 
morning, 1, 44, 16 
having, 1, 35, 16 
thought, 1, 40, 16 
dublin, 1, 31, 16 
suppose, 1, 46, 16 
looking, 1, 37, 16 
things, 1, 31, 16 
theres, 1, 33, 16 
looked, 1, 35, 16 
martin, 1, 33, 16 
bloody, 1, 35, 16 
second, 1, 39, 16 
lenehan, 1, 43, 16 
nothing, 0, 35, 14 
wouldnt, 0, 37, 14 
wonder, 0, 36, 14 
passed, 0, 35, 14 
citizen, 0, 29, 14 
anything, 0, 41, 14 
corner, 0, 30, 14 
gentleman, 0, 51, 14 
called, 0, 28, 14 
should, 0, 32, 14 
moment, 0, 39, 14 
ireland, 0, 32, 14 
perhaps, 0, 39, 14 
brought, 0, 36, 14 
professor, 0, 44, 14 
people, 0, 33, 14 
couldnt, 0, 34, 14 
letter, 0, 22, 14 
master, 0, 32, 14 
walked, 0, 34, 14 
forward, 0, 35, 14 
remember, 0, 50, 14 
stephens, 0, 44, 14 
private, 0, 31, 14 
pocket, 0, 31, 14 
lovely, 0, 27, 14 
cunningham, 0, 60, 14 
leopold, 0, 35, 14 
believe, 0, 34, 14 
dignam, 0, 36, 14 
myself, 0, 30, 14 
slowly, 0, 29, 14 
conmee, 0, 39, 14 
enough, 0, 37, 14 
others, 0, 29, 14 
window, 0, 37, 14 
wanted, 0, 35, 14 
answered, 0, 48, 14 
blooms, 0, 35, 14 
friend, 0, 26, 14 
matter, 0, 29, 14 
evening, 0, 38, 14 
haines, 0, 32, 14 
across, 0, 31, 14 
talking, 0, 30, 14 
fingers, 0, 31, 14 
number, 0, 37, 14 
waiting, 0, 33, 14 
boylan, 0, 32, 14 
nature, 0, 30, 14 
getting, 0, 31, 14 
rather, 0, 27, 14 
breath, 0, 30, 14 
laughing, 0, 42, 14 
around, 0, 34, 14 
together, 0, 39, 14 
taking, 0, 28, 14 
simply, 0, 30, 14 
church, 0, 32, 14 
brother, 0, 33, 14 
saying, 0, 31, 14 
walking, 0, 36, 14 
married, 0, 36, 14 
 , -1, 4, 16 
